id_permintaan,id_poktan,id_komoditas,tanggal_permintaan,volume_permintaan,harga_satuan_transaksi,fase_musim,curah_hujan_mm,status_data,lag_1w,lag_4w,lag_7w,rolling_mean_4w
211,1,1,2025-02-19,13.96,30501.94,Rendeng,247.03,Cleaned,47.35,27.22,25.63,37.435
241,1,1,2025-02-26,40.77,31701.92,Rendeng,426.04,Cleaned,13.96,55.05,28.78,33.865
271,1,1,2025-03-05,29.73,27120.43,Gadu,26.97,Cleaned,40.77,33.38,26.09,32.9525
301,1,1,2025-03-12,36.75,27806.49,Gadu,47.28,Cleaned,29.73,47.35,27.22,30.302500000000002
331,1,1,2025-03-19,35.35,31783.77,Gadu,67.49,Cleaned,36.75,13.96,55.05,35.65
361,1,1,2025-03-26,26.72,32766.42,Gadu,50.64,Cleaned,35.35,40.77,33.38,32.1375
391,1,1,2025-04-02,30.33,30541.77,Gadu,33.93,Cleaned,26.72,29.73,47.35,32.2875
421,1,1,2025-04-09,45.47,27308.55,Gadu,12.18,Cleaned,30.33,36.75,13.96,34.4675
451,1,1,2025-04-16,39.41,32634.41,Gadu,11.71,Cleaned,45.47,35.35,40.77,35.4825
481,1,1,2025-04-23,44.73,30305.14,Gadu,70.35,Cleaned,39.41,26.72,29.73,39.985
511,1,1,2025-04-30,40.0,29075.3,Gadu,59.57,Cleaned,44.73,30.33,36.75,42.402499999999996
541,1,1,2025-05-07,35.27,27434.68,Gadu,31.73,Cleaned,40.0,45.47,35.35,39.8525
571,1,1,2025-05-14,38.9,28197.25,Gadu,79.74,Cleaned,35.27,39.41,26.72,39.724999999999994
601,1,1,2025-05-21,48.24,29847.79,Gadu,21.69,Cleaned,38.9,44.73,30.33,40.6025
631,1,1,2025-05-28,35.64,28962.2,Gadu,61.69,Cleaned,48.24,40.0,45.47,39.5125
661,1,1,2025-06-04,54.59,30301.36,Gadu,49.71,Cleaned,35.64,35.27,39.41,44.3425
691,1,1,2025-06-11,42.28,30197.75,Gadu,47.8,Cleaned,54.59,38.9,44.73,45.18750000000001
721,1,1,2025-06-18,24.75,31169.71,Gadu,15.66,Cleaned,42.28,48.24,40.0,39.315000000000005
751,1,1,2025-06-25,21.4,27072.72,Gadu,19.6,Cleaned,24.75,35.64,35.27,35.754999999999995
781,1,1,2025-07-02,41.71,31647.8,Bera,70.57,Cleaned,21.4,54.59,38.9,32.535
811,1,1,2025-07-09,36.86,27055.99,Bera,126.11,Cleaned,41.71,42.28,48.24,31.18
841,1,1,2025-07-16,44.0,31413.98,Bera,58.86,Cleaned,36.86,24.75,35.64,35.9925
871,1,1,2025-07-23,39.23,32620.93,Bera,139.98,Cleaned,44.0,21.4,54.59,40.45
901,1,1,2025-07-30,50.44,29282.52,Bera,60.55,Cleaned,39.23,41.71,42.28,42.63249999999999
931,1,1,2025-08-06,35.7,27851.83,Bera,132.6,Cleaned,50.44,36.86,24.75,42.3425
961,1,1,2025-08-13,42.38,30244.19,Bera,137.28,Cleaned,35.7,44.0,21.4,41.9375
991,1,1,2025-08-20,39.41,27033.03,Bera,78.07,Cleaned,42.38,39.23,41.71,41.982499999999995
1021,1,1,2025-08-27,69.36,27262.43,Bera,79.5,Cleaned,39.41,50.44,36.86,46.712500000000006
1051,1,1,2025-09-03,46.5,30617.66,Bera,145.59,Cleaned,69.36,35.7,44.0,49.41250000000001
1081,1,1,2025-09-10,52.24,31587.17,Bera,107.73,Cleaned,46.5,42.38,39.23,51.8775
1111,1,1,2025-09-17,48.03,28928.97,Bera,78.1,Cleaned,52.24,39.41,50.44,54.0325
1141,1,1,2025-09-24,44.49,30998.31,Bera,50.44,Cleaned,48.03,69.36,35.7,47.815000000000005
1171,1,1,2025-10-01,24.84,31643.95,Bera,101.9,Cleaned,44.49,46.5,42.38,42.400000000000006
1201,1,1,2025-10-08,38.51,31077.72,Bera,102.97,Cleaned,24.84,52.24,39.41,38.9675
1231,1,1,2025-10-15,30.97,29354.75,Bera,141.95,Cleaned,38.51,48.03,69.36,34.7025
1261,1,1,2025-10-22,26.58,27008.84,Bera,80.42,Cleaned,30.97,44.49,46.5,30.225
1291,1,1,2025-10-29,20.95,31229.23,Bera,51.14,Cleaned,26.58,24.84,52.24,29.2525
1321,1,1,2025-11-05,55.93,31227.33,Rendeng,244.84,Cleaned,20.95,38.51,48.03,33.6075
1351,1,1,2025-11-12,32.66,28195.62,Rendeng,260.51,Cleaned,55.93,30.97,44.49,34.03
1381,1,1,2025-11-19,40.03,31110.81,Rendeng,366.05,Cleaned,32.66,26.58,24.84,37.3925
1411,1,1,2025-11-26,8.05,32223.16,Rendeng,242.92,Cleaned,40.03,20.95,38.51,34.167500000000004
1441,1,1,2025-12-03,53.34,27050.18,Rendeng,380.68,Cleaned,8.05,55.93,30.97,33.52
1471,1,1,2025-12-10,48.25,31889.64,Rendeng,348.83,Cleaned,53.34,32.66,26.58,37.417500000000004
1501,1,1,2025-12-17,51.37,31290.6,Rendeng,445.28,Cleaned,48.25,40.03,20.95,40.252500000000005
1531,1,1,2025-12-24,36.09,27426.21,Rendeng,404.24,Cleaned,51.37,8.05,55.93,47.2625
1561,1,1,2025-12-31,1.0,32029.38,Rendeng,385.41,Cleaned,36.09,53.34,32.66,34.17750000000001
1591,1,1,2026-01-07,41.83,29808.41,Rendeng,251.89,Cleaned,1.0,48.25,40.03,32.572500000000005
1621,1,1,2026-01-14,27.35,32780.16,Rendeng,384.77,Cleaned,41.83,51.37,8.05,26.567500000000003
1651,1,1,2026-01-21,44.73,31925.89,Rendeng,383.25,Cleaned,27.35,36.09,53.34,28.7275
1681,1,1,2026-01-28,25.22,30938.46,Rendeng,318.9,Cleaned,44.73,1.0,48.25,34.7825
1711,1,1,2026-02-04,37.81,30084.57,Rendeng,262.79,Cleaned,25.22,41.83,51.37,33.7775
1741,1,1,2026-02-11,52.43,31833.89,Rendeng,212.64,Cleaned,37.81,27.35,36.09,40.0475
1771,1,1,2026-02-18,64.79,29467.14,Rendeng,272.36,Cleaned,52.43,44.73,1.0,45.06250000000001
1801,1,1,2026-02-25,26.95,30152.82,Rendeng,235.82,Cleaned,64.79,25.22,41.83,45.495000000000005
1831,1,1,2026-03-04,44.6,29999.75,Gadu,59.04,Cleaned,26.95,37.81,27.35,47.19250000000001
1861,1,1,2026-03-11,27.76,32299.64,Gadu,34.83,Cleaned,44.6,52.43,44.73,41.025000000000006
1891,1,1,2026-03-18,30.67,29639.13,Gadu,78.78,Cleaned,27.76,64.79,25.22,32.495000000000005
1921,1,1,2026-03-25,32.83,27463.13,Gadu,76.22,Cleaned,30.67,26.95,37.81,33.965
1951,1,1,2026-04-01,27.32,27798.06,Gadu,19.47,Cleaned,32.83,44.6,52.43,29.645000000000003
1981,1,1,2026-04-08,31.86,28191.87,Gadu,50.05,Cleaned,27.32,27.76,64.79,30.67
2011,1,1,2026-04-15,28.83,29431.95,Gadu,55.17,Cleaned,31.86,30.67,26.95,30.21
2041,1,1,2026-04-22,22.95,31322.3,Gadu,68.55,Cleaned,28.83,32.83,44.6,27.740000000000002
2071,1,1,2026-04-29,34.19,28317.81,Gadu,13.83,Cleaned,22.95,27.32,27.76,29.457500000000003
2101,1,1,2026-05-06,34.02,30809.44,Gadu,21.5,Cleaned,34.19,31.86,30.67,29.997500000000002
2131,1,1,2026-05-13,52.74,29292.74,Gadu,20.4,Cleaned,34.02,28.83,32.83,35.97500000000001
2161,1,1,2026-05-20,32.22,29602.17,Gadu,63.35,Cleaned,52.74,22.95,27.32,38.292500000000004
2191,1,1,2026-05-27,44.41,30212.09,Gadu,40.12,Cleaned,32.22,34.19,31.86,40.847500000000004
2221,1,1,2026-06-03,66.05,28419.66,Gadu,78.07,Cleaned,44.41,34.02,28.83,48.855000000000004
2251,1,1,2026-06-10,26.7,30490.33,Gadu,75.28,Cleaned,66.05,52.74,22.95,42.345
2281,1,1,2026-06-17,50.63,28083.95,Gadu,66.13,Cleaned,26.7,32.22,34.19,46.947500000000005
2311,1,1,2026-06-24,20.66,27997.11,Gadu,64.6,Cleaned,50.63,44.41,34.02,41.01
2341,1,1,2026-07-01,34.76,28545.79,Bera,131.07,Cleaned,20.66,66.05,52.74,33.1875
2371,1,1,2026-07-08,36.94,29120.84,Bera,77.35,Cleaned,34.76,26.7,32.22,35.7475
2401,1,1,2026-07-15,33.09,31362.11,Bera,131.16,Cleaned,36.94,50.63,44.41,31.362500000000004
2431,1,1,2026-07-22,31.45,28560.29,Bera,57.53,Cleaned,33.09,20.66,66.05,34.06
2461,1,1,2026-07-29,42.05,28154.96,Bera,137.71,Cleaned,31.45,34.76,26.7,35.88250000000001
2491,1,1,2026-08-05,48.63,27879.69,Bera,125.9,Cleaned,42.05,36.94,50.63,38.80500000000001
2521,1,1,2026-08-12,56.04,29580.86,Bera,141.02,Cleaned,48.63,33.09,20.66,44.542500000000004
2551,1,1,2026-08-19,50.25,28043.78,Bera,94.59,Cleaned,56.04,31.45,34.76,49.24250000000001
2581,1,1,2026-08-26,58.64,30517.41,Bera,130.08,Cleaned,50.25,42.05,36.94,53.39
212,1,2,2025-02-19,29.16,27466.41,Rendeng,247.03,Cleaned,41.54,42.79,37.93,35.339999999999996
242,1,2,2025-02-26,12.07,29379.26,Rendeng,426.04,Cleaned,29.16,34.69,31.4,29.685
272,1,2,2025-03-05,19.85,28932.47,Gadu,26.97,Cleaned,12.07,35.97,24.31,25.655
302,1,2,2025-03-12,30.38,27380.25,Gadu,47.28,Cleaned,19.85,41.54,42.79,22.865000000000002
332,1,2,2025-03-19,24.45,27899.5,Gadu,67.49,Cleaned,30.38,29.16,34.69,21.6875
362,1,2,2025-03-26,39.98,27891.98,Gadu,50.64,Cleaned,24.45,12.07,35.97,28.665
392,1,2,2025-04-02,19.99,28608.38,Gadu,33.93,Cleaned,39.98,19.85,41.54,28.7
422,1,2,2025-04-09,18.84,29978.2,Gadu,12.18,Cleaned,19.99,30.38,29.16,25.814999999999998
452,1,2,2025-04-16,45.68,31792.7,Gadu,11.71,Cleaned,18.84,24.45,12.07,31.122500000000002
482,1,2,2025-04-23,45.87,27521.92,Gadu,70.35,Cleaned,45.68,39.98,19.85,32.595
512,1,2,2025-04-30,27.34,30725.49,Gadu,59.57,Cleaned,45.87,19.99,30.38,34.4325
542,1,2,2025-05-07,34.35,29354.96,Gadu,31.73,Cleaned,27.34,18.84,24.45,38.31
572,1,2,2025-05-14,35.86,31081.37,Gadu,79.74,Cleaned,34.35,45.68,39.98,35.855
602,1,2,2025-05-21,47.31,32065.02,Gadu,21.69,Cleaned,35.86,45.87,19.99,36.215
632,1,2,2025-05-28,44.63,31005.56,Gadu,61.69,Cleaned,47.31,27.34,18.84,40.5375
662,1,2,2025-06-04,33.84,27260.48,Gadu,49.71,Cleaned,44.63,34.35,45.68,40.410000000000004
692,1,2,2025-06-11,43.27,28946.0,Gadu,47.8,Cleaned,33.84,35.86,45.87,42.2625
722,1,2,2025-06-18,30.95,29076.6,Gadu,15.66,Cleaned,43.27,47.31,27.34,38.1725
752,1,2,2025-06-25,36.52,28447.21,Gadu,19.6,Cleaned,30.95,44.63,34.35,36.145
782,1,2,2025-07-02,25.0,30863.43,Bera,70.57,Cleaned,36.52,33.84,35.86,33.935
812,1,2,2025-07-09,21.9,28480.07,Bera,126.11,Cleaned,25.0,43.27,47.31,28.5925
842,1,2,2025-07-16,20.44,32990.09,Bera,58.86,Cleaned,21.9,30.95,44.63,25.965
872,1,2,2025-07-23,39.97,27313.55,Bera,139.98,Cleaned,20.44,36.52,33.84,26.8275
902,1,2,2025-07-30,39.86,31653.67,Bera,60.55,Cleaned,39.97,25.0,43.27,30.5425
932,1,2,2025-08-06,30.81,29087.65,Bera,132.6,Cleaned,39.86,21.9,30.95,32.77
962,1,2,2025-08-13,27.91,27579.21,Bera,137.28,Cleaned,30.81,20.44,36.52,34.6375
992,1,2,2025-08-20,19.48,27045.98,Bera,78.07,Cleaned,27.91,39.97,25.0,29.515
1022,1,2,2025-08-27,29.57,27738.02,Bera,79.5,Cleaned,19.48,39.86,21.9,26.9425
1052,1,2,2025-09-03,31.15,31960.24,Bera,145.59,Cleaned,29.57,30.81,20.44,27.0275
1082,1,2,2025-09-10,31.12,30441.17,Bera,107.73,Cleaned,31.15,27.91,39.97,27.83
1112,1,2,2025-09-17,32.6,29858.62,Bera,78.1,Cleaned,31.12,19.48,39.86,31.11
1142,1,2,2025-09-24,26.14,32796.29,Bera,50.44,Cleaned,32.6,29.57,30.81,30.2525
1172,1,2,2025-10-01,46.19,31637.53,Bera,101.9,Cleaned,26.14,31.15,27.91,34.0125
1202,1,2,2025-10-08,17.73,27457.44,Bera,102.97,Cleaned,46.19,31.12,19.48,30.665
1232,1,2,2025-10-15,48.34,31525.59,Bera,141.95,Cleaned,17.73,32.6,29.57,34.6
1262,1,2,2025-10-22,26.84,31376.07,Bera,80.42,Cleaned,48.34,26.14,31.15,34.775
1292,1,2,2025-10-29,30.91,31902.77,Bera,51.14,Cleaned,26.84,46.19,31.12,30.955000000000002
1322,1,2,2025-11-05,28.25,29536.37,Rendeng,244.84,Cleaned,30.91,17.73,32.6,33.585
1352,1,2,2025-11-12,37.35,32264.82,Rendeng,260.51,Cleaned,28.25,48.34,26.14,30.8375
1382,1,2,2025-11-19,36.33,27662.59,Rendeng,366.05,Cleaned,37.35,26.84,46.19,33.21
1412,1,2,2025-11-26,34.65,30788.51,Rendeng,242.92,Cleaned,36.33,30.91,17.73,34.144999999999996
1442,1,2,2025-12-03,44.67,28306.0,Rendeng,380.68,Cleaned,34.65,28.25,48.34,38.25
1472,1,2,2025-12-10,21.82,31668.15,Rendeng,348.83,Cleaned,44.67,37.35,26.84,34.3675
1502,1,2,2025-12-17,40.32,30558.95,Rendeng,445.28,Cleaned,21.82,36.33,30.91,35.364999999999995
1532,1,2,2025-12-24,26.86,28264.76,Rendeng,404.24,Cleaned,40.32,34.65,28.25,33.417500000000004
1562,1,2,2025-12-31,19.36,29168.42,Rendeng,385.41,Cleaned,26.86,44.67,37.35,27.09
1592,1,2,2026-01-07,32.67,29797.8,Rendeng,251.89,Cleaned,19.36,21.82,36.33,29.8025
1622,1,2,2026-01-14,24.43,27061.71,Rendeng,384.77,Cleaned,32.67,40.32,34.65,25.83
1652,1,2,2026-01-21,36.69,30399.63,Rendeng,383.25,Cleaned,24.43,26.86,44.67,28.2875
1682,1,2,2026-01-28,31.37,32826.91,Rendeng,318.9,Cleaned,36.69,19.36,21.82,31.29
1712,1,2,2026-02-04,47.27,28850.81,Rendeng,262.79,Cleaned,31.37,32.67,40.32,34.94
1742,1,2,2026-02-11,31.82,28345.91,Rendeng,212.64,Cleaned,47.27,24.43,26.86,36.7875
1772,1,2,2026-02-18,28.2,29564.92,Rendeng,272.36,Cleaned,31.82,36.69,19.36,34.665
1802,1,2,2026-02-25,45.38,31187.0,Rendeng,235.82,Cleaned,28.2,31.37,32.67,38.167500000000004
1832,1,2,2026-03-04,38.37,31381.5,Gadu,59.04,Cleaned,45.38,47.27,24.43,35.9425
1862,1,2,2026-03-11,32.13,29488.95,Gadu,34.83,Cleaned,38.37,31.82,36.69,36.02
1892,1,2,2026-03-18,30.43,30863.74,Gadu,78.78,Cleaned,32.13,28.2,31.37,36.5775
1922,1,2,2026-03-25,43.14,28019.32,Gadu,76.22,Cleaned,30.43,45.38,47.27,36.0175
1952,1,2,2026-04-01,51.53,27952.42,Gadu,19.47,Cleaned,43.14,38.37,31.82,39.3075
1982,1,2,2026-04-08,26.41,28481.14,Gadu,50.05,Cleaned,51.53,32.13,28.2,37.8775
2012,1,2,2026-04-15,42.55,28614.97,Gadu,55.17,Cleaned,26.41,30.43,45.38,40.9075
2042,1,2,2026-04-22,36.81,30066.68,Gadu,68.55,Cleaned,42.55,43.14,38.37,39.325
2072,1,2,2026-04-29,20.62,27001.36,Gadu,13.83,Cleaned,36.81,51.53,32.13,31.597500000000004
2102,1,2,2026-05-06,37.61,27743.08,Gadu,21.5,Cleaned,20.62,26.41,30.43,34.3975
2132,1,2,2026-05-13,38.56,27793.61,Gadu,20.4,Cleaned,37.61,42.55,43.14,33.400000000000006
2162,1,2,2026-05-20,45.69,32090.83,Gadu,63.35,Cleaned,38.56,36.81,51.53,35.620000000000005
2192,1,2,2026-05-27,25.95,30811.94,Gadu,40.12,Cleaned,45.69,20.62,26.41,36.9525
2222,1,2,2026-06-03,38.53,29900.99,Gadu,78.07,Cleaned,25.95,37.61,42.55,37.182500000000005
2252,1,2,2026-06-10,36.76,31598.08,Gadu,75.28,Cleaned,38.53,38.56,36.81,36.7325
2282,1,2,2026-06-17,32.67,32686.12,Gadu,66.13,Cleaned,36.76,45.69,20.62,33.4775
2312,1,2,2026-06-24,32.95,28996.38,Gadu,64.6,Cleaned,32.67,25.95,37.61,35.2275
2342,1,2,2026-07-01,34.87,29699.66,Bera,131.07,Cleaned,32.95,38.53,38.56,34.3125
2372,1,2,2026-07-08,29.18,28893.8,Bera,77.35,Cleaned,34.87,36.76,45.69,32.417500000000004
2402,1,2,2026-07-15,16.05,31157.52,Bera,131.16,Cleaned,29.18,32.67,25.95,28.2625
2432,1,2,2026-07-22,30.42,29310.35,Bera,57.53,Cleaned,16.05,32.95,38.53,27.63
2462,1,2,2026-07-29,18.22,27611.27,Bera,137.71,Cleaned,30.42,34.87,36.76,23.4675
2492,1,2,2026-08-05,34.63,30875.57,Bera,125.9,Cleaned,18.22,29.18,32.67,24.83
2522,1,2,2026-08-12,20.43,29626.59,Bera,141.02,Cleaned,34.63,16.05,32.95,25.924999999999997
2552,1,2,2026-08-19,44.16,29167.3,Bera,94.59,Cleaned,20.43,30.42,34.87,29.36
2582,1,2,2026-08-26,30.56,29954.2,Bera,130.08,Cleaned,44.16,18.22,29.18,32.445
213,1,3,2025-02-19,25.44,28857.17,Rendeng,247.03,Cleaned,18.24,29.75,25.01,24.875
243,1,3,2025-02-26,29.87,32697.12,Rendeng,426.04,Cleaned,25.44,24.69,19.76,26.17
273,1,3,2025-03-05,18.6,27718.57,Gadu,26.97,Cleaned,29.87,31.13,18.51,23.0375
303,1,3,2025-03-12,18.91,31089.02,Gadu,47.28,Cleaned,18.6,18.24,29.75,23.205000000000002
333,1,3,2025-03-19,28.32,31320.22,Gadu,67.49,Cleaned,18.91,25.44,24.69,23.925
363,1,3,2025-03-26,17.54,32981.25,Gadu,50.64,Cleaned,28.32,29.87,31.13,20.8425
393,1,3,2025-04-02,14.21,30312.28,Gadu,33.93,Cleaned,17.54,18.6,18.24,19.745
423,1,3,2025-04-09,11.38,31625.47,Gadu,12.18,Cleaned,14.21,18.91,25.44,17.8625
453,1,3,2025-04-16,19.5,29879.25,Gadu,11.71,Cleaned,11.38,28.32,29.87,15.6575
483,1,3,2025-04-23,10.97,28558.52,Gadu,70.35,Cleaned,19.5,17.54,18.6,14.015
513,1,3,2025-04-30,19.21,31549.58,Gadu,59.57,Cleaned,10.97,14.21,18.91,15.264999999999999
543,1,3,2025-05-07,40.19,28749.98,Gadu,31.73,Cleaned,19.21,11.38,28.32,22.4675
573,1,3,2025-05-14,21.3,32209.64,Gadu,79.74,Cleaned,40.19,19.5,17.54,22.9175
603,1,3,2025-05-21,25.59,32209.63,Gadu,21.69,Cleaned,21.3,10.97,14.21,26.572499999999998
633,1,3,2025-05-28,27.21,31786.88,Gadu,61.69,Cleaned,25.59,19.21,11.38,28.572499999999998
663,1,3,2025-06-04,26.34,30609.67,Gadu,49.71,Cleaned,27.21,40.19,19.5,25.11
693,1,3,2025-06-11,31.58,32964.84,Gadu,47.8,Cleaned,26.34,21.3,10.97,27.68
723,1,3,2025-06-18,23.43,31934.88,Gadu,15.66,Cleaned,31.58,25.59,19.21,27.139999999999997
753,1,3,2025-06-25,22.97,27658.42,Gadu,19.6,Cleaned,23.43,27.21,40.19,26.08
783,1,3,2025-07-02,19.04,32810.93,Bera,70.57,Cleaned,22.97,26.34,21.3,24.255
813,1,3,2025-07-09,21.63,31800.43,Bera,126.11,Cleaned,19.04,31.58,25.59,21.7675
843,1,3,2025-07-16,24.39,29527.49,Bera,58.86,Cleaned,21.63,23.43,27.21,22.0075
873,1,3,2025-07-23,12.26,31384.93,Bera,139.98,Cleaned,24.39,22.97,26.34,19.330000000000002
903,1,3,2025-07-30,10.4,31757.13,Bera,60.55,Cleaned,12.26,19.04,31.58,17.169999999999998
933,1,3,2025-08-06,34.26,30906.89,Bera,132.6,Cleaned,10.4,21.63,23.43,20.3275
963,1,3,2025-08-13,10.03,30590.14,Bera,137.28,Cleaned,34.26,24.39,22.97,16.7375
993,1,3,2025-08-20,20.94,31815.51,Bera,78.07,Cleaned,10.03,12.26,19.04,18.9075
1023,1,3,2025-08-27,9.51,31375.04,Bera,79.5,Cleaned,20.94,10.4,21.63,18.685
1053,1,3,2025-09-03,22.33,29313.07,Bera,145.59,Cleaned,9.51,34.26,24.39,15.7025
1083,1,3,2025-09-10,31.15,32358.54,Bera,107.73,Cleaned,22.33,10.03,12.26,20.9825
1113,1,3,2025-09-17,27.48,32873.89,Bera,78.1,Cleaned,31.15,20.94,10.4,22.6175
1143,1,3,2025-09-24,15.77,27632.19,Bera,50.44,Cleaned,27.48,9.51,34.26,24.182499999999997
1173,1,3,2025-10-01,26.11,27753.3,Bera,101.9,Cleaned,15.77,22.33,10.03,25.127500000000005
1203,1,3,2025-10-08,28.9,29757.99,Bera,102.97,Cleaned,26.11,31.15,20.94,24.565
1233,1,3,2025-10-15,10.15,31725.29,Bera,141.95,Cleaned,28.9,27.48,9.51,20.2325
1263,1,3,2025-10-22,31.5,32090.55,Bera,80.42,Cleaned,10.15,15.77,22.33,24.165
1293,1,3,2025-10-29,26.54,27310.01,Bera,51.14,Cleaned,31.5,26.11,31.15,24.2725
1323,1,3,2025-11-05,15.4,28585.66,Rendeng,244.84,Cleaned,26.54,28.9,27.48,20.8975
1353,1,3,2025-11-12,17.65,28624.84,Rendeng,260.51,Cleaned,15.4,10.15,15.77,22.7725
1383,1,3,2025-11-19,16.1,28499.74,Rendeng,366.05,Cleaned,17.65,31.5,26.11,18.9225
1413,1,3,2025-11-26,16.06,30633.83,Rendeng,242.92,Cleaned,16.1,26.54,28.9,16.302500000000002
1443,1,3,2025-12-03,21.63,27031.88,Rendeng,380.68,Cleaned,16.06,15.4,10.15,17.86
1473,1,3,2025-12-10,18.25,27530.31,Rendeng,348.83,Cleaned,21.63,17.65,31.5,18.01
1503,1,3,2025-12-17,22.62,31048.72,Rendeng,445.28,Cleaned,18.25,16.1,26.54,19.64
1533,1,3,2025-12-24,21.85,28611.37,Rendeng,404.24,Cleaned,22.62,16.06,15.4,21.087500000000002
1563,1,3,2025-12-31,21.19,28969.4,Rendeng,385.41,Cleaned,21.85,21.63,17.65,20.977500000000003
1593,1,3,2026-01-07,18.88,29923.59,Rendeng,251.89,Cleaned,21.19,18.25,16.1,21.135
1623,1,3,2026-01-14,29.94,30736.14,Rendeng,384.77,Cleaned,18.88,22.62,16.06,22.965000000000003
1653,1,3,2026-01-21,28.15,29397.11,Rendeng,383.25,Cleaned,29.94,21.85,21.63,24.540000000000003
1683,1,3,2026-01-28,35.01,27410.7,Rendeng,318.9,Cleaned,28.15,21.19,18.25,27.994999999999997
1713,1,3,2026-02-04,10.49,27235.62,Rendeng,262.79,Cleaned,35.01,18.88,22.62,25.8975
1743,1,3,2026-02-11,27.48,32582.39,Rendeng,212.64,Cleaned,10.49,29.94,21.85,25.2825
1773,1,3,2026-02-18,28.01,32103.45,Rendeng,272.36,Cleaned,27.48,28.15,21.19,25.2475
1803,1,3,2026-02-25,23.85,31058.17,Rendeng,235.82,Cleaned,28.01,35.01,18.88,22.457500000000003
1833,1,3,2026-03-04,14.89,27154.14,Gadu,59.04,Cleaned,23.85,10.49,29.94,23.557500000000005
1863,1,3,2026-03-11,34.04,29652.2,Gadu,34.83,Cleaned,14.89,27.48,28.15,25.1975
1893,1,3,2026-03-18,19.27,30596.77,Gadu,78.78,Cleaned,34.04,28.01,35.01,23.0125
1923,1,3,2026-03-25,11.74,29148.84,Gadu,76.22,Cleaned,19.27,23.85,10.49,19.985000000000003
1953,1,3,2026-04-01,19.05,31015.31,Gadu,19.47,Cleaned,11.74,14.89,27.48,21.025000000000002
1983,1,3,2026-04-08,26.69,30527.95,Gadu,50.05,Cleaned,19.05,34.04,28.01,19.1875
2013,1,3,2026-04-15,27.21,32455.52,Gadu,55.17,Cleaned,26.69,19.27,23.85,21.172500000000003
2043,1,3,2026-04-22,17.12,31972.25,Gadu,68.55,Cleaned,27.21,11.74,14.89,22.5175
2073,1,3,2026-04-29,18.13,27722.18,Gadu,13.83,Cleaned,17.12,19.05,34.04,22.2875
2103,1,3,2026-05-06,26.43,30267.79,Gadu,21.5,Cleaned,18.13,26.69,19.27,22.2225
2133,1,3,2026-05-13,18.82,28799.39,Gadu,20.4,Cleaned,26.43,27.21,11.74,20.125
2163,1,3,2026-05-20,31.34,32645.95,Gadu,63.35,Cleaned,18.82,17.12,19.05,23.68
2193,1,3,2026-05-27,19.06,27248.98,Gadu,40.12,Cleaned,31.34,18.13,26.69,23.9125
2223,1,3,2026-06-03,17.81,27636.96,Gadu,78.07,Cleaned,19.06,26.43,27.21,21.7575
2253,1,3,2026-06-10,29.74,30892.1,Gadu,75.28,Cleaned,17.81,18.82,17.12,24.4875
2283,1,3,2026-06-17,18.4,31537.15,Gadu,66.13,Cleaned,29.74,31.34,18.13,21.252499999999998
2313,1,3,2026-06-24,21.86,32928.74,Gadu,64.6,Cleaned,18.4,19.06,26.43,21.952499999999997
2343,1,3,2026-07-01,30.64,32972.53,Bera,131.07,Cleaned,21.86,17.81,18.82,25.16
2373,1,3,2026-07-08,9.08,28153.55,Bera,77.35,Cleaned,30.64,29.74,31.34,19.994999999999997
2403,1,3,2026-07-15,30.58,32490.59,Bera,131.16,Cleaned,9.08,18.4,19.06,23.04
2433,1,3,2026-07-22,24.09,32009.84,Bera,57.53,Cleaned,30.58,21.86,17.81,23.5975
2463,1,3,2026-07-29,21.61,29054.37,Bera,137.71,Cleaned,24.09,30.64,29.74,21.34
2493,1,3,2026-08-05,19.0,31100.58,Bera,125.9,Cleaned,21.61,9.08,18.4,23.82
2523,1,3,2026-08-12,30.48,32617.06,Bera,141.02,Cleaned,19.0,30.58,21.86,23.794999999999998
2553,1,3,2026-08-19,18.83,29169.24,Bera,94.59,Cleaned,30.48,24.09,30.64,22.48
2583,1,3,2026-08-26,21.96,28474.91,Bera,130.08,Cleaned,18.83,21.61,9.08,22.567500000000003
214,1,4,2025-02-19,33.06,37196.57,Rendeng,247.03,Cleaned,21.1,23.77,27.57,24.4125
244,1,4,2025-02-26,23.25,32529.51,Rendeng,426.04,Cleaned,33.06,22.27,19.98,24.657500000000002
274,1,4,2025-03-05,14.29,37733.69,Gadu,26.97,Cleaned,23.25,21.22,21.18,22.925000000000004
304,1,4,2025-03-12,25.98,36821.6,Gadu,47.28,Cleaned,14.29,21.1,23.77,24.145
334,1,4,2025-03-19,15.3,35988.03,Gadu,67.49,Cleaned,25.98,33.06,22.27,19.705
364,1,4,2025-03-26,20.11,35015.37,Gadu,50.64,Cleaned,15.3,23.25,21.22,18.92
394,1,4,2025-04-02,32.29,34552.89,Gadu,33.93,Cleaned,20.11,14.29,21.1,23.42
424,1,4,2025-04-09,27.42,32246.19,Gadu,12.18,Cleaned,32.29,25.98,33.06,23.78
454,1,4,2025-04-16,30.1,35892.54,Gadu,11.71,Cleaned,27.42,15.3,23.25,27.48
484,1,4,2025-04-23,13.17,36563.94,Gadu,70.35,Cleaned,30.1,20.11,14.29,25.745
514,1,4,2025-04-30,23.55,31672.11,Gadu,59.57,Cleaned,13.17,32.29,25.98,23.56
544,1,4,2025-05-07,18.01,36364.87,Gadu,31.73,Cleaned,23.55,27.42,15.3,21.2075
574,1,4,2025-05-14,10.56,36590.18,Gadu,79.74,Cleaned,18.01,30.1,20.11,16.3225
604,1,4,2025-05-21,29.4,32940.89,Gadu,21.69,Cleaned,10.56,13.17,32.29,20.38
634,1,4,2025-05-28,25.6,34549.08,Gadu,61.69,Cleaned,29.4,23.55,27.42,20.8925
664,1,4,2025-06-04,22.04,37234.32,Gadu,49.71,Cleaned,25.6,18.01,30.1,21.9
694,1,4,2025-06-11,13.48,36132.87,Gadu,47.8,Cleaned,22.04,10.56,13.17,22.63
724,1,4,2025-06-18,22.24,32427.67,Gadu,15.66,Cleaned,13.48,29.4,23.55,20.84
754,1,4,2025-06-25,24.83,35335.72,Gadu,19.6,Cleaned,22.24,25.6,18.01,20.6475
784,1,4,2025-07-02,21.4,37091.0,Bera,70.57,Cleaned,24.83,22.04,10.56,20.487499999999997
814,1,4,2025-07-09,15.76,32928.25,Bera,126.11,Cleaned,21.4,13.48,29.4,21.057499999999997
844,1,4,2025-07-16,24.81,35953.24,Bera,58.86,Cleaned,15.76,22.24,25.6,21.7
874,1,4,2025-07-23,17.8,38369.08,Bera,139.98,Cleaned,24.81,24.83,22.04,19.9425
904,1,4,2025-07-30,22.43,35543.15,Bera,60.55,Cleaned,17.8,21.4,13.48,20.2
934,1,4,2025-08-06,19.11,35846.5,Bera,132.6,Cleaned,22.43,15.76,22.24,21.037499999999998
964,1,4,2025-08-13,19.27,33580.66,Bera,137.28,Cleaned,19.11,24.81,24.83,19.6525
994,1,4,2025-08-20,16.38,35504.34,Bera,78.07,Cleaned,19.27,17.8,21.4,19.2975
1024,1,4,2025-08-27,25.8,36066.04,Bera,79.5,Cleaned,16.38,22.43,15.76,20.14
1054,1,4,2025-09-03,24.0,33882.71,Bera,145.59,Cleaned,25.8,19.11,24.81,21.362499999999997
1084,1,4,2025-09-10,19.86,31937.2,Bera,107.73,Cleaned,24.0,19.27,17.8,21.509999999999998
1114,1,4,2025-09-17,13.29,35724.45,Bera,78.1,Cleaned,19.86,16.38,22.43,20.7375
1144,1,4,2025-09-24,27.87,36972.77,Bera,50.44,Cleaned,13.29,25.8,19.11,21.255
1174,1,4,2025-10-01,21.28,31618.63,Bera,101.9,Cleaned,27.87,24.0,19.27,20.575
1204,1,4,2025-10-08,17.23,35326.04,Bera,102.97,Cleaned,21.28,19.86,16.38,19.9175
1234,1,4,2025-10-15,27.55,33257.01,Bera,141.95,Cleaned,17.23,13.29,25.8,23.482499999999998
1264,1,4,2025-10-22,26.36,34458.4,Bera,80.42,Cleaned,27.55,27.87,24.0,23.105
1294,1,4,2025-10-29,21.47,35033.57,Bera,51.14,Cleaned,26.36,21.28,19.86,23.1525
1324,1,4,2025-11-05,10.61,32937.33,Rendeng,244.84,Cleaned,21.47,17.23,13.29,21.4975
1354,1,4,2025-11-12,16.77,33232.92,Rendeng,260.51,Cleaned,10.61,27.55,27.87,18.802500000000002
1384,1,4,2025-11-19,14.06,35105.04,Rendeng,366.05,Cleaned,16.77,26.36,21.28,15.727500000000001
1414,1,4,2025-11-26,21.7,32320.43,Rendeng,242.92,Cleaned,14.06,21.47,17.23,15.784999999999998
1444,1,4,2025-12-03,34.55,37131.46,Rendeng,380.68,Cleaned,21.7,10.61,27.55,21.77
1474,1,4,2025-12-10,24.85,36392.64,Rendeng,348.83,Cleaned,34.55,16.77,26.36,23.79
1504,1,4,2025-12-17,17.01,36242.72,Rendeng,445.28,Cleaned,24.85,14.06,21.47,24.5275
1534,1,4,2025-12-24,11.33,32206.85,Rendeng,404.24,Cleaned,17.01,21.7,10.61,21.935
1564,1,4,2025-12-31,27.85,34677.93,Rendeng,385.41,Cleaned,11.33,34.55,16.77,20.26
1594,1,4,2026-01-07,24.06,34509.9,Rendeng,251.89,Cleaned,27.85,24.85,14.06,20.0625
1624,1,4,2026-01-14,27.74,38430.76,Rendeng,384.77,Cleaned,24.06,17.01,21.7,22.744999999999997
1654,1,4,2026-01-21,22.99,33787.56,Rendeng,383.25,Cleaned,27.74,11.33,34.55,25.66
1684,1,4,2026-01-28,24.32,34423.67,Rendeng,318.9,Cleaned,22.99,27.85,24.85,24.777499999999996
1714,1,4,2026-02-04,25.98,33403.99,Rendeng,262.79,Cleaned,24.32,24.06,17.01,25.2575
1744,1,4,2026-02-11,17.67,32167.53,Rendeng,212.64,Cleaned,25.98,27.74,11.33,22.74
1774,1,4,2026-02-18,9.2,32910.7,Rendeng,272.36,Cleaned,17.67,22.99,27.85,19.2925
1804,1,4,2026-02-25,22.12,36257.43,Rendeng,235.82,Cleaned,9.2,24.32,24.06,18.7425
1834,1,4,2026-03-04,24.01,33491.79,Gadu,59.04,Cleaned,22.12,25.98,27.74,18.25
1864,1,4,2026-03-11,14.06,36037.63,Gadu,34.83,Cleaned,24.01,17.67,22.99,17.3475
1894,1,4,2026-03-18,20.22,37816.82,Gadu,78.78,Cleaned,14.06,9.2,24.32,20.1025
1924,1,4,2026-03-25,21.91,38426.54,Gadu,76.22,Cleaned,20.22,22.12,25.98,20.05
1954,1,4,2026-04-01,13.7,34886.62,Gadu,19.47,Cleaned,21.91,24.01,17.67,17.472499999999997
1984,1,4,2026-04-08,9.51,34485.5,Gadu,50.05,Cleaned,13.7,14.06,9.2,16.335
2014,1,4,2026-04-15,17.13,34091.63,Gadu,55.17,Cleaned,9.51,20.22,22.12,15.5625
2044,1,4,2026-04-22,35.72,37306.94,Gadu,68.55,Cleaned,17.13,21.91,24.01,19.015
2074,1,4,2026-04-29,24.46,31973.23,Gadu,13.83,Cleaned,35.72,13.7,14.06,21.705
2104,1,4,2026-05-06,18.18,32045.0,Gadu,21.5,Cleaned,24.46,9.51,20.22,23.8725
2134,1,4,2026-05-13,16.65,35999.57,Gadu,20.4,Cleaned,18.18,17.13,21.91,23.752499999999998
2164,1,4,2026-05-20,17.63,35862.47,Gadu,63.35,Cleaned,16.65,35.72,13.7,19.23
2194,1,4,2026-05-27,17.27,33754.47,Gadu,40.12,Cleaned,17.63,24.46,9.51,17.432499999999997
2224,1,4,2026-06-03,20.35,37362.31,Gadu,78.07,Cleaned,17.27,18.18,17.13,17.975
2254,1,4,2026-06-10,19.65,37794.74,Gadu,75.28,Cleaned,20.35,16.65,35.72,18.725
2284,1,4,2026-06-17,14.21,34256.29,Gadu,66.13,Cleaned,19.65,17.63,24.46,17.87
2314,1,4,2026-06-24,24.27,34896.61,Gadu,64.6,Cleaned,14.21,17.27,18.18,19.62
2344,1,4,2026-07-01,26.89,33512.58,Bera,131.07,Cleaned,24.27,20.35,16.65,21.255
2374,1,4,2026-07-08,20.51,33666.29,Bera,77.35,Cleaned,26.89,19.65,17.63,21.470000000000002
2404,1,4,2026-07-15,31.33,32594.53,Bera,131.16,Cleaned,20.51,14.21,17.27,25.75
2434,1,4,2026-07-22,24.87,36472.46,Bera,57.53,Cleaned,31.33,24.27,20.35,25.900000000000002
2464,1,4,2026-07-29,28.64,35325.33,Bera,137.71,Cleaned,24.87,26.89,19.65,26.337500000000002
2494,1,4,2026-08-05,18.24,35655.79,Bera,125.9,Cleaned,28.64,20.51,14.21,25.77
2524,1,4,2026-08-12,16.25,38085.26,Bera,141.02,Cleaned,18.24,31.33,24.27,22.0
2554,1,4,2026-08-19,22.4,35243.6,Bera,94.59,Cleaned,16.25,24.87,26.89,21.3825
2584,1,4,2026-08-26,12.43,37903.9,Bera,130.08,Cleaned,22.4,28.64,20.51,17.33
215,1,5,2025-02-19,8.43,27054.64,Rendeng,247.03,Cleaned,10.47,10.69,9.53,10.81
245,1,5,2025-02-26,11.49,23791.22,Rendeng,426.04,Cleaned,8.43,12.11,14.35,10.655000000000001
275,1,5,2025-03-05,17.38,26445.86,Gadu,26.97,Cleaned,11.49,12.23,9.55,11.942499999999999
305,1,5,2025-03-12,9.03,24559.2,Gadu,47.28,Cleaned,17.38,10.47,10.69,11.5825
335,1,5,2025-03-19,12.97,23759.0,Gadu,67.49,Cleaned,9.03,8.43,12.11,12.7175
365,1,5,2025-03-26,9.19,26249.8,Gadu,50.64,Cleaned,12.97,11.49,12.23,12.142499999999998
395,1,5,2025-04-02,12.27,26318.03,Gadu,33.93,Cleaned,9.19,17.38,10.47,10.865
425,1,5,2025-04-09,12.16,24977.46,Gadu,12.18,Cleaned,12.27,9.03,8.43,11.647499999999999
455,1,5,2025-04-16,10.0,24606.79,Gadu,11.71,Cleaned,12.16,12.97,11.49,10.905
485,1,5,2025-04-23,8.63,23600.92,Gadu,70.35,Cleaned,10.0,9.19,17.38,10.765
515,1,5,2025-04-30,16.96,25916.48,Gadu,59.57,Cleaned,8.63,12.27,9.03,11.9375
545,1,5,2025-05-07,12.83,22698.09,Gadu,31.73,Cleaned,16.96,12.16,12.97,12.105
575,1,5,2025-05-14,9.87,24229.67,Gadu,79.74,Cleaned,12.83,10.0,9.19,12.072500000000002
605,1,5,2025-05-21,10.41,22785.43,Gadu,21.69,Cleaned,9.87,8.63,12.27,12.5175
635,1,5,2025-05-28,11.02,25222.45,Gadu,61.69,Cleaned,10.41,16.96,12.16,11.032499999999999
665,1,5,2025-06-04,10.56,23560.22,Gadu,49.71,Cleaned,11.02,12.83,10.0,10.465
695,1,5,2025-06-11,17.33,24826.03,Gadu,47.8,Cleaned,10.56,9.87,8.63,12.329999999999998
725,1,5,2025-06-18,20.07,26324.05,Gadu,15.66,Cleaned,17.33,10.41,16.96,14.745000000000001
755,1,5,2025-06-25,15.68,22990.41,Gadu,19.6,Cleaned,20.07,11.02,12.83,15.91
785,1,5,2025-07-02,16.58,26240.37,Bera,70.57,Cleaned,15.68,10.56,9.87,17.415
815,1,5,2025-07-09,17.32,25579.93,Bera,126.11,Cleaned,16.58,17.33,10.41,17.412499999999998
845,1,5,2025-07-16,10.33,24549.52,Bera,58.86,Cleaned,17.32,20.07,11.02,14.9775
875,1,5,2025-07-23,14.29,23490.49,Bera,139.98,Cleaned,10.33,15.68,10.56,14.629999999999999
905,1,5,2025-07-30,15.65,24479.85,Bera,60.55,Cleaned,14.29,16.58,17.33,14.397499999999999
935,1,5,2025-08-06,14.99,24856.44,Bera,132.6,Cleaned,15.65,17.32,20.07,13.815
965,1,5,2025-08-13,15.17,22740.71,Bera,137.28,Cleaned,14.99,10.33,15.68,15.024999999999999
995,1,5,2025-08-20,5.05,27158.77,Bera,78.07,Cleaned,15.17,14.29,16.58,12.715
1025,1,5,2025-08-27,13.17,24649.66,Bera,79.5,Cleaned,5.05,15.65,17.32,12.094999999999999
1055,1,5,2025-09-03,7.41,25268.56,Bera,145.59,Cleaned,13.17,14.99,10.33,10.2
1085,1,5,2025-09-10,11.07,25052.16,Bera,107.73,Cleaned,7.41,15.17,14.29,9.174999999999999
1115,1,5,2025-09-17,16.25,23114.6,Bera,78.1,Cleaned,11.07,5.05,15.65,11.974999999999998
1145,1,5,2025-09-24,10.02,24300.25,Bera,50.44,Cleaned,16.25,13.17,14.99,11.187499999999998
1175,1,5,2025-10-01,13.87,23101.04,Bera,101.9,Cleaned,10.02,7.41,15.17,12.802499999999998
1205,1,5,2025-10-08,9.59,23328.75,Bera,102.97,Cleaned,13.87,11.07,5.05,12.4325
1235,1,5,2025-10-15,4.72,25783.16,Bera,141.95,Cleaned,9.59,16.25,13.17,9.549999999999999
1265,1,5,2025-10-22,7.86,26063.11,Bera,80.42,Cleaned,4.72,10.02,7.41,9.009999999999998
1295,1,5,2025-10-29,13.96,23396.28,Bera,51.14,Cleaned,7.86,13.87,11.07,9.032499999999999
1325,1,5,2025-11-05,5.49,23937.31,Rendeng,244.84,Cleaned,13.96,9.59,16.25,8.007499999999999
1355,1,5,2025-11-12,11.31,26163.67,Rendeng,260.51,Cleaned,5.49,4.72,10.02,9.655
1385,1,5,2025-11-19,4.11,24268.95,Rendeng,366.05,Cleaned,11.31,7.86,13.87,8.7175
1415,1,5,2025-11-26,8.44,25960.37,Rendeng,242.92,Cleaned,4.11,13.96,9.59,7.3374999999999995
1445,1,5,2025-12-03,12.47,22832.32,Rendeng,380.68,Cleaned,8.44,5.49,4.72,9.0825
1475,1,5,2025-12-10,8.05,22655.75,Rendeng,348.83,Cleaned,12.47,11.31,7.86,8.2675
1505,1,5,2025-12-17,13.47,23336.79,Rendeng,445.28,Cleaned,8.05,4.11,13.96,10.6075
1535,1,5,2025-12-24,10.65,27365.38,Rendeng,404.24,Cleaned,13.47,8.44,5.49,11.159999999999998
1565,1,5,2025-12-31,9.84,23482.1,Rendeng,385.41,Cleaned,10.65,12.47,11.31,10.5025
1595,1,5,2026-01-07,9.72,26637.77,Rendeng,251.89,Cleaned,9.84,8.05,4.11,10.92
1625,1,5,2026-01-14,7.77,22894.7,Rendeng,384.77,Cleaned,9.72,13.47,8.44,9.495
1655,1,5,2026-01-21,11.11,25384.29,Rendeng,383.25,Cleaned,7.77,10.65,12.47,9.61
1685,1,5,2026-01-28,12.46,27192.41,Rendeng,318.9,Cleaned,11.11,9.84,8.05,10.264999999999999
1715,1,5,2026-02-04,11.21,26141.85,Rendeng,262.79,Cleaned,12.46,9.72,13.47,10.6375
1745,1,5,2026-02-11,4.67,26853.44,Rendeng,212.64,Cleaned,11.21,7.77,10.65,9.8625
1775,1,5,2026-02-18,12.18,26616.37,Rendeng,272.36,Cleaned,4.67,11.11,9.84,10.129999999999999
1805,1,5,2026-02-25,11.14,22505.56,Rendeng,235.82,Cleaned,12.18,12.46,9.72,9.799999999999999
1835,1,5,2026-03-04,18.76,26749.8,Gadu,59.04,Cleaned,11.14,11.21,7.77,11.6875
1865,1,5,2026-03-11,12.14,27272.83,Gadu,34.83,Cleaned,18.76,4.67,11.11,13.555
1895,1,5,2026-03-18,7.06,24712.89,Gadu,78.78,Cleaned,12.14,12.18,12.46,12.275
1925,1,5,2026-03-25,12.64,23212.78,Gadu,76.22,Cleaned,7.06,11.14,11.21,12.649999999999999
1955,1,5,2026-04-01,5.2,25468.9,Gadu,19.47,Cleaned,12.64,18.76,4.67,9.26
1985,1,5,2026-04-08,9.03,22938.94,Gadu,50.05,Cleaned,5.2,12.14,12.18,8.4825
2015,1,5,2026-04-15,13.0,26730.62,Gadu,55.17,Cleaned,9.03,7.06,11.14,9.967500000000001
2045,1,5,2026-04-22,9.49,26694.27,Gadu,68.55,Cleaned,13.0,12.64,18.76,9.18
2075,1,5,2026-04-29,12.65,24652.68,Gadu,13.83,Cleaned,9.49,5.2,12.14,11.0425
2105,1,5,2026-05-06,10.84,26769.71,Gadu,21.5,Cleaned,12.65,9.03,7.06,11.495000000000001
2135,1,5,2026-05-13,17.11,24312.51,Gadu,20.4,Cleaned,10.84,13.0,12.64,12.5225
2165,1,5,2026-05-20,14.26,26725.2,Gadu,63.35,Cleaned,17.11,9.49,5.2,13.715
2195,1,5,2026-05-27,15.4,25834.64,Gadu,40.12,Cleaned,14.26,12.65,9.03,14.4025
2225,1,5,2026-06-03,9.06,25024.56,Gadu,78.07,Cleaned,15.4,10.84,13.0,13.9575
2255,1,5,2026-06-10,8.25,24048.46,Gadu,75.28,Cleaned,9.06,17.11,9.49,11.7425
2285,1,5,2026-06-17,7.79,26211.85,Gadu,66.13,Cleaned,8.25,14.26,12.65,10.125
2315,1,5,2026-06-24,17.82,27418.56,Gadu,64.6,Cleaned,7.79,15.4,10.84,10.73
2345,1,5,2026-07-01,18.42,24528.23,Bera,131.07,Cleaned,17.82,9.06,17.11,13.07
2375,1,5,2026-07-08,11.3,24723.56,Bera,77.35,Cleaned,18.42,8.25,14.26,13.8325
2405,1,5,2026-07-15,13.0,23873.33,Bera,131.16,Cleaned,11.3,7.79,15.4,15.135000000000002
2435,1,5,2026-07-22,12.66,23875.49,Bera,57.53,Cleaned,13.0,17.82,9.06,13.845
2465,1,5,2026-07-29,12.23,25412.18,Bera,137.71,Cleaned,12.66,18.42,8.25,12.2975
2495,1,5,2026-08-05,8.75,24739.86,Bera,125.9,Cleaned,12.23,11.3,7.79,11.66
2525,1,5,2026-08-12,12.0,26187.16,Bera,141.02,Cleaned,8.75,13.0,17.82,11.41
2555,1,5,2026-08-19,11.51,26580.28,Bera,94.59,Cleaned,12.0,12.66,18.42,11.1225
2585,1,5,2026-08-26,12.81,25165.28,Bera,130.08,Cleaned,11.51,12.23,11.3,11.267500000000002
216,1,6,2025-02-19,6.62,29273.95,Rendeng,247.03,Cleaned,7.16,4.46,4.86,5.699999999999999
246,1,6,2025-02-26,7.15,27275.25,Rendeng,426.04,Cleaned,6.62,4.29,8.12,6.415
276,1,6,2025-03-05,7.3,27491.43,Gadu,26.97,Cleaned,7.15,4.73,5.04,7.0575
306,1,6,2025-03-12,9.98,26668.78,Gadu,47.28,Cleaned,7.3,7.16,4.46,7.7625
336,1,6,2025-03-19,9.02,26651.33,Gadu,67.49,Cleaned,9.98,6.62,4.29,8.3625
366,1,6,2025-03-26,6.03,25904.48,Gadu,50.64,Cleaned,9.02,7.15,4.73,8.0825
396,1,6,2025-04-02,5.6,25520.62,Gadu,33.93,Cleaned,6.03,7.3,7.16,7.6575
426,1,6,2025-04-09,5.19,28536.21,Gadu,12.18,Cleaned,5.6,9.98,6.62,6.46
456,1,6,2025-04-16,8.28,28806.7,Gadu,11.71,Cleaned,5.19,9.02,7.15,6.275
486,1,6,2025-04-23,5.75,28507.92,Gadu,70.35,Cleaned,8.28,6.03,7.3,6.205
516,1,6,2025-04-30,5.66,27202.46,Gadu,59.57,Cleaned,5.75,5.6,9.98,6.220000000000001
546,1,6,2025-05-07,6.6,27392.79,Gadu,31.73,Cleaned,5.66,5.19,9.02,6.5725
576,1,6,2025-05-14,8.49,26790.71,Gadu,79.74,Cleaned,6.6,8.28,6.03,6.625
606,1,6,2025-05-21,4.82,27671.43,Gadu,21.69,Cleaned,8.49,5.75,5.6,6.3925
636,1,6,2025-05-28,5.99,24781.67,Gadu,61.69,Cleaned,4.82,5.66,5.19,6.4750000000000005
666,1,6,2025-06-04,6.46,28110.4,Gadu,49.71,Cleaned,5.99,6.6,8.28,6.44
696,1,6,2025-06-11,6.49,25080.78,Gadu,47.8,Cleaned,6.46,8.49,5.75,5.94
726,1,6,2025-06-18,5.25,25711.61,Gadu,15.66,Cleaned,6.49,4.82,5.66,6.047499999999999
756,1,6,2025-06-25,5.49,27435.33,Gadu,19.6,Cleaned,5.25,5.99,6.6,5.9225
786,1,6,2025-07-02,8.88,29214.73,Bera,70.57,Cleaned,5.49,6.46,8.49,6.5275
816,1,6,2025-07-09,6.45,25784.14,Bera,126.11,Cleaned,8.88,6.49,4.82,6.5175
846,1,6,2025-07-16,6.22,29368.91,Bera,58.86,Cleaned,6.45,5.25,5.99,6.76
876,1,6,2025-07-23,3.6,27859.32,Bera,139.98,Cleaned,6.22,5.49,6.46,6.2875
906,1,6,2025-07-30,6.7,29783.0,Bera,60.55,Cleaned,3.6,8.88,6.49,5.7425
936,1,6,2025-08-06,5.02,30135.08,Bera,132.6,Cleaned,6.7,6.45,5.25,5.385
966,1,6,2025-08-13,4.27,29715.92,Bera,137.28,Cleaned,5.02,6.22,5.49,4.8975
996,1,6,2025-08-20,5.97,26933.58,Bera,78.07,Cleaned,4.27,3.6,8.88,5.49
1026,1,6,2025-08-27,7.23,28451.32,Bera,79.5,Cleaned,5.97,6.7,6.45,5.6225
1056,1,6,2025-09-03,6.02,27729.38,Bera,145.59,Cleaned,7.23,5.02,6.22,5.8725
1086,1,6,2025-09-10,7.51,28196.26,Bera,107.73,Cleaned,6.02,4.27,3.6,6.6825
1116,1,6,2025-09-17,3.5,29637.62,Bera,78.1,Cleaned,7.51,5.97,6.7,6.065
1146,1,6,2025-09-24,6.01,30012.4,Bera,50.44,Cleaned,3.5,7.23,5.02,5.76
1176,1,6,2025-10-01,6.79,26210.71,Bera,101.9,Cleaned,6.01,6.02,4.27,5.952500000000001
1206,1,6,2025-10-08,5.63,27200.48,Bera,102.97,Cleaned,6.79,7.51,5.97,5.4825
1236,1,6,2025-10-15,7.31,26072.19,Bera,141.95,Cleaned,5.63,3.5,7.23,6.435
1266,1,6,2025-10-22,3.7,29242.29,Bera,80.42,Cleaned,7.31,6.01,6.02,5.8575
1296,1,6,2025-10-29,6.5,29150.02,Bera,51.14,Cleaned,3.7,6.79,7.51,5.785
1326,1,6,2025-11-05,5.55,28362.16,Rendeng,244.84,Cleaned,6.5,5.63,3.5,5.765
1356,1,6,2025-11-12,4.53,28087.02,Rendeng,260.51,Cleaned,5.55,7.31,6.01,5.07
1386,1,6,2025-11-19,6.69,29307.06,Rendeng,366.05,Cleaned,4.53,3.7,6.79,5.817500000000001
1416,1,6,2025-11-26,5.06,25884.39,Rendeng,242.92,Cleaned,6.69,6.5,5.63,5.4575000000000005
1446,1,6,2025-12-03,8.39,28965.83,Rendeng,380.68,Cleaned,5.06,5.55,7.31,6.1675
1476,1,6,2025-12-10,2.37,26177.67,Rendeng,348.83,Cleaned,8.39,4.53,3.7,5.6275
1506,1,6,2025-12-17,5.49,27501.98,Rendeng,445.28,Cleaned,2.37,6.69,6.5,5.327500000000001
1536,1,6,2025-12-24,5.35,28926.11,Rendeng,404.24,Cleaned,5.49,5.06,5.55,5.4
1566,1,6,2025-12-31,6.37,29982.95,Rendeng,385.41,Cleaned,5.35,8.39,4.53,4.8950000000000005
1596,1,6,2026-01-07,8.17,25688.9,Rendeng,251.89,Cleaned,6.37,2.37,6.69,6.345000000000001
1626,1,6,2026-01-14,3.55,27185.39,Rendeng,384.77,Cleaned,8.17,5.49,5.06,5.86
1656,1,6,2026-01-21,5.93,27301.9,Rendeng,383.25,Cleaned,3.55,5.35,8.39,6.005
1686,1,6,2026-01-28,4.2,28389.78,Rendeng,318.9,Cleaned,5.93,6.37,2.37,5.4625
1716,1,6,2026-02-04,6.5,26651.93,Rendeng,262.79,Cleaned,4.2,8.17,5.49,5.045
1746,1,6,2026-02-11,4.71,25209.39,Rendeng,212.64,Cleaned,6.5,3.55,5.35,5.335
1776,1,6,2026-02-18,6.51,27809.05,Rendeng,272.36,Cleaned,4.71,5.93,6.37,5.48
1806,1,6,2026-02-25,6.21,26245.75,Rendeng,235.82,Cleaned,6.51,4.2,8.17,5.9825
1836,1,6,2026-03-04,4.01,25829.35,Gadu,59.04,Cleaned,6.21,6.5,3.55,5.36
1866,1,6,2026-03-11,6.65,25582.88,Gadu,34.83,Cleaned,4.01,4.71,5.93,5.845000000000001
1896,1,6,2026-03-18,4.85,25015.99,Gadu,78.78,Cleaned,6.65,6.51,4.2,5.430000000000001
1926,1,6,2026-03-25,6.0,26851.77,Gadu,76.22,Cleaned,4.85,6.21,6.5,5.3775
1956,1,6,2026-04-01,3.95,27915.76,Gadu,19.47,Cleaned,6.0,4.01,4.71,5.3625
1986,1,6,2026-04-08,6.12,25695.06,Gadu,50.05,Cleaned,3.95,6.65,6.51,5.23
2016,1,6,2026-04-15,6.23,25755.47,Gadu,55.17,Cleaned,6.12,4.85,6.21,5.575
2046,1,6,2026-04-22,6.31,28440.57,Gadu,68.55,Cleaned,6.23,6.0,4.01,5.652500000000001
2076,1,6,2026-04-29,6.06,25405.27,Gadu,13.83,Cleaned,6.31,3.95,6.65,6.18
2106,1,6,2026-05-06,6.15,24822.76,Gadu,21.5,Cleaned,6.06,6.12,4.85,6.187500000000001
2136,1,6,2026-05-13,7.2,29281.99,Gadu,20.4,Cleaned,6.15,6.23,6.0,6.430000000000001
2166,1,6,2026-05-20,6.84,26922.79,Gadu,63.35,Cleaned,7.2,6.31,3.95,6.5625
2196,1,6,2026-05-27,6.09,27144.68,Gadu,40.12,Cleaned,6.84,6.06,6.12,6.57
2226,1,6,2026-06-03,4.71,28978.11,Gadu,78.07,Cleaned,6.09,6.15,6.23,6.210000000000001
2256,1,6,2026-06-10,6.32,25859.87,Gadu,75.28,Cleaned,4.71,7.2,6.31,5.99
2286,1,6,2026-06-17,9.43,26005.82,Gadu,66.13,Cleaned,6.32,6.84,6.06,6.6375
2316,1,6,2026-06-24,5.18,25025.96,Gadu,64.6,Cleaned,9.43,6.09,6.15,6.41
2346,1,6,2026-07-01,9.72,25680.39,Bera,131.07,Cleaned,5.18,4.71,7.2,7.6625
2376,1,6,2026-07-08,6.4,27921.0,Bera,77.35,Cleaned,9.72,6.32,6.84,7.6825
2406,1,6,2026-07-15,8.46,27359.39,Bera,131.16,Cleaned,6.4,9.43,6.09,7.440000000000001
2436,1,6,2026-07-22,4.85,28265.09,Bera,57.53,Cleaned,8.46,5.18,4.71,7.357500000000002
2466,1,6,2026-07-29,5.22,25776.25,Bera,137.71,Cleaned,4.85,9.72,6.32,6.232500000000001
2496,1,6,2026-08-05,7.63,26980.09,Bera,125.9,Cleaned,5.22,6.4,9.43,6.54
2526,1,6,2026-08-12,5.57,26140.61,Bera,141.02,Cleaned,7.63,8.46,5.18,5.817500000000001
2556,1,6,2026-08-19,6.04,27126.37,Bera,94.59,Cleaned,5.57,4.85,9.72,6.115
2586,1,6,2026-08-26,5.54,28223.49,Bera,130.08,Cleaned,6.04,5.22,6.4,6.195
217,2,1,2025-02-19,23.23,32596.37,Rendeng,247.03,Cleaned,45.54,37.57,8.32,31.5925
247,2,1,2025-02-26,38.39,28972.51,Rendeng,426.04,Cleaned,23.23,17.83,42.63,36.7325
277,2,1,2025-03-05,39.35,30521.05,Gadu,26.97,Cleaned,38.39,39.77,47.31,36.6275
307,2,1,2025-03-12,40.42,28087.4,Gadu,47.28,Cleaned,39.35,45.54,37.57,35.347500000000004
337,2,1,2025-03-19,17.94,29772.03,Gadu,67.49,Cleaned,40.42,23.23,17.83,34.025
367,2,1,2025-03-26,37.14,28144.13,Gadu,50.64,Cleaned,17.94,38.39,39.77,33.712500000000006
397,2,1,2025-04-02,38.03,32367.31,Gadu,33.93,Cleaned,37.14,39.35,45.54,33.38250000000001
427,2,1,2025-04-09,20.49,31914.61,Gadu,12.18,Cleaned,38.03,40.42,23.23,28.4
457,2,1,2025-04-16,33.61,29127.73,Gadu,11.71,Cleaned,20.49,17.94,38.39,32.317499999999995
487,2,1,2025-04-23,1.0,30554.45,Gadu,70.35,Cleaned,33.61,37.14,39.35,23.2825
517,2,1,2025-04-30,21.75,27981.74,Gadu,59.57,Cleaned,1.0,38.03,40.42,19.2125
547,2,1,2025-05-07,35.42,32919.98,Gadu,31.73,Cleaned,21.75,20.49,17.94,22.945
577,2,1,2025-05-14,41.05,29631.69,Gadu,79.74,Cleaned,35.42,33.61,37.14,24.805
607,2,1,2025-05-21,36.95,32603.25,Gadu,21.69,Cleaned,41.05,1.0,38.03,33.792500000000004
637,2,1,2025-05-28,25.81,29377.04,Gadu,61.69,Cleaned,36.95,21.75,20.49,34.8075
667,2,1,2025-06-04,51.72,32400.14,Gadu,49.71,Cleaned,25.81,35.42,33.61,38.8825
697,2,1,2025-06-11,44.9,28051.82,Gadu,47.8,Cleaned,51.72,41.05,1.0,39.845
727,2,1,2025-06-18,9.32,27878.24,Gadu,15.66,Cleaned,44.9,36.95,21.75,32.9375
757,2,1,2025-06-25,33.35,31424.14,Gadu,19.6,Cleaned,9.32,25.81,35.42,34.8225
787,2,1,2025-07-02,28.61,29029.61,Bera,70.57,Cleaned,33.35,51.72,41.05,29.045
817,2,1,2025-07-09,52.27,30325.36,Bera,126.11,Cleaned,28.61,44.9,36.95,30.8875
847,2,1,2025-07-16,52.29,30526.62,Bera,58.86,Cleaned,52.27,9.32,25.81,41.63
877,2,1,2025-07-23,43.84,30651.16,Bera,139.98,Cleaned,52.29,33.35,51.72,44.252500000000005
907,2,1,2025-07-30,24.39,31175.39,Bera,60.55,Cleaned,43.84,28.61,44.9,43.1975
937,2,1,2025-08-06,28.03,31057.07,Bera,132.6,Cleaned,24.39,52.27,9.32,37.1375
967,2,1,2025-08-13,43.4,30559.33,Bera,137.28,Cleaned,28.03,52.29,33.35,34.915000000000006
997,2,1,2025-08-20,40.92,27683.03,Bera,78.07,Cleaned,43.4,43.84,28.61,34.185
1027,2,1,2025-08-27,27.57,31733.91,Bera,79.5,Cleaned,40.92,24.39,52.27,34.98
1057,2,1,2025-09-03,45.82,29642.65,Bera,145.59,Cleaned,27.57,28.03,52.29,39.427499999999995
1087,2,1,2025-09-10,61.04,31336.24,Bera,107.73,Cleaned,45.82,43.4,43.84,43.8375
1117,2,1,2025-09-17,3.62,30515.19,Bera,78.1,Cleaned,61.04,40.92,24.39,34.5125
1147,2,1,2025-09-24,5.78,29746.2,Bera,50.44,Cleaned,3.62,27.57,28.03,29.064999999999998
1177,2,1,2025-10-01,39.64,29088.57,Bera,101.9,Cleaned,5.78,45.82,43.4,27.52
1207,2,1,2025-10-08,43.63,28451.86,Bera,102.97,Cleaned,39.64,61.04,40.92,23.1675
1237,2,1,2025-10-15,38.63,28325.12,Bera,141.95,Cleaned,43.63,3.62,27.57,31.92
1267,2,1,2025-10-22,33.15,32411.64,Bera,80.42,Cleaned,38.63,5.78,45.82,38.7625
1297,2,1,2025-10-29,13.62,27790.29,Bera,51.14,Cleaned,33.15,39.64,61.04,32.2575
1327,2,1,2025-11-05,39.47,27461.88,Rendeng,244.84,Cleaned,13.62,43.63,3.62,31.2175
1357,2,1,2025-11-12,31.77,32708.94,Rendeng,260.51,Cleaned,39.47,38.63,5.78,29.5025
1387,2,1,2025-11-19,30.75,32482.73,Rendeng,366.05,Cleaned,31.77,33.15,39.64,28.9025
1417,2,1,2025-11-26,48.37,28225.9,Rendeng,242.92,Cleaned,30.75,13.62,43.63,37.589999999999996
1447,2,1,2025-12-03,54.58,31510.48,Rendeng,380.68,Cleaned,48.37,39.47,38.63,41.36749999999999
1477,2,1,2025-12-10,42.5,27233.88,Rendeng,348.83,Cleaned,54.58,31.77,33.15,44.05
1507,2,1,2025-12-17,51.3,30891.83,Rendeng,445.28,Cleaned,42.5,30.75,13.62,49.1875
1537,2,1,2025-12-24,37.75,28670.21,Rendeng,404.24,Cleaned,51.3,48.37,39.47,46.5325
1567,2,1,2025-12-31,41.48,30475.89,Rendeng,385.41,Cleaned,37.75,54.58,31.77,43.2575
1597,2,1,2026-01-07,40.09,30690.77,Rendeng,251.89,Cleaned,41.48,42.5,30.75,42.654999999999994
1627,2,1,2026-01-14,29.0,32007.43,Rendeng,384.77,Cleaned,40.09,51.3,48.37,37.08
1657,2,1,2026-01-21,55.96,27194.66,Rendeng,383.25,Cleaned,29.0,37.75,54.58,41.6325
1687,2,1,2026-01-28,35.96,30303.98,Rendeng,318.9,Cleaned,55.96,41.48,42.5,40.252500000000005
1717,2,1,2026-02-04,50.48,32680.54,Rendeng,262.79,Cleaned,35.96,40.09,51.3,42.85
1747,2,1,2026-02-11,46.28,27307.76,Rendeng,212.64,Cleaned,50.48,29.0,37.75,47.17
1777,2,1,2026-02-18,27.47,31592.18,Rendeng,272.36,Cleaned,46.28,55.96,41.48,40.0475
1807,2,1,2026-02-25,45.99,30802.27,Rendeng,235.82,Cleaned,27.47,35.96,40.09,42.555
1837,2,1,2026-03-04,37.84,30513.38,Gadu,59.04,Cleaned,45.99,50.48,29.0,39.395
1867,2,1,2026-03-11,66.67,30490.42,Gadu,34.83,Cleaned,37.84,46.28,55.96,44.4925
1897,2,1,2026-03-18,43.38,30528.0,Gadu,78.78,Cleaned,66.67,27.47,35.96,48.47
1927,2,1,2026-03-25,29.35,27025.12,Gadu,76.22,Cleaned,43.38,45.99,50.48,44.31
1957,2,1,2026-04-01,37.27,30320.83,Gadu,19.47,Cleaned,29.35,37.84,46.28,44.1675
1987,2,1,2026-04-08,21.28,28699.71,Gadu,50.05,Cleaned,37.27,66.67,27.47,32.82
2017,2,1,2026-04-15,37.03,29035.44,Gadu,55.17,Cleaned,21.28,43.38,45.99,31.2325
2047,2,1,2026-04-22,27.17,32275.68,Gadu,68.55,Cleaned,37.03,29.35,37.84,30.6875
2077,2,1,2026-04-29,13.34,29248.95,Gadu,13.83,Cleaned,27.17,37.27,66.67,24.705
2107,2,1,2026-05-06,56.58,32608.77,Gadu,21.5,Cleaned,13.34,21.28,43.38,33.53
2137,2,1,2026-05-13,36.73,31805.63,Gadu,20.4,Cleaned,56.58,37.03,29.35,33.455
2167,2,1,2026-05-20,37.03,31042.54,Gadu,63.35,Cleaned,36.73,27.17,37.27,35.92
2197,2,1,2026-05-27,39.03,28553.43,Gadu,40.12,Cleaned,37.03,13.34,21.28,42.3425
2227,2,1,2026-06-03,39.83,27715.26,Gadu,78.07,Cleaned,39.03,56.58,37.03,38.155
2257,2,1,2026-06-10,40.65,31058.39,Gadu,75.28,Cleaned,39.83,36.73,27.17,39.135000000000005
2287,2,1,2026-06-17,36.79,29845.85,Gadu,66.13,Cleaned,40.65,37.03,13.34,39.075
2317,2,1,2026-06-24,41.67,28690.95,Gadu,64.6,Cleaned,36.79,39.03,56.58,39.735
2347,2,1,2026-07-01,67.44,28363.57,Bera,131.07,Cleaned,41.67,39.83,36.73,46.637499999999996
2377,2,1,2026-07-08,51.84,30643.95,Bera,77.35,Cleaned,67.44,40.65,37.03,49.434999999999995
2407,2,1,2026-07-15,48.39,32334.0,Bera,131.16,Cleaned,51.84,36.79,39.03,52.334999999999994
2437,2,1,2026-07-22,28.07,32584.03,Bera,57.53,Cleaned,48.39,41.67,39.83,48.935
2467,2,1,2026-07-29,32.79,27342.01,Bera,137.71,Cleaned,28.07,67.44,40.65,40.2725
2497,2,1,2026-08-05,27.4,30387.56,Bera,125.9,Cleaned,32.79,51.84,36.79,34.1625
2527,2,1,2026-08-12,36.99,32473.25,Bera,141.02,Cleaned,27.4,48.39,41.67,31.3125
2557,2,1,2026-08-19,43.33,32319.57,Bera,94.59,Cleaned,36.99,28.07,67.44,35.1275
2587,2,1,2026-08-26,26.06,29254.93,Bera,130.08,Cleaned,43.33,32.79,51.84,33.445
218,2,2,2025-02-19,53.63,32196.38,Rendeng,247.03,Cleaned,48.72,38.16,44.48,45.542500000000004
248,2,2,2025-02-26,38.8,30800.41,Rendeng,426.04,Cleaned,53.63,38.33,27.92,45.660000000000004
278,2,2,2025-03-05,25.67,31472.64,Gadu,26.97,Cleaned,38.8,41.49,22.68,41.705
308,2,2,2025-03-12,35.54,27398.98,Gadu,47.28,Cleaned,25.67,48.72,38.16,38.410000000000004
338,2,2,2025-03-19,50.15,32683.7,Gadu,67.49,Cleaned,35.54,53.63,38.33,37.54
368,2,2,2025-03-26,36.23,27219.3,Gadu,50.64,Cleaned,50.15,38.8,41.49,36.8975
398,2,2,2025-04-02,46.07,31799.13,Gadu,33.93,Cleaned,36.23,25.67,48.72,41.9975
428,2,2,2025-04-09,30.46,31796.5,Gadu,12.18,Cleaned,46.07,35.54,53.63,40.7275
458,2,2,2025-04-16,31.69,28723.43,Gadu,11.71,Cleaned,30.46,50.15,38.8,36.1125
488,2,2,2025-04-23,25.58,31948.09,Gadu,70.35,Cleaned,31.69,36.23,25.67,33.45
518,2,2,2025-04-30,11.78,31768.86,Gadu,59.57,Cleaned,25.58,46.07,35.54,24.8775
548,2,2,2025-05-07,30.43,27854.97,Gadu,31.73,Cleaned,11.78,30.46,50.15,24.87
578,2,2,2025-05-14,45.49,31351.55,Gadu,79.74,Cleaned,30.43,31.69,36.23,28.32
608,2,2,2025-05-21,23.87,28896.94,Gadu,21.69,Cleaned,45.49,25.58,46.07,27.8925
638,2,2,2025-05-28,19.66,31172.8,Gadu,61.69,Cleaned,23.87,11.78,30.46,29.862499999999997
668,2,2,2025-06-04,31.49,29120.53,Gadu,49.71,Cleaned,19.66,30.43,31.69,30.1275
698,2,2,2025-06-11,35.4,31140.03,Gadu,47.8,Cleaned,31.49,45.49,25.58,27.605
728,2,2,2025-06-18,35.28,29205.21,Gadu,15.66,Cleaned,35.4,23.87,11.78,30.4575
758,2,2,2025-06-25,25.43,29856.11,Gadu,19.6,Cleaned,35.28,19.66,30.43,31.9
788,2,2,2025-07-02,38.35,32568.5,Bera,70.57,Cleaned,25.43,31.49,45.49,33.614999999999995
818,2,2,2025-07-09,28.28,27031.38,Bera,126.11,Cleaned,38.35,35.4,23.87,31.835
848,2,2,2025-07-16,14.5,28106.86,Bera,58.86,Cleaned,28.28,35.28,19.66,26.64
878,2,2,2025-07-23,34.25,29097.04,Bera,139.98,Cleaned,14.5,25.43,31.49,28.845
908,2,2,2025-07-30,35.84,31759.57,Bera,60.55,Cleaned,34.25,38.35,35.4,28.2175
938,2,2,2025-08-06,37.98,28950.62,Bera,132.6,Cleaned,35.84,28.28,35.28,30.6425
968,2,2,2025-08-13,43.95,32353.81,Bera,137.28,Cleaned,37.98,14.5,25.43,38.005
998,2,2,2025-08-20,26.81,29071.34,Bera,78.07,Cleaned,43.95,34.25,38.35,36.145
1028,2,2,2025-08-27,23.25,29678.52,Bera,79.5,Cleaned,26.81,35.84,28.28,32.9975
1058,2,2,2025-09-03,39.82,28814.0,Bera,145.59,Cleaned,23.25,37.98,14.5,33.4575
1088,2,2,2025-09-10,32.11,31155.19,Bera,107.73,Cleaned,39.82,43.95,34.25,30.4975
1118,2,2,2025-09-17,36.52,30748.7,Bera,78.1,Cleaned,32.11,26.81,35.84,32.925000000000004
1148,2,2,2025-09-24,34.79,28253.3,Bera,50.44,Cleaned,36.52,23.25,37.98,35.81
1178,2,2,2025-10-01,50.7,29230.44,Bera,101.9,Cleaned,34.79,39.82,43.95,38.53
1208,2,2,2025-10-08,38.47,32763.76,Bera,102.97,Cleaned,50.7,32.11,26.81,40.120000000000005
1238,2,2,2025-10-15,24.71,27233.58,Bera,141.95,Cleaned,38.47,36.52,23.25,37.1675
1268,2,2,2025-10-22,22.82,31840.16,Bera,80.42,Cleaned,24.71,34.79,39.82,34.175
1298,2,2,2025-10-29,46.01,32191.77,Bera,51.14,Cleaned,22.82,50.7,32.11,33.0025
1328,2,2,2025-11-05,38.73,27453.5,Rendeng,244.84,Cleaned,46.01,38.47,36.52,33.067499999999995
1358,2,2,2025-11-12,37.1,32030.95,Rendeng,260.51,Cleaned,38.73,24.71,34.79,36.165
1388,2,2,2025-11-19,45.06,32716.89,Rendeng,366.05,Cleaned,37.1,22.82,50.7,41.725
1418,2,2,2025-11-26,32.18,30046.83,Rendeng,242.92,Cleaned,45.06,46.01,38.47,38.2675
1448,2,2,2025-12-03,38.92,31818.01,Rendeng,380.68,Cleaned,32.18,38.73,24.71,38.315
1478,2,2,2025-12-10,18.37,31001.08,Rendeng,348.83,Cleaned,38.92,37.1,22.82,33.6325
1508,2,2,2025-12-17,45.81,28651.73,Rendeng,445.28,Cleaned,18.37,45.06,46.01,33.82000000000001
1538,2,2,2025-12-24,39.59,31789.76,Rendeng,404.24,Cleaned,45.81,32.18,38.73,35.6725
1568,2,2,2025-12-31,21.58,29937.75,Rendeng,385.41,Cleaned,39.59,38.92,37.1,31.337500000000002
1598,2,2,2026-01-07,12.49,32463.63,Rendeng,251.89,Cleaned,21.58,18.37,45.06,29.8675
1628,2,2,2026-01-14,21.62,32612.91,Rendeng,384.77,Cleaned,12.49,45.81,32.18,23.82
1658,2,2,2026-01-21,40.87,30952.31,Rendeng,383.25,Cleaned,21.62,39.59,38.92,24.14
1688,2,2,2026-01-28,28.07,29419.25,Rendeng,318.9,Cleaned,40.87,21.58,18.37,25.7625
1718,2,2,2026-02-04,40.68,29401.27,Rendeng,262.79,Cleaned,28.07,12.49,45.81,32.81
1748,2,2,2026-02-11,26.57,29955.21,Rendeng,212.64,Cleaned,40.68,21.62,39.59,34.0475
1778,2,2,2026-02-18,27.59,28518.16,Rendeng,272.36,Cleaned,26.57,40.87,21.58,30.7275
1808,2,2,2026-02-25,22.8,30560.77,Rendeng,235.82,Cleaned,27.59,28.07,12.49,29.41
1838,2,2,2026-03-04,24.41,30248.25,Gadu,59.04,Cleaned,22.8,40.68,21.62,25.3425
1868,2,2,2026-03-11,28.98,29408.77,Gadu,34.83,Cleaned,24.41,26.57,40.87,25.945
1898,2,2,2026-03-18,38.96,29118.62,Gadu,78.78,Cleaned,28.98,27.59,28.07,28.7875
1928,2,2,2026-03-25,35.68,31022.61,Gadu,76.22,Cleaned,38.96,22.8,40.68,32.0075
1958,2,2,2026-04-01,21.75,30421.72,Gadu,19.47,Cleaned,35.68,24.41,26.57,31.3425
1988,2,2,2026-04-08,35.59,29401.88,Gadu,50.05,Cleaned,21.75,28.98,27.59,32.995000000000005
2018,2,2,2026-04-15,39.37,27374.59,Gadu,55.17,Cleaned,35.59,38.96,22.8,33.0975
2048,2,2,2026-04-22,49.22,31352.23,Gadu,68.55,Cleaned,39.37,35.68,24.41,36.4825
2078,2,2,2026-04-29,36.47,30727.98,Gadu,13.83,Cleaned,49.22,21.75,28.98,40.1625
2108,2,2,2026-05-06,35.33,32455.21,Gadu,21.5,Cleaned,36.47,35.59,38.96,40.0975
2138,2,2,2026-05-13,19.73,28080.95,Gadu,20.4,Cleaned,35.33,39.37,35.68,35.1875
2168,2,2,2026-05-20,28.71,29702.1,Gadu,63.35,Cleaned,19.73,49.22,21.75,30.06
2198,2,2,2026-05-27,42.6,27316.96,Gadu,40.12,Cleaned,28.71,36.47,35.59,31.5925
2228,2,2,2026-06-03,27.61,27218.77,Gadu,78.07,Cleaned,42.6,35.33,39.37,29.662499999999998
2258,2,2,2026-06-10,37.7,28805.8,Gadu,75.28,Cleaned,27.61,19.73,49.22,34.155
2288,2,2,2026-06-17,31.29,28008.12,Gadu,66.13,Cleaned,37.7,28.71,36.47,34.8
2318,2,2,2026-06-24,29.33,28105.81,Gadu,64.6,Cleaned,31.29,42.6,35.33,31.4825
2348,2,2,2026-07-01,34.19,30262.72,Bera,131.07,Cleaned,29.33,27.61,19.73,33.1275
2378,2,2,2026-07-08,44.72,27531.47,Bera,77.35,Cleaned,34.19,37.7,28.71,34.8825
2408,2,2,2026-07-15,15.88,30415.83,Bera,131.16,Cleaned,44.72,31.29,42.6,31.03
2438,2,2,2026-07-22,24.6,27147.87,Bera,57.53,Cleaned,15.88,29.33,27.61,29.847499999999997
2468,2,2,2026-07-29,29.57,30526.79,Bera,137.71,Cleaned,24.6,34.19,37.7,28.6925
2498,2,2,2026-08-05,20.57,28513.94,Bera,125.9,Cleaned,29.57,44.72,31.29,22.655
2528,2,2,2026-08-12,32.15,30799.07,Bera,141.02,Cleaned,20.57,15.88,29.33,26.7225
2558,2,2,2026-08-19,48.22,29465.66,Bera,94.59,Cleaned,32.15,24.6,34.19,32.6275
2588,2,2,2026-08-26,35.91,27594.88,Bera,130.08,Cleaned,48.22,29.57,44.72,34.2125
219,2,3,2025-02-19,31.24,32923.66,Rendeng,247.03,Cleaned,20.08,23.17,20.11,26.5125
249,2,3,2025-02-26,22.23,27773.28,Rendeng,426.04,Cleaned,31.24,16.89,22.83,27.8475
279,2,3,2025-03-05,15.9,28702.66,Gadu,26.97,Cleaned,22.23,37.84,17.53,22.3625
309,2,3,2025-03-12,26.46,32050.97,Gadu,47.28,Cleaned,15.9,20.08,23.17,23.9575
339,2,3,2025-03-19,25.02,30035.33,Gadu,67.49,Cleaned,26.46,31.24,16.89,22.4025
369,2,3,2025-03-26,40.87,27394.25,Gadu,50.64,Cleaned,25.02,22.23,37.84,27.0625
399,2,3,2025-04-02,20.56,28612.06,Gadu,33.93,Cleaned,40.87,15.9,20.08,28.2275
429,2,3,2025-04-09,15.55,30541.38,Gadu,12.18,Cleaned,20.56,26.46,31.24,25.5
459,2,3,2025-04-16,16.13,27252.56,Gadu,11.71,Cleaned,15.55,25.02,22.23,23.2775
489,2,3,2025-04-23,32.24,30394.39,Gadu,70.35,Cleaned,16.13,40.87,15.9,21.12
519,2,3,2025-04-30,16.01,27494.29,Gadu,59.57,Cleaned,32.24,20.56,26.46,19.9825
549,2,3,2025-05-07,39.71,31214.79,Gadu,31.73,Cleaned,16.01,15.55,25.02,26.0225
579,2,3,2025-05-14,30.54,32404.21,Gadu,79.74,Cleaned,39.71,16.13,40.87,29.625
609,2,3,2025-05-21,19.0,27890.06,Gadu,21.69,Cleaned,30.54,32.24,20.56,26.314999999999998
639,2,3,2025-05-28,16.21,28425.26,Gadu,61.69,Cleaned,19.0,16.01,15.55,26.365
669,2,3,2025-06-04,28.25,28648.84,Gadu,49.71,Cleaned,16.21,39.71,16.13,23.5
699,2,3,2025-06-11,24.25,27580.06,Gadu,47.8,Cleaned,28.25,30.54,32.24,21.927500000000002
729,2,3,2025-06-18,26.59,29594.99,Gadu,15.66,Cleaned,24.25,19.0,16.01,23.825
759,2,3,2025-06-25,13.58,29756.68,Gadu,19.6,Cleaned,26.59,16.21,39.71,23.1675
789,2,3,2025-07-02,18.96,29592.46,Bera,70.57,Cleaned,13.58,28.25,30.54,20.845
819,2,3,2025-07-09,17.64,32748.44,Bera,126.11,Cleaned,18.96,24.25,19.0,19.192500000000003
849,2,3,2025-07-16,13.31,27157.18,Bera,58.86,Cleaned,17.64,26.59,16.21,15.8725
879,2,3,2025-07-23,17.99,32103.7,Bera,139.98,Cleaned,13.31,13.58,28.25,16.975
909,2,3,2025-07-30,28.85,32436.86,Bera,60.55,Cleaned,17.99,18.96,24.25,19.447499999999998
939,2,3,2025-08-06,19.86,28049.29,Bera,132.6,Cleaned,28.85,17.64,26.59,20.002499999999998
969,2,3,2025-08-13,28.16,27208.02,Bera,137.28,Cleaned,19.86,13.31,13.58,23.715
999,2,3,2025-08-20,30.53,29961.28,Bera,78.07,Cleaned,28.16,17.99,18.96,26.85
1029,2,3,2025-08-27,26.73,32145.37,Bera,79.5,Cleaned,30.53,28.85,17.64,26.32
1059,2,3,2025-09-03,17.62,27345.89,Bera,145.59,Cleaned,26.73,19.86,13.31,25.759999999999998
1089,2,3,2025-09-10,20.24,29152.29,Bera,107.73,Cleaned,17.62,28.16,17.99,23.78
1119,2,3,2025-09-17,24.53,28451.59,Bera,78.1,Cleaned,20.24,30.53,28.85,22.28
1149,2,3,2025-09-24,13.35,27314.13,Bera,50.44,Cleaned,24.53,26.73,19.86,18.935
1179,2,3,2025-10-01,24.22,32082.36,Bera,101.9,Cleaned,13.35,17.62,28.16,20.585
1209,2,3,2025-10-08,23.41,28557.25,Bera,102.97,Cleaned,24.22,20.24,30.53,21.3775
1239,2,3,2025-10-15,20.26,32702.76,Bera,141.95,Cleaned,23.41,24.53,26.73,20.310000000000002
1269,2,3,2025-10-22,33.18,30966.09,Bera,80.42,Cleaned,20.26,13.35,17.62,25.267500000000002
1299,2,3,2025-10-29,19.76,28740.27,Bera,51.14,Cleaned,33.18,24.22,20.24,24.1525
1329,2,3,2025-11-05,22.5,27552.4,Rendeng,244.84,Cleaned,19.76,23.41,24.53,23.925
1359,2,3,2025-11-12,26.54,32596.26,Rendeng,260.51,Cleaned,22.5,20.26,13.35,25.494999999999997
1389,2,3,2025-11-19,15.15,30033.8,Rendeng,366.05,Cleaned,26.54,33.18,24.22,20.9875
1419,2,3,2025-11-26,21.0,31756.55,Rendeng,242.92,Cleaned,15.15,19.76,23.41,21.2975
1449,2,3,2025-12-03,15.16,31026.94,Rendeng,380.68,Cleaned,21.0,22.5,20.26,19.4625
1479,2,3,2025-12-10,27.78,32328.71,Rendeng,348.83,Cleaned,15.16,26.54,33.18,19.7725
1509,2,3,2025-12-17,25.87,30595.81,Rendeng,445.28,Cleaned,27.78,15.15,19.76,22.4525
1539,2,3,2025-12-24,14.75,28395.04,Rendeng,404.24,Cleaned,25.87,21.0,22.5,20.89
1569,2,3,2025-12-31,14.54,30315.97,Rendeng,385.41,Cleaned,14.75,15.16,26.54,20.735
1599,2,3,2026-01-07,26.6,27301.46,Rendeng,251.89,Cleaned,14.54,27.78,15.15,20.44
1629,2,3,2026-01-14,19.83,32571.78,Rendeng,384.77,Cleaned,26.6,25.87,21.0,18.93
1659,2,3,2026-01-21,16.49,28035.14,Rendeng,383.25,Cleaned,19.83,14.75,15.16,19.365
1689,2,3,2026-01-28,25.87,30670.99,Rendeng,318.9,Cleaned,16.49,14.54,27.78,22.197499999999998
1719,2,3,2026-02-04,18.18,32941.99,Rendeng,262.79,Cleaned,25.87,26.6,25.87,20.0925
1749,2,3,2026-02-11,9.7,29367.43,Rendeng,212.64,Cleaned,18.18,19.83,14.75,17.56
1779,2,3,2026-02-18,29.31,28945.98,Rendeng,272.36,Cleaned,9.7,16.49,14.54,20.765
1809,2,3,2026-02-25,31.14,30339.47,Rendeng,235.82,Cleaned,29.31,25.87,26.6,22.0825
1839,2,3,2026-03-04,24.43,30266.07,Gadu,59.04,Cleaned,31.14,18.18,19.83,23.645000000000003
1869,2,3,2026-03-11,17.31,29350.45,Gadu,34.83,Cleaned,24.43,9.7,16.49,25.5475
1899,2,3,2026-03-18,24.83,31955.59,Gadu,78.78,Cleaned,17.31,29.31,25.87,24.4275
1929,2,3,2026-03-25,15.37,29937.86,Gadu,76.22,Cleaned,24.83,31.14,18.18,20.485
1959,2,3,2026-04-01,27.78,27151.19,Gadu,19.47,Cleaned,15.37,24.43,9.7,21.322499999999998
1989,2,3,2026-04-08,32.33,31791.93,Gadu,50.05,Cleaned,27.78,17.31,29.31,25.0775
2019,2,3,2026-04-15,16.22,28491.24,Gadu,55.17,Cleaned,32.33,24.83,31.14,22.924999999999997
2049,2,3,2026-04-22,21.55,32318.28,Gadu,68.55,Cleaned,16.22,15.37,24.43,24.470000000000002
2079,2,3,2026-04-29,19.02,27213.54,Gadu,13.83,Cleaned,21.55,27.78,17.31,22.279999999999998
2109,2,3,2026-05-06,18.65,28733.81,Gadu,21.5,Cleaned,19.02,32.33,24.83,18.86
2139,2,3,2026-05-13,32.05,27152.09,Gadu,20.4,Cleaned,18.65,16.22,15.37,22.8175
2169,2,3,2026-05-20,17.94,30808.46,Gadu,63.35,Cleaned,32.05,21.55,27.78,21.915
2199,2,3,2026-05-27,18.87,28816.65,Gadu,40.12,Cleaned,17.94,19.02,32.33,21.877499999999998
2229,2,3,2026-06-03,31.23,28574.45,Gadu,78.07,Cleaned,18.87,18.65,16.22,25.0225
2259,2,3,2026-06-10,27.04,29844.95,Gadu,75.28,Cleaned,31.23,32.05,21.55,23.77
2289,2,3,2026-06-17,15.06,27344.35,Gadu,66.13,Cleaned,27.04,17.94,19.02,23.05
2319,2,3,2026-06-24,19.76,29806.32,Gadu,64.6,Cleaned,15.06,18.87,18.65,23.2725
2349,2,3,2026-07-01,24.12,32941.71,Bera,131.07,Cleaned,19.76,31.23,32.05,21.495
2379,2,3,2026-07-08,19.91,30576.86,Bera,77.35,Cleaned,24.12,27.04,17.94,19.712500000000002
2409,2,3,2026-07-15,25.32,27306.99,Bera,131.16,Cleaned,19.91,15.06,18.87,22.277500000000003
2439,2,3,2026-07-22,30.55,32018.27,Bera,57.53,Cleaned,25.32,19.76,31.23,24.975
2469,2,3,2026-07-29,23.74,31916.97,Bera,137.71,Cleaned,30.55,24.12,27.04,24.88
2499,2,3,2026-08-05,21.59,32374.89,Bera,125.9,Cleaned,23.74,19.91,15.06,25.3
2529,2,3,2026-08-12,16.44,31316.33,Bera,141.02,Cleaned,21.59,25.32,19.76,23.08
2559,2,3,2026-08-19,34.4,29504.3,Bera,94.59,Cleaned,16.44,30.55,24.12,24.042499999999997
2589,2,3,2026-08-26,16.77,31667.91,Bera,130.08,Cleaned,34.4,23.74,19.91,22.3
220,2,4,2025-02-19,18.18,32552.92,Rendeng,247.03,Cleaned,22.45,30.38,16.44,17.1075
250,2,4,2025-02-26,20.68,32396.32,Rendeng,426.04,Cleaned,18.18,19.03,31.08,17.52
280,2,4,2025-03-05,19.95,34041.58,Gadu,26.97,Cleaned,20.68,8.77,29.94,20.314999999999998
310,2,4,2025-03-12,31.18,32478.41,Gadu,47.28,Cleaned,19.95,22.45,30.38,22.4975
340,2,4,2025-03-19,14.01,35780.18,Gadu,67.49,Cleaned,31.18,18.18,19.03,21.455000000000002
370,2,4,2025-03-26,14.13,36928.69,Gadu,50.64,Cleaned,14.01,20.68,8.77,19.8175
400,2,4,2025-04-02,20.79,35291.44,Gadu,33.93,Cleaned,14.13,19.95,22.45,20.0275
430,2,4,2025-04-09,27.05,34026.82,Gadu,12.18,Cleaned,20.79,31.18,18.18,18.995
460,2,4,2025-04-16,16.28,31625.12,Gadu,11.71,Cleaned,27.05,14.01,20.68,19.5625
490,2,4,2025-04-23,13.97,33369.2,Gadu,70.35,Cleaned,16.28,14.13,19.95,19.5225
520,2,4,2025-04-30,25.65,36263.5,Gadu,59.57,Cleaned,13.97,20.79,31.18,20.7375
550,2,4,2025-05-07,21.01,35417.54,Gadu,31.73,Cleaned,25.65,27.05,14.01,19.227500000000003
580,2,4,2025-05-14,20.91,34452.05,Gadu,79.74,Cleaned,21.01,16.28,14.13,20.385
610,2,4,2025-05-21,21.21,38406.41,Gadu,21.69,Cleaned,20.91,13.97,20.79,22.195
640,2,4,2025-05-28,7.49,34112.76,Gadu,61.69,Cleaned,21.21,25.65,27.05,17.655
670,2,4,2025-06-04,16.71,37258.3,Gadu,49.71,Cleaned,7.49,21.01,16.28,16.58
700,2,4,2025-06-11,12.18,34652.6,Gadu,47.8,Cleaned,16.71,20.91,13.97,14.3975
730,2,4,2025-06-18,21.5,33682.71,Gadu,15.66,Cleaned,12.18,21.21,25.65,14.47
760,2,4,2025-06-25,10.91,36995.12,Gadu,19.6,Cleaned,21.5,7.49,21.01,15.325
790,2,4,2025-07-02,13.02,34575.83,Bera,70.57,Cleaned,10.91,16.71,20.91,14.4025
820,2,4,2025-07-09,25.27,34075.59,Bera,126.11,Cleaned,13.02,12.18,21.21,17.675
850,2,4,2025-07-16,13.7,31669.34,Bera,58.86,Cleaned,25.27,21.5,7.49,15.725
880,2,4,2025-07-23,16.01,35428.56,Bera,139.98,Cleaned,13.7,10.91,16.71,17.0
910,2,4,2025-07-30,18.44,33438.33,Bera,60.55,Cleaned,16.01,13.02,12.18,18.355
940,2,4,2025-08-06,22.43,37490.16,Bera,132.6,Cleaned,18.44,25.27,21.5,17.645000000000003
970,2,4,2025-08-13,17.03,35579.65,Bera,137.28,Cleaned,22.43,13.7,10.91,18.4775
1000,2,4,2025-08-20,21.29,36415.81,Bera,78.07,Cleaned,17.03,16.01,13.02,19.7975
1030,2,4,2025-08-27,24.26,37916.45,Bera,79.5,Cleaned,21.29,18.44,25.27,21.2525
1060,2,4,2025-09-03,17.21,33897.14,Bera,145.59,Cleaned,24.26,22.43,13.7,19.9475
1090,2,4,2025-09-10,16.41,37131.06,Bera,107.73,Cleaned,17.21,17.03,16.01,19.7925
1120,2,4,2025-09-17,18.03,36497.67,Bera,78.1,Cleaned,16.41,21.29,18.44,18.9775
1150,2,4,2025-09-24,12.16,36872.97,Bera,50.44,Cleaned,18.03,24.26,22.43,15.9525
1180,2,4,2025-10-01,21.48,31665.16,Bera,101.9,Cleaned,12.16,17.21,17.03,17.020000000000003
1210,2,4,2025-10-08,23.26,34558.97,Bera,102.97,Cleaned,21.48,16.41,21.29,18.7325
1240,2,4,2025-10-15,25.51,35571.36,Bera,141.95,Cleaned,23.26,18.03,24.26,20.6025
1270,2,4,2025-10-22,10.24,32049.19,Bera,80.42,Cleaned,25.51,12.16,17.21,20.122500000000002
1300,2,4,2025-10-29,15.68,37599.9,Bera,51.14,Cleaned,10.24,21.48,16.41,18.6725
1330,2,4,2025-11-05,22.33,35693.31,Rendeng,244.84,Cleaned,15.68,23.26,18.03,18.439999999999998
1360,2,4,2025-11-12,24.15,35309.78,Rendeng,260.51,Cleaned,22.33,25.51,12.16,18.1
1390,2,4,2025-11-19,12.5,38087.85,Rendeng,366.05,Cleaned,24.15,10.24,21.48,18.665
1420,2,4,2025-11-26,20.84,31983.32,Rendeng,242.92,Cleaned,12.5,15.68,23.26,19.955
1450,2,4,2025-12-03,21.52,35843.32,Rendeng,380.68,Cleaned,20.84,22.33,25.51,19.752499999999998
1480,2,4,2025-12-10,19.24,33777.03,Rendeng,348.83,Cleaned,21.52,24.15,10.24,18.525
1510,2,4,2025-12-17,14.67,32755.49,Rendeng,445.28,Cleaned,19.24,12.5,15.68,19.0675
1540,2,4,2025-12-24,14.54,32407.75,Rendeng,404.24,Cleaned,14.67,20.84,22.33,17.4925
1570,2,4,2025-12-31,25.35,34105.21,Rendeng,385.41,Cleaned,14.54,21.52,24.15,18.45
1600,2,4,2026-01-07,46.07,31744.38,Rendeng,251.89,Cleaned,25.35,19.24,12.5,25.1575
1630,2,4,2026-01-14,13.83,31932.66,Rendeng,384.77,Cleaned,46.07,14.67,20.84,24.9475
1660,2,4,2026-01-21,21.65,35475.82,Rendeng,383.25,Cleaned,13.83,14.54,21.52,26.724999999999998
1690,2,4,2026-01-28,23.87,34114.21,Rendeng,318.9,Cleaned,21.65,25.35,19.24,26.355
1720,2,4,2026-02-04,26.58,31680.39,Rendeng,262.79,Cleaned,23.87,46.07,14.67,21.482499999999998
1750,2,4,2026-02-11,16.87,35209.58,Rendeng,212.64,Cleaned,26.58,13.83,14.54,22.2425
1780,2,4,2026-02-18,24.02,36235.39,Rendeng,272.36,Cleaned,16.87,21.65,25.35,22.834999999999997
1810,2,4,2026-02-25,13.25,33899.12,Rendeng,235.82,Cleaned,24.02,23.87,46.07,20.18
1840,2,4,2026-03-04,15.42,33136.19,Gadu,59.04,Cleaned,13.25,26.58,13.83,17.39
1870,2,4,2026-03-11,18.86,32638.63,Gadu,34.83,Cleaned,15.42,16.87,21.65,17.8875
1900,2,4,2026-03-18,29.94,35920.21,Gadu,78.78,Cleaned,18.86,24.02,23.87,19.3675
1930,2,4,2026-03-25,32.39,34408.1,Gadu,76.22,Cleaned,29.94,13.25,26.58,24.1525
1960,2,4,2026-04-01,16.0,33983.82,Gadu,19.47,Cleaned,32.39,15.42,16.87,24.2975
1990,2,4,2026-04-08,28.66,38029.27,Gadu,50.05,Cleaned,16.0,18.86,24.02,26.7475
2020,2,4,2026-04-15,20.93,33718.6,Gadu,55.17,Cleaned,28.66,29.94,13.25,24.495
2050,2,4,2026-04-22,15.26,31830.38,Gadu,68.55,Cleaned,20.93,32.39,15.42,20.2125
2080,2,4,2026-04-29,23.24,38460.31,Gadu,13.83,Cleaned,15.26,16.0,18.86,22.0225
2110,2,4,2026-05-06,15.5,34139.38,Gadu,21.5,Cleaned,23.24,28.66,29.94,18.7325
2140,2,4,2026-05-13,14.13,36330.33,Gadu,20.4,Cleaned,15.5,20.93,32.39,17.0325
2170,2,4,2026-05-20,29.35,32804.94,Gadu,63.35,Cleaned,14.13,15.26,16.0,20.555
2200,2,4,2026-05-27,23.46,35227.3,Gadu,40.12,Cleaned,29.35,23.24,28.66,20.61
2230,2,4,2026-06-03,19.8,34451.99,Gadu,78.07,Cleaned,23.46,15.5,20.93,21.685000000000002
2260,2,4,2026-06-10,16.68,33080.53,Gadu,75.28,Cleaned,19.8,14.13,15.26,22.3225
2290,2,4,2026-06-17,10.48,35583.15,Gadu,66.13,Cleaned,16.68,29.35,23.24,17.605
2320,2,4,2026-06-24,23.44,35741.28,Gadu,64.6,Cleaned,10.48,23.46,15.5,17.6
2350,2,4,2026-07-01,33.41,35779.39,Bera,131.07,Cleaned,23.44,19.8,14.13,21.0025
2380,2,4,2026-07-08,22.33,36677.07,Bera,77.35,Cleaned,33.41,16.68,29.35,22.415
2410,2,4,2026-07-15,35.61,33130.01,Bera,131.16,Cleaned,22.33,10.48,23.46,28.6975
2440,2,4,2026-07-22,27.14,38321.08,Bera,57.53,Cleaned,35.61,23.44,19.8,29.6225
2470,2,4,2026-07-29,17.39,33787.17,Bera,137.71,Cleaned,27.14,33.41,16.68,25.6175
2500,2,4,2026-08-05,23.56,32224.33,Bera,125.9,Cleaned,17.39,22.33,10.48,25.925
2530,2,4,2026-08-12,26.69,31696.85,Bera,141.02,Cleaned,23.56,35.61,23.44,23.695
2560,2,4,2026-08-19,29.48,32510.18,Bera,94.59,Cleaned,26.69,27.14,33.41,24.28
2590,2,4,2026-08-26,34.53,33043.29,Bera,130.08,Cleaned,29.48,17.39,22.33,28.565
221,2,5,2025-02-19,5.61,27349.57,Rendeng,247.03,Cleaned,15.53,13.7,9.36,11.772499999999999
251,2,5,2025-02-26,7.73,24228.34,Rendeng,426.04,Cleaned,5.61,13.44,11.84,10.345
281,2,5,2025-03-05,14.74,24280.48,Gadu,26.97,Cleaned,7.73,12.51,8.49,10.9025
311,2,5,2025-03-12,9.48,23318.28,Gadu,47.28,Cleaned,14.74,15.53,13.7,9.39
341,2,5,2025-03-19,11.92,25983.25,Gadu,67.49,Cleaned,9.48,5.61,13.44,10.967500000000001
371,2,5,2025-03-26,16.35,24703.81,Gadu,50.64,Cleaned,11.92,7.73,12.51,13.1225
401,2,5,2025-04-02,6.87,23196.78,Gadu,33.93,Cleaned,16.35,14.74,15.53,11.155
431,2,5,2025-04-09,6.97,25209.5,Gadu,12.18,Cleaned,6.87,9.48,5.61,10.5275
461,2,5,2025-04-16,11.42,24421.63,Gadu,11.71,Cleaned,6.97,11.92,7.73,10.4025
491,2,5,2025-04-23,12.37,25792.26,Gadu,70.35,Cleaned,11.42,16.35,14.74,9.407499999999999
521,2,5,2025-04-30,7.11,27254.32,Gadu,59.57,Cleaned,12.37,6.87,9.48,9.4675
551,2,5,2025-05-07,8.51,24253.13,Gadu,31.73,Cleaned,7.11,6.97,11.92,9.8525
581,2,5,2025-05-14,13.8,27061.82,Gadu,79.74,Cleaned,8.51,11.42,16.35,10.4475
611,2,5,2025-05-21,12.02,26839.59,Gadu,21.69,Cleaned,13.8,12.37,6.87,10.36
641,2,5,2025-05-28,17.22,25597.45,Gadu,61.69,Cleaned,12.02,7.11,6.97,12.8875
671,2,5,2025-06-04,17.84,22977.68,Gadu,49.71,Cleaned,17.22,8.51,11.42,15.219999999999999
701,2,5,2025-06-11,8.99,25824.56,Gadu,47.8,Cleaned,17.84,13.8,12.37,14.0175
731,2,5,2025-06-18,1.54,23028.32,Gadu,15.66,Cleaned,8.99,12.02,7.11,11.397499999999999
761,2,5,2025-06-25,9.22,25940.67,Gadu,19.6,Cleaned,1.54,17.22,8.51,9.3975
791,2,5,2025-07-02,13.54,23703.46,Bera,70.57,Cleaned,9.22,17.84,13.8,8.3225
821,2,5,2025-07-09,8.47,24028.02,Bera,126.11,Cleaned,13.54,8.99,12.02,8.192499999999999
851,2,5,2025-07-16,9.71,25090.39,Bera,58.86,Cleaned,8.47,1.54,17.22,10.235
881,2,5,2025-07-23,8.02,26800.7,Bera,139.98,Cleaned,9.71,9.22,17.84,9.935
911,2,5,2025-07-30,9.65,26969.95,Bera,60.55,Cleaned,8.02,13.54,8.99,8.9625
941,2,5,2025-08-06,13.57,23896.38,Bera,132.6,Cleaned,9.65,8.47,1.54,10.2375
971,2,5,2025-08-13,9.0,26656.87,Bera,137.28,Cleaned,13.57,9.71,9.22,10.06
1001,2,5,2025-08-20,9.09,24609.14,Bera,78.07,Cleaned,9.0,8.02,13.54,10.3275
1031,2,5,2025-08-27,5.24,25410.99,Bera,79.5,Cleaned,9.09,9.65,8.47,9.225
1061,2,5,2025-09-03,4.69,25402.34,Bera,145.59,Cleaned,5.24,13.57,9.71,7.005
1091,2,5,2025-09-10,8.44,27287.24,Bera,107.73,Cleaned,4.69,9.0,8.02,6.865
1121,2,5,2025-09-17,13.19,25262.5,Bera,78.1,Cleaned,8.44,9.09,9.65,7.890000000000001
1151,2,5,2025-09-24,15.81,26751.74,Bera,50.44,Cleaned,13.19,5.24,13.57,10.532499999999999
1181,2,5,2025-10-01,12.14,26401.88,Bera,101.9,Cleaned,15.81,4.69,9.0,12.395
1211,2,5,2025-10-08,9.06,25611.72,Bera,102.97,Cleaned,12.14,8.44,9.09,12.55
1241,2,5,2025-10-15,18.38,25083.49,Bera,141.95,Cleaned,9.06,13.19,5.24,13.8475
1271,2,5,2025-10-22,17.78,23336.61,Bera,80.42,Cleaned,18.38,15.81,4.69,14.34
1301,2,5,2025-10-29,15.21,23752.34,Bera,51.14,Cleaned,17.78,12.14,8.44,15.1075
1331,2,5,2025-11-05,16.73,23837.01,Rendeng,244.84,Cleaned,15.21,9.06,13.19,17.025000000000002
1361,2,5,2025-11-12,13.21,26214.41,Rendeng,260.51,Cleaned,16.73,18.38,15.81,15.732500000000002
1391,2,5,2025-11-19,15.22,25015.66,Rendeng,366.05,Cleaned,13.21,17.78,12.14,15.092500000000001
1421,2,5,2025-11-26,20.61,25642.13,Rendeng,242.92,Cleaned,15.22,15.21,9.06,16.442500000000003
1451,2,5,2025-12-03,9.04,23474.88,Rendeng,380.68,Cleaned,20.61,16.73,18.38,14.52
1481,2,5,2025-12-10,12.7,23745.04,Rendeng,348.83,Cleaned,9.04,13.21,17.78,14.392500000000002
1511,2,5,2025-12-17,10.16,25838.8,Rendeng,445.28,Cleaned,12.7,15.22,15.21,13.1275
1541,2,5,2025-12-24,8.87,25869.97,Rendeng,404.24,Cleaned,10.16,20.61,16.73,10.192499999999999
1571,2,5,2025-12-31,8.45,25354.39,Rendeng,385.41,Cleaned,8.87,9.04,13.21,10.045
1601,2,5,2026-01-07,4.32,26695.9,Rendeng,251.89,Cleaned,8.45,12.7,15.22,7.949999999999999
1631,2,5,2026-01-14,7.75,27340.38,Rendeng,384.77,Cleaned,4.32,10.16,20.61,7.3475
1661,2,5,2026-01-21,12.7,26593.7,Rendeng,383.25,Cleaned,7.75,8.87,9.04,8.305
1691,2,5,2026-01-28,9.93,24274.49,Rendeng,318.9,Cleaned,12.7,8.45,12.7,8.674999999999999
1721,2,5,2026-02-04,17.25,25940.23,Rendeng,262.79,Cleaned,9.93,4.32,10.16,11.907499999999999
1751,2,5,2026-02-11,12.41,26527.16,Rendeng,212.64,Cleaned,17.25,7.75,8.87,13.072499999999998
1781,2,5,2026-02-18,17.31,25912.66,Rendeng,272.36,Cleaned,12.41,12.7,8.45,14.225
1811,2,5,2026-02-25,8.91,24510.14,Rendeng,235.82,Cleaned,17.31,9.93,4.32,13.969999999999999
1841,2,5,2026-03-04,15.36,22707.89,Gadu,59.04,Cleaned,8.91,17.25,7.75,13.497499999999999
1871,2,5,2026-03-11,8.63,22792.83,Gadu,34.83,Cleaned,15.36,12.41,12.7,12.5525
1901,2,5,2026-03-18,13.15,24570.71,Gadu,78.78,Cleaned,8.63,17.31,9.93,11.5125
1931,2,5,2026-03-25,11.92,26143.28,Gadu,76.22,Cleaned,13.15,8.91,17.25,12.265
1961,2,5,2026-04-01,12.68,23805.81,Gadu,19.47,Cleaned,11.92,15.36,12.41,11.595
1991,2,5,2026-04-08,11.17,25322.95,Gadu,50.05,Cleaned,12.68,8.63,17.31,12.23
2021,2,5,2026-04-15,12.43,24012.33,Gadu,55.17,Cleaned,11.17,13.15,8.91,12.049999999999999
2051,2,5,2026-04-22,11.79,25656.88,Gadu,68.55,Cleaned,12.43,11.92,15.36,12.0175
2081,2,5,2026-04-29,15.88,24206.22,Gadu,13.83,Cleaned,11.79,12.68,8.63,12.8175
2111,2,5,2026-05-06,14.77,23299.4,Gadu,21.5,Cleaned,15.88,11.17,13.15,13.7175
2141,2,5,2026-05-13,10.27,25549.06,Gadu,20.4,Cleaned,14.77,12.43,11.92,13.1775
2171,2,5,2026-05-20,12.57,23520.32,Gadu,63.35,Cleaned,10.27,11.79,12.68,13.3725
2201,2,5,2026-05-27,18.51,23331.28,Gadu,40.12,Cleaned,12.57,15.88,11.17,14.03
2231,2,5,2026-06-03,11.33,25388.07,Gadu,78.07,Cleaned,18.51,14.77,12.43,13.17
2261,2,5,2026-06-10,9.99,24130.85,Gadu,75.28,Cleaned,11.33,10.27,11.79,13.1
2291,2,5,2026-06-17,17.37,24596.67,Gadu,66.13,Cleaned,9.99,12.57,15.88,14.3
2321,2,5,2026-06-24,10.1,26417.51,Gadu,64.6,Cleaned,17.37,18.51,14.77,12.1975
2351,2,5,2026-07-01,15.99,23352.31,Bera,131.07,Cleaned,10.1,11.33,10.27,13.3625
2381,2,5,2026-07-08,13.3,22651.77,Bera,77.35,Cleaned,15.99,9.99,12.57,14.190000000000001
2411,2,5,2026-07-15,4.73,23408.82,Bera,131.16,Cleaned,13.3,17.37,18.51,11.03
2441,2,5,2026-07-22,13.23,25736.71,Bera,57.53,Cleaned,4.73,10.1,11.33,11.8125
2471,2,5,2026-07-29,15.33,23871.06,Bera,137.71,Cleaned,13.23,15.99,9.99,11.6475
2501,2,5,2026-08-05,13.93,23343.75,Bera,125.9,Cleaned,15.33,13.3,17.37,11.805000000000001
2531,2,5,2026-08-12,16.56,23230.48,Bera,141.02,Cleaned,13.93,4.73,10.1,14.7625
2561,2,5,2026-08-19,10.34,23557.53,Bera,94.59,Cleaned,16.56,13.23,15.99,14.04
2591,2,5,2026-08-26,10.42,27132.93,Bera,130.08,Cleaned,10.34,15.33,13.3,12.812499999999998
222,2,6,2025-02-19,8.11,29381.65,Rendeng,247.03,Cleaned,4.94,4.29,6.8,5.327500000000001
252,2,6,2025-02-26,6.61,29682.34,Rendeng,426.04,Cleaned,8.11,3.57,5.25,6.0875
282,2,6,2025-03-05,9.07,30175.83,Gadu,26.97,Cleaned,6.61,4.69,5.9,7.182500000000001
312,2,6,2025-03-12,6.79,25653.46,Gadu,47.28,Cleaned,9.07,4.94,4.29,7.6450000000000005
342,2,6,2025-03-19,7.03,29823.75,Gadu,67.49,Cleaned,6.79,8.11,3.57,7.375000000000001
372,2,6,2025-03-26,1.17,26954.2,Gadu,50.64,Cleaned,7.03,6.61,4.69,6.015000000000001
402,2,6,2025-04-02,7.06,29342.12,Gadu,33.93,Cleaned,1.17,9.07,4.94,5.512500000000001
432,2,6,2025-04-09,5.38,29551.2,Gadu,12.18,Cleaned,7.06,6.79,8.11,5.160000000000001
462,2,6,2025-04-16,6.17,28488.06,Gadu,11.71,Cleaned,5.38,7.03,6.61,4.945
492,2,6,2025-04-23,6.3,29428.2,Gadu,70.35,Cleaned,6.17,1.17,9.07,6.2275
522,2,6,2025-04-30,7.28,25580.82,Gadu,59.57,Cleaned,6.3,7.06,6.79,6.282500000000001
552,2,6,2025-05-07,5.83,24932.62,Gadu,31.73,Cleaned,7.28,5.38,7.03,6.395000000000001
582,2,6,2025-05-14,3.04,25908.64,Gadu,79.74,Cleaned,5.83,6.17,1.17,5.612500000000001
612,2,6,2025-05-21,6.55,27251.07,Gadu,21.69,Cleaned,3.04,6.3,7.06,5.675000000000001
642,2,6,2025-05-28,7.52,27299.22,Gadu,61.69,Cleaned,6.55,7.28,5.38,5.735000000000001
672,2,6,2025-06-04,4.34,28181.23,Gadu,49.71,Cleaned,7.52,5.83,6.17,5.362500000000001
702,2,6,2025-06-11,7.91,29124.97,Gadu,47.8,Cleaned,4.34,3.04,6.3,6.58
732,2,6,2025-06-18,6.28,28274.54,Gadu,15.66,Cleaned,7.91,6.55,7.28,6.512500000000001
762,2,6,2025-06-25,7.57,27156.82,Gadu,19.6,Cleaned,6.28,7.52,5.83,6.525
792,2,6,2025-07-02,6.02,25418.26,Bera,70.57,Cleaned,7.57,4.34,3.04,6.945000000000001
822,2,6,2025-07-09,5.01,29571.58,Bera,126.11,Cleaned,6.02,7.91,6.55,6.2200000000000015
852,2,6,2025-07-16,7.1,26392.99,Bera,58.86,Cleaned,5.01,6.28,7.52,6.425000000000001
882,2,6,2025-07-23,5.88,28725.48,Bera,139.98,Cleaned,7.1,7.57,4.34,6.002500000000001
912,2,6,2025-07-30,4.88,28348.61,Bera,60.55,Cleaned,5.88,6.02,7.91,5.717500000000001
942,2,6,2025-08-06,4.95,28285.85,Bera,132.6,Cleaned,4.88,5.01,6.28,5.702500000000001
972,2,6,2025-08-13,5.83,28044.38,Bera,137.28,Cleaned,4.95,7.1,7.57,5.385000000000002
1002,2,6,2025-08-20,3.15,27010.62,Bera,78.07,Cleaned,5.83,5.88,6.02,4.702500000000001
1032,2,6,2025-08-27,4.57,26791.45,Bera,79.5,Cleaned,3.15,4.88,5.01,4.625000000000002
1062,2,6,2025-09-03,7.06,25515.58,Bera,145.59,Cleaned,4.57,4.95,7.1,5.152500000000001
1092,2,6,2025-09-10,4.59,24798.75,Bera,107.73,Cleaned,7.06,5.83,5.88,4.842500000000001
1122,2,6,2025-09-17,6.64,27610.93,Bera,78.1,Cleaned,4.59,3.15,4.88,5.715000000000002
1152,2,6,2025-09-24,5.22,25915.97,Bera,50.44,Cleaned,6.64,4.57,4.95,5.877500000000001
1182,2,6,2025-10-01,6.19,27268.98,Bera,101.9,Cleaned,5.22,7.06,5.83,5.66
1212,2,6,2025-10-08,6.04,30146.48,Bera,102.97,Cleaned,6.19,4.59,3.15,6.022500000000001
1242,2,6,2025-10-15,3.06,28923.27,Bera,141.95,Cleaned,6.04,6.64,4.57,5.1275
1272,2,6,2025-10-22,6.43,29043.47,Bera,80.42,Cleaned,3.06,5.22,7.06,5.430000000000001
1302,2,6,2025-10-29,6.84,28186.81,Bera,51.14,Cleaned,6.43,6.19,4.59,5.592500000000001
1332,2,6,2025-11-05,7.93,24833.11,Rendeng,244.84,Cleaned,6.84,6.04,6.64,6.065000000000001
1362,2,6,2025-11-12,3.63,28808.55,Rendeng,260.51,Cleaned,7.93,3.06,5.22,6.2075000000000005
1392,2,6,2025-11-19,2.06,25816.25,Rendeng,366.05,Cleaned,3.63,6.43,6.19,5.115000000000001
1422,2,6,2025-11-26,3.84,28537.47,Rendeng,242.92,Cleaned,2.06,6.84,6.04,4.365000000000001
1452,2,6,2025-12-03,6.68,29647.25,Rendeng,380.68,Cleaned,3.84,7.93,3.06,4.0525
1482,2,6,2025-12-10,6.32,27921.86,Rendeng,348.83,Cleaned,6.68,3.63,6.43,4.725000000000001
1512,2,6,2025-12-17,8.92,29355.52,Rendeng,445.28,Cleaned,6.32,2.06,6.84,6.44
1542,2,6,2025-12-24,3.53,25094.11,Rendeng,404.24,Cleaned,8.92,3.84,7.93,6.362500000000001
1572,2,6,2025-12-31,6.47,25768.99,Rendeng,385.41,Cleaned,3.53,6.68,3.63,6.3100000000000005
1602,2,6,2026-01-07,8.75,25633.74,Rendeng,251.89,Cleaned,6.47,6.32,2.06,6.9175
1632,2,6,2026-01-14,6.29,27206.93,Rendeng,384.77,Cleaned,8.75,8.92,3.84,6.260000000000001
1662,2,6,2026-01-21,5.5,30159.62,Rendeng,383.25,Cleaned,6.29,3.53,6.68,6.7525
1692,2,6,2026-01-28,5.27,27022.45,Rendeng,318.9,Cleaned,5.5,6.47,6.32,6.452500000000001
1722,2,6,2026-02-04,7.62,25412.13,Rendeng,262.79,Cleaned,5.27,8.75,8.92,6.170000000000001
1752,2,6,2026-02-11,3.72,28930.89,Rendeng,212.64,Cleaned,7.62,6.29,3.53,5.527500000000001
1782,2,6,2026-02-18,8.41,27914.48,Rendeng,272.36,Cleaned,3.72,5.5,6.47,6.255000000000001
1812,2,6,2026-02-25,6.27,28759.17,Rendeng,235.82,Cleaned,8.41,5.27,8.75,6.505000000000001
1842,2,6,2026-03-04,6.59,27489.71,Gadu,59.04,Cleaned,6.27,7.62,6.29,6.2475000000000005
1872,2,6,2026-03-11,6.94,27788.01,Gadu,34.83,Cleaned,6.59,3.72,5.5,7.052500000000001
1902,2,6,2026-03-18,8.1,30018.7,Gadu,78.78,Cleaned,6.94,8.41,5.27,6.975000000000001
1932,2,6,2026-03-25,6.65,26484.5,Gadu,76.22,Cleaned,8.1,6.27,7.62,7.07
1962,2,6,2026-04-01,8.28,28572.24,Gadu,19.47,Cleaned,6.65,6.59,3.72,7.4925000000000015
1992,2,6,2026-04-08,7.5,28396.65,Gadu,50.05,Cleaned,8.28,6.94,8.41,7.632500000000001
2022,2,6,2026-04-15,6.14,29472.84,Gadu,55.17,Cleaned,7.5,8.1,6.27,7.142500000000001
2052,2,6,2026-04-22,6.09,26238.08,Gadu,68.55,Cleaned,6.14,6.65,6.59,7.0025
2082,2,6,2026-04-29,4.99,27193.01,Gadu,13.83,Cleaned,6.09,8.28,6.94,6.180000000000001
2112,2,6,2026-05-06,1.9,28551.86,Gadu,21.5,Cleaned,4.99,7.5,8.1,4.780000000000001
2142,2,6,2026-05-13,5.51,26074.42,Gadu,20.4,Cleaned,1.9,6.14,6.65,4.6225000000000005
2172,2,6,2026-05-20,8.58,26355.51,Gadu,63.35,Cleaned,5.51,6.09,8.28,5.245000000000001
2202,2,6,2026-05-27,8.0,26838.56,Gadu,40.12,Cleaned,8.58,4.99,7.5,5.9975000000000005
2232,2,6,2026-06-03,4.81,27889.99,Gadu,78.07,Cleaned,8.0,1.9,6.14,6.7250000000000005
2262,2,6,2026-06-10,5.97,27327.06,Gadu,75.28,Cleaned,4.81,5.51,6.09,6.840000000000001
2292,2,6,2026-06-17,7.5,28606.04,Gadu,66.13,Cleaned,5.97,8.58,4.99,6.57
2322,2,6,2026-06-24,5.66,24807.82,Gadu,64.6,Cleaned,7.5,8.0,1.9,5.985
2352,2,6,2026-07-01,4.71,26864.84,Bera,131.07,Cleaned,5.66,4.81,5.51,5.960000000000001
2382,2,6,2026-07-08,5.02,29390.97,Bera,77.35,Cleaned,4.71,5.97,8.58,5.722500000000001
2412,2,6,2026-07-15,5.63,27522.73,Bera,131.16,Cleaned,5.02,7.5,8.0,5.255000000000001
2442,2,6,2026-07-22,7.62,25455.92,Bera,57.53,Cleaned,5.63,5.66,4.81,5.745000000000001
2472,2,6,2026-07-29,2.81,24896.35,Bera,137.71,Cleaned,7.62,4.71,5.97,5.2700000000000005
2502,2,6,2026-08-05,6.23,30075.8,Bera,125.9,Cleaned,2.81,5.02,7.5,5.572500000000001
2532,2,6,2026-08-12,3.3,29276.52,Bera,141.02,Cleaned,6.23,5.63,5.66,4.990000000000001
2562,2,6,2026-08-19,6.62,28798.19,Bera,94.59,Cleaned,3.3,7.62,4.71,4.74
2592,2,6,2026-08-26,3.76,28657.32,Bera,130.08,Cleaned,6.62,2.81,5.02,4.977500000000001
223,3,1,2025-02-19,37.14,29488.92,Rendeng,247.03,Cleaned,30.8,26.11,39.87,41.4075
253,3,1,2025-02-26,62.17,28033.92,Rendeng,426.04,Cleaned,37.14,66.03,35.93,40.4425
283,3,1,2025-03-05,22.32,27610.69,Gadu,26.97,Cleaned,62.17,31.66,58.15,38.1075
313,3,1,2025-03-12,44.73,30138.39,Gadu,47.28,Cleaned,22.32,30.8,26.11,41.589999999999996
343,3,1,2025-03-19,29.34,30457.73,Gadu,67.49,Cleaned,44.73,37.14,66.03,39.64
373,3,1,2025-03-26,24.87,28091.57,Gadu,50.64,Cleaned,29.34,62.17,31.66,30.314999999999998
403,3,1,2025-04-02,38.67,28030.08,Gadu,33.93,Cleaned,24.87,22.32,30.8,34.4025
433,3,1,2025-04-09,47.88,30952.7,Gadu,12.18,Cleaned,38.67,44.73,37.14,35.190000000000005
463,3,1,2025-04-16,49.82,32668.39,Gadu,11.71,Cleaned,47.88,29.34,62.17,40.31
493,3,1,2025-04-23,43.14,32022.08,Gadu,70.35,Cleaned,49.82,24.87,22.32,44.8775
523,3,1,2025-04-30,45.96,29518.36,Gadu,59.57,Cleaned,43.14,38.67,44.73,46.699999999999996
553,3,1,2025-05-07,36.4,27796.29,Gadu,31.73,Cleaned,45.96,47.88,29.34,43.83
583,3,1,2025-05-14,55.5,31398.68,Gadu,79.74,Cleaned,36.4,49.82,24.87,45.25
613,3,1,2025-05-21,14.22,31001.19,Gadu,21.69,Cleaned,55.5,43.14,38.67,38.02
643,3,1,2025-05-28,49.79,30114.49,Gadu,61.69,Cleaned,14.22,45.96,47.88,38.9775
673,3,1,2025-06-04,64.11,28008.09,Gadu,49.71,Cleaned,49.79,36.4,49.82,45.905
703,3,1,2025-06-11,25.86,32954.9,Gadu,47.8,Cleaned,64.11,55.5,43.14,38.495000000000005
733,3,1,2025-06-18,44.69,30901.21,Gadu,15.66,Cleaned,25.86,14.22,45.96,46.1125
763,3,1,2025-06-25,46.28,27230.56,Gadu,19.6,Cleaned,44.69,49.79,36.4,45.235
793,3,1,2025-07-02,40.89,30874.86,Bera,70.57,Cleaned,46.28,64.11,55.5,39.43
823,3,1,2025-07-09,58.39,32317.17,Bera,126.11,Cleaned,40.89,25.86,14.22,47.5625
853,3,1,2025-07-16,50.38,32051.6,Bera,58.86,Cleaned,58.39,44.69,49.79,48.98500000000001
883,3,1,2025-07-23,40.5,30261.23,Bera,139.98,Cleaned,50.38,46.28,64.11,47.540000000000006
913,3,1,2025-07-30,36.16,30691.79,Bera,60.55,Cleaned,40.5,40.89,25.86,46.3575
943,3,1,2025-08-06,39.92,28831.86,Bera,132.6,Cleaned,36.16,58.39,44.69,41.74
973,3,1,2025-08-13,41.52,31975.72,Bera,137.28,Cleaned,39.92,50.38,46.28,39.525000000000006
1003,3,1,2025-08-20,41.54,30647.43,Bera,78.07,Cleaned,41.52,40.5,40.89,39.785000000000004
1033,3,1,2025-08-27,56.76,31130.43,Bera,79.5,Cleaned,41.54,36.16,58.39,44.935
1063,3,1,2025-09-03,62.39,29933.39,Bera,145.59,Cleaned,56.76,39.92,50.38,50.552499999999995
1093,3,1,2025-09-10,32.28,27085.89,Bera,107.73,Cleaned,62.39,41.52,40.5,48.24250000000001
1123,3,1,2025-09-17,42.99,28628.46,Bera,78.1,Cleaned,32.28,41.54,36.16,48.605
1153,3,1,2025-09-24,34.19,32280.94,Bera,50.44,Cleaned,42.99,56.76,39.92,42.9625
1183,3,1,2025-10-01,19.99,27394.17,Bera,101.9,Cleaned,34.19,62.39,41.52,32.3625
1213,3,1,2025-10-08,44.79,32447.39,Bera,102.97,Cleaned,19.99,32.28,41.54,35.489999999999995
1243,3,1,2025-10-15,28.09,32364.57,Bera,141.95,Cleaned,44.79,42.99,56.76,31.764999999999997
1273,3,1,2025-10-22,45.02,27254.53,Bera,80.42,Cleaned,28.09,34.19,62.39,34.4725
1303,3,1,2025-10-29,52.45,32436.52,Bera,51.14,Cleaned,45.02,19.99,32.28,42.5875
1333,3,1,2025-11-05,52.19,30660.04,Rendeng,244.84,Cleaned,52.45,44.79,42.99,44.4375
1363,3,1,2025-11-12,29.65,29226.68,Rendeng,260.51,Cleaned,52.19,28.09,34.19,44.8275
1393,3,1,2025-11-19,43.28,32027.45,Rendeng,366.05,Cleaned,29.65,45.02,19.99,44.392500000000005
1423,3,1,2025-11-26,41.7,32016.71,Rendeng,242.92,Cleaned,43.28,52.45,44.79,41.705
1453,3,1,2025-12-03,42.57,31552.29,Rendeng,380.68,Cleaned,41.7,52.19,28.09,39.3
1483,3,1,2025-12-10,47.19,32148.14,Rendeng,348.83,Cleaned,42.57,29.65,45.02,43.685
1513,3,1,2025-12-17,44.5,31197.84,Rendeng,445.28,Cleaned,47.19,43.28,52.45,43.989999999999995
1543,3,1,2025-12-24,45.33,27881.53,Rendeng,404.24,Cleaned,44.5,41.7,52.19,44.8975
1573,3,1,2025-12-31,27.98,28097.03,Rendeng,385.41,Cleaned,45.33,42.57,29.65,41.24999999999999
1603,3,1,2026-01-07,37.94,28424.87,Rendeng,251.89,Cleaned,27.98,47.19,43.28,38.9375
1633,3,1,2026-01-14,19.43,29825.76,Rendeng,384.77,Cleaned,37.94,44.5,41.7,32.67
1663,3,1,2026-01-21,16.45,27302.1,Rendeng,383.25,Cleaned,19.43,45.33,42.57,25.45
1693,3,1,2026-01-28,51.82,27420.65,Rendeng,318.9,Cleaned,16.45,27.98,47.19,31.41
1723,3,1,2026-02-04,23.54,28843.3,Rendeng,262.79,Cleaned,51.82,37.94,44.5,27.810000000000002
1753,3,1,2026-02-11,36.48,28609.05,Rendeng,212.64,Cleaned,23.54,19.43,45.33,32.0725
1783,3,1,2026-02-18,19.35,31611.49,Rendeng,272.36,Cleaned,36.48,16.45,27.98,32.7975
1813,3,1,2026-02-25,34.11,27000.18,Rendeng,235.82,Cleaned,19.35,51.82,37.94,28.369999999999997
1843,3,1,2026-03-04,25.86,28846.63,Gadu,59.04,Cleaned,34.11,23.54,19.43,28.950000000000003
1873,3,1,2026-03-11,49.95,30461.89,Gadu,34.83,Cleaned,25.86,36.48,16.45,32.3175
1903,3,1,2026-03-18,64.68,28322.93,Gadu,78.78,Cleaned,49.95,19.35,51.82,43.650000000000006
1933,3,1,2026-03-25,22.38,27581.79,Gadu,76.22,Cleaned,64.68,34.11,23.54,40.7175
1963,3,1,2026-04-01,54.34,31410.15,Gadu,19.47,Cleaned,22.38,25.86,36.48,47.837500000000006
1993,3,1,2026-04-08,44.0,32981.7,Gadu,50.05,Cleaned,54.34,49.95,19.35,46.35
2023,3,1,2026-04-15,43.17,27880.17,Gadu,55.17,Cleaned,44.0,64.68,34.11,40.9725
2053,3,1,2026-04-22,49.96,29358.73,Gadu,68.55,Cleaned,43.17,22.38,25.86,47.8675
2083,3,1,2026-04-29,39.66,32168.67,Gadu,13.83,Cleaned,49.96,54.34,49.95,44.1975
2113,3,1,2026-05-06,32.55,30020.07,Gadu,21.5,Cleaned,39.66,44.0,64.68,41.335
2143,3,1,2026-05-13,30.11,27882.98,Gadu,20.4,Cleaned,32.55,43.17,22.38,38.07
2173,3,1,2026-05-20,37.12,28296.19,Gadu,63.35,Cleaned,30.11,49.96,54.34,34.86
2203,3,1,2026-05-27,42.47,31365.79,Gadu,40.12,Cleaned,37.12,39.66,44.0,35.5625
2233,3,1,2026-06-03,24.21,27639.74,Gadu,78.07,Cleaned,42.47,32.55,43.17,33.4775
2263,3,1,2026-06-10,33.98,28221.21,Gadu,75.28,Cleaned,24.21,30.11,49.96,34.44499999999999
2293,3,1,2026-06-17,40.03,27044.12,Gadu,66.13,Cleaned,33.98,37.12,39.66,35.1725
2323,3,1,2026-06-24,43.03,29597.04,Gadu,64.6,Cleaned,40.03,42.47,32.55,35.3125
2353,3,1,2026-07-01,28.64,31690.68,Bera,131.07,Cleaned,43.03,24.21,30.11,36.42
2383,3,1,2026-07-08,21.34,27802.67,Bera,77.35,Cleaned,28.64,33.98,37.12,33.26
2413,3,1,2026-07-15,25.15,29783.91,Bera,131.16,Cleaned,21.34,40.03,42.47,29.54
2443,3,1,2026-07-22,37.02,27239.69,Bera,57.53,Cleaned,25.15,43.03,24.21,28.0375
2473,3,1,2026-07-29,47.08,30484.54,Bera,137.71,Cleaned,37.02,28.64,33.98,32.6475
2503,3,1,2026-08-05,46.05,31060.92,Bera,125.9,Cleaned,47.08,21.34,40.03,38.825
2533,3,1,2026-08-12,46.53,29431.18,Bera,141.02,Cleaned,46.05,25.15,43.03,44.17
2563,3,1,2026-08-19,39.24,27975.07,Bera,94.59,Cleaned,46.53,37.02,28.64,44.725
2593,3,1,2026-08-26,44.91,27505.28,Bera,130.08,Cleaned,39.24,47.08,21.34,44.1825
224,3,2,2025-02-19,47.47,28640.44,Rendeng,247.03,Cleaned,48.74,39.63,29.26,48.352500000000006
254,3,2,2025-02-26,31.3,28153.73,Rendeng,426.04,Cleaned,47.47,53.76,38.32,42.737500000000004
284,3,2,2025-03-05,40.46,27917.15,Gadu,26.97,Cleaned,31.3,43.44,43.69,41.99250000000001
314,3,2,2025-03-12,45.36,29152.98,Gadu,47.28,Cleaned,40.46,48.74,39.63,41.1475
344,3,2,2025-03-19,39.51,30640.29,Gadu,67.49,Cleaned,45.36,47.47,53.76,39.1575
374,3,2,2025-03-26,36.73,32170.71,Gadu,50.64,Cleaned,39.51,31.3,43.44,40.515
404,3,2,2025-04-02,38.22,28633.84,Gadu,33.93,Cleaned,36.73,40.46,48.74,39.955
434,3,2,2025-04-09,41.04,31153.66,Gadu,12.18,Cleaned,38.22,45.36,47.47,38.875
464,3,2,2025-04-16,32.39,29804.41,Gadu,11.71,Cleaned,41.04,39.51,31.3,37.095000000000006
494,3,2,2025-04-23,42.04,31184.83,Gadu,70.35,Cleaned,32.39,36.73,40.46,38.4225
524,3,2,2025-04-30,33.59,30831.16,Gadu,59.57,Cleaned,42.04,38.22,45.36,37.265
554,3,2,2025-05-07,27.02,30405.25,Gadu,31.73,Cleaned,33.59,41.04,39.51,33.760000000000005
584,3,2,2025-05-14,48.95,27789.41,Gadu,79.74,Cleaned,27.02,32.39,36.73,37.900000000000006
614,3,2,2025-05-21,65.12,27837.91,Gadu,21.69,Cleaned,48.95,42.04,38.22,43.67
644,3,2,2025-05-28,31.24,29875.09,Gadu,61.69,Cleaned,65.12,33.59,41.04,43.0825
674,3,2,2025-06-04,21.76,31421.24,Gadu,49.71,Cleaned,31.24,27.02,32.39,41.7675
704,3,2,2025-06-11,31.33,32562.01,Gadu,47.8,Cleaned,21.76,48.95,42.04,37.362500000000004
734,3,2,2025-06-18,21.3,27912.15,Gadu,15.66,Cleaned,31.33,65.12,33.59,26.407500000000002
764,3,2,2025-06-25,29.55,32410.57,Gadu,19.6,Cleaned,21.3,31.24,27.02,25.985000000000007
794,3,2,2025-07-02,32.91,28715.44,Bera,70.57,Cleaned,29.55,21.76,48.95,28.7725
824,3,2,2025-07-09,30.47,30558.27,Bera,126.11,Cleaned,32.91,31.33,65.12,28.557500000000005
854,3,2,2025-07-16,32.59,28116.61,Bera,58.86,Cleaned,30.47,21.3,31.24,31.380000000000003
884,3,2,2025-07-23,30.8,27490.35,Bera,139.98,Cleaned,32.59,29.55,21.76,31.692500000000003
914,3,2,2025-07-30,22.54,27500.78,Bera,60.55,Cleaned,30.8,32.91,31.33,29.1
944,3,2,2025-08-06,54.75,28275.87,Bera,132.6,Cleaned,22.54,30.47,21.3,35.17
974,3,2,2025-08-13,41.28,32273.87,Bera,137.28,Cleaned,54.75,32.59,29.55,37.3425
1004,3,2,2025-08-20,39.9,28856.24,Bera,78.07,Cleaned,41.28,30.8,32.91,39.6175
1034,3,2,2025-08-27,42.71,29247.32,Bera,79.5,Cleaned,39.9,22.54,30.47,44.660000000000004
1064,3,2,2025-09-03,25.07,29410.67,Bera,145.59,Cleaned,42.71,54.75,32.59,37.24
1094,3,2,2025-09-10,43.51,31427.22,Bera,107.73,Cleaned,25.07,41.28,30.8,37.7975
1124,3,2,2025-09-17,29.33,29980.17,Bera,78.1,Cleaned,43.51,39.9,22.54,35.155
1154,3,2,2025-09-24,56.46,28294.44,Bera,50.44,Cleaned,29.33,42.71,54.75,38.5925
1184,3,2,2025-10-01,26.01,28369.41,Bera,101.9,Cleaned,56.46,25.07,41.28,38.82750000000001
1214,3,2,2025-10-08,28.58,32662.21,Bera,102.97,Cleaned,26.01,43.51,39.9,35.095000000000006
1244,3,2,2025-10-15,20.8,32678.74,Bera,141.95,Cleaned,28.58,29.33,42.71,32.962500000000006
1274,3,2,2025-10-22,35.71,28591.96,Bera,80.42,Cleaned,20.8,56.46,25.07,27.775000000000002
1304,3,2,2025-10-29,37.33,27072.94,Bera,51.14,Cleaned,35.71,26.01,43.51,30.605000000000004
1334,3,2,2025-11-05,45.14,28877.44,Rendeng,244.84,Cleaned,37.33,28.58,29.33,34.745000000000005
1364,3,2,2025-11-12,35.01,32524.6,Rendeng,260.51,Cleaned,45.14,20.8,56.46,38.2975
1394,3,2,2025-11-19,43.41,32152.59,Rendeng,366.05,Cleaned,35.01,35.71,26.01,40.222500000000004
1424,3,2,2025-11-26,52.88,31928.33,Rendeng,242.92,Cleaned,43.41,37.33,28.58,44.11
1454,3,2,2025-12-03,36.88,30582.93,Rendeng,380.68,Cleaned,52.88,45.14,20.8,42.04500000000001
1484,3,2,2025-12-10,40.98,32985.77,Rendeng,348.83,Cleaned,36.88,35.01,35.71,43.5375
1514,3,2,2025-12-17,48.44,32028.93,Rendeng,445.28,Cleaned,40.98,43.41,37.33,44.795
1544,3,2,2025-12-24,28.83,29055.87,Rendeng,404.24,Cleaned,48.44,52.88,45.14,38.7825
1574,3,2,2025-12-31,27.19,31954.27,Rendeng,385.41,Cleaned,28.83,36.88,35.01,36.36000000000001
1604,3,2,2026-01-07,30.21,27297.69,Rendeng,251.89,Cleaned,27.19,40.98,43.41,33.667500000000004
1634,3,2,2026-01-14,34.72,30971.48,Rendeng,384.77,Cleaned,30.21,48.44,52.88,30.237500000000004
1664,3,2,2026-01-21,25.68,27316.59,Rendeng,383.25,Cleaned,34.72,28.83,36.88,29.450000000000003
1694,3,2,2026-01-28,47.98,29371.56,Rendeng,318.9,Cleaned,25.68,27.19,40.98,34.64750000000001
1724,3,2,2026-02-04,40.56,30278.75,Rendeng,262.79,Cleaned,47.98,30.21,48.44,37.235
1754,3,2,2026-02-11,32.85,29166.45,Rendeng,212.64,Cleaned,40.56,34.72,28.83,36.767500000000005
1784,3,2,2026-02-18,29.17,28357.63,Rendeng,272.36,Cleaned,32.85,25.68,27.19,37.64
1814,3,2,2026-02-25,37.49,31272.82,Rendeng,235.82,Cleaned,29.17,47.98,30.21,35.017500000000005
1844,3,2,2026-03-04,43.28,30681.83,Gadu,59.04,Cleaned,37.49,40.56,34.72,35.697500000000005
1874,3,2,2026-03-11,37.26,29072.89,Gadu,34.83,Cleaned,43.28,32.85,25.68,36.800000000000004
1904,3,2,2026-03-18,43.85,30753.9,Gadu,78.78,Cleaned,37.26,29.17,47.98,40.47
1934,3,2,2026-03-25,28.74,28074.19,Gadu,76.22,Cleaned,43.85,37.49,40.56,38.282500000000006
1964,3,2,2026-04-01,37.87,30660.65,Gadu,19.47,Cleaned,28.74,43.28,32.85,36.93000000000001
1994,3,2,2026-04-08,36.68,31320.94,Gadu,50.05,Cleaned,37.87,37.26,29.17,36.785000000000004
2024,3,2,2026-04-15,40.34,31141.94,Gadu,55.17,Cleaned,36.68,43.85,37.49,35.907500000000006
2054,3,2,2026-04-22,27.04,27835.52,Gadu,68.55,Cleaned,40.34,28.74,43.28,35.4825
2084,3,2,2026-04-29,55.82,32196.21,Gadu,13.83,Cleaned,27.04,37.87,37.26,39.970000000000006
2114,3,2,2026-05-06,25.29,31778.64,Gadu,21.5,Cleaned,55.82,36.68,43.85,37.1225
2144,3,2,2026-05-13,32.59,28787.86,Gadu,20.4,Cleaned,25.29,40.34,28.74,35.185
2174,3,2,2026-05-20,51.9,32803.63,Gadu,63.35,Cleaned,32.59,27.04,37.87,41.400000000000006
2204,3,2,2026-05-27,35.52,32535.62,Gadu,40.12,Cleaned,51.9,55.82,36.68,36.325
2234,3,2,2026-06-03,22.96,29200.79,Gadu,78.07,Cleaned,35.52,25.29,40.34,35.74250000000001
2264,3,2,2026-06-10,31.44,31614.37,Gadu,75.28,Cleaned,22.96,32.59,27.04,35.455000000000005
2294,3,2,2026-06-17,7.4,31150.32,Gadu,66.13,Cleaned,31.44,51.9,55.82,24.330000000000002
2324,3,2,2026-06-24,37.35,30213.25,Gadu,64.6,Cleaned,7.4,35.52,25.29,24.787500000000005
2354,3,2,2026-07-01,14.78,29905.04,Bera,131.07,Cleaned,37.35,22.96,32.59,22.742500000000007
2384,3,2,2026-07-08,32.45,32719.84,Bera,77.35,Cleaned,14.78,31.44,51.9,22.995000000000005
2414,3,2,2026-07-15,25.84,27799.71,Bera,131.16,Cleaned,32.45,7.4,35.52,27.605000000000008
2444,3,2,2026-07-22,43.41,29173.76,Bera,57.53,Cleaned,25.84,37.35,22.96,29.120000000000005
2474,3,2,2026-07-29,49.14,31450.1,Bera,137.71,Cleaned,43.41,14.78,31.44,37.71000000000001
2504,3,2,2026-08-05,33.89,28809.52,Bera,125.9,Cleaned,49.14,32.45,7.4,38.07000000000001
2534,3,2,2026-08-12,21.98,30576.26,Bera,141.02,Cleaned,33.89,25.84,37.35,37.105000000000004
2564,3,2,2026-08-19,13.64,32758.47,Bera,94.59,Cleaned,21.98,43.41,14.78,29.662500000000005
2594,3,2,2026-08-26,7.38,32907.46,Bera,130.08,Cleaned,13.64,49.14,32.45,19.222500000000004
225,3,3,2025-02-19,23.11,31613.92,Rendeng,247.03,Cleaned,8.97,21.53,18.92,21.14
255,3,3,2025-02-26,17.43,27532.22,Rendeng,426.04,Cleaned,23.11,23.18,17.48,19.7025
285,3,3,2025-03-05,18.57,28119.4,Gadu,26.97,Cleaned,17.43,29.3,27.57,17.02
315,3,3,2025-03-12,21.21,31899.6,Gadu,47.28,Cleaned,18.57,8.97,21.53,20.08
345,3,3,2025-03-19,34.11,32606.2,Gadu,67.49,Cleaned,21.21,23.11,23.18,22.83
375,3,3,2025-03-26,22.04,28624.47,Gadu,50.64,Cleaned,34.11,17.43,29.3,23.982499999999998
405,3,3,2025-04-02,24.43,28644.33,Gadu,33.93,Cleaned,22.04,18.57,8.97,25.447499999999998
435,3,3,2025-04-09,19.94,29936.55,Gadu,12.18,Cleaned,24.43,21.21,23.11,25.13
465,3,3,2025-04-16,15.3,32947.01,Gadu,11.71,Cleaned,19.94,34.11,17.43,20.4275
495,3,3,2025-04-23,30.06,31516.3,Gadu,70.35,Cleaned,15.3,22.04,18.57,22.4325
525,3,3,2025-04-30,12.52,32903.87,Gadu,59.57,Cleaned,30.06,24.43,21.21,19.455000000000002
555,3,3,2025-05-07,29.92,28200.9,Gadu,31.73,Cleaned,12.52,19.94,34.11,21.95
585,3,3,2025-05-14,26.5,28078.1,Gadu,79.74,Cleaned,29.92,15.3,22.04,24.75
615,3,3,2025-05-21,16.58,31040.59,Gadu,21.69,Cleaned,26.5,30.06,24.43,21.38
645,3,3,2025-05-28,13.46,30481.03,Gadu,61.69,Cleaned,16.58,12.52,19.94,21.615000000000002
675,3,3,2025-06-04,20.63,27574.29,Gadu,49.71,Cleaned,13.46,29.92,15.3,19.2925
705,3,3,2025-06-11,31.48,30125.75,Gadu,47.8,Cleaned,20.63,26.5,30.06,20.5375
735,3,3,2025-06-18,18.31,32969.2,Gadu,15.66,Cleaned,31.48,16.58,12.52,20.97
765,3,3,2025-06-25,38.01,30956.12,Gadu,19.6,Cleaned,18.31,13.46,29.92,27.107499999999998
795,3,3,2025-07-02,25.18,32079.09,Bera,70.57,Cleaned,38.01,20.63,26.5,28.244999999999997
825,3,3,2025-07-09,13.26,31173.71,Bera,126.11,Cleaned,25.18,31.48,16.58,23.69
855,3,3,2025-07-16,21.75,29897.81,Bera,58.86,Cleaned,13.26,18.31,13.46,24.55
885,3,3,2025-07-23,15.65,27994.65,Bera,139.98,Cleaned,21.75,38.01,20.63,18.96
915,3,3,2025-07-30,24.4,30031.24,Bera,60.55,Cleaned,15.65,25.18,31.48,18.765
945,3,3,2025-08-06,26.63,32227.23,Bera,132.6,Cleaned,24.4,13.26,18.31,22.107499999999998
975,3,3,2025-08-13,27.6,29582.56,Bera,137.28,Cleaned,26.63,21.75,38.01,23.57
1005,3,3,2025-08-20,19.73,28545.64,Bera,78.07,Cleaned,27.6,15.65,25.18,24.589999999999996
1035,3,3,2025-08-27,21.32,27855.56,Bera,79.5,Cleaned,19.73,24.4,13.26,23.82
1065,3,3,2025-09-03,30.7,30723.96,Bera,145.59,Cleaned,21.32,26.63,21.75,24.837500000000002
1095,3,3,2025-09-10,26.64,27857.1,Bera,107.73,Cleaned,30.7,27.6,15.65,24.5975
1125,3,3,2025-09-17,18.27,30777.35,Bera,78.1,Cleaned,26.64,19.73,24.4,24.232499999999998
1155,3,3,2025-09-24,29.8,28771.81,Bera,50.44,Cleaned,18.27,21.32,26.63,26.3525
1185,3,3,2025-10-01,22.36,31484.67,Bera,101.9,Cleaned,29.8,30.7,27.6,24.2675
1215,3,3,2025-10-08,23.26,32863.85,Bera,102.97,Cleaned,22.36,26.64,19.73,23.4225
1245,3,3,2025-10-15,21.77,31682.19,Bera,141.95,Cleaned,23.26,18.27,21.32,24.2975
1275,3,3,2025-10-22,12.08,31286.54,Bera,80.42,Cleaned,21.77,29.8,30.7,19.8675
1305,3,3,2025-10-29,20.52,30293.15,Bera,51.14,Cleaned,12.08,22.36,26.64,19.4075
1335,3,3,2025-11-05,27.62,32196.57,Rendeng,244.84,Cleaned,20.52,23.26,18.27,20.4975
1365,3,3,2025-11-12,30.51,28613.12,Rendeng,260.51,Cleaned,27.62,21.77,29.8,22.6825
1395,3,3,2025-11-19,20.38,30663.28,Rendeng,366.05,Cleaned,30.51,12.08,22.36,24.7575
1425,3,3,2025-11-26,22.71,29001.77,Rendeng,242.92,Cleaned,20.38,20.52,23.26,25.305
1455,3,3,2025-12-03,28.51,30472.84,Rendeng,380.68,Cleaned,22.71,27.62,21.77,25.527500000000003
1485,3,3,2025-12-10,16.04,27134.56,Rendeng,348.83,Cleaned,28.51,30.51,12.08,21.91
1515,3,3,2025-12-17,16.29,29411.32,Rendeng,445.28,Cleaned,16.04,20.38,20.52,20.887500000000003
1545,3,3,2025-12-24,22.86,28814.52,Rendeng,404.24,Cleaned,16.29,22.71,27.62,20.924999999999997
1575,3,3,2025-12-31,25.71,32819.56,Rendeng,385.41,Cleaned,22.86,28.51,30.51,20.225
1605,3,3,2026-01-07,19.13,30649.92,Rendeng,251.89,Cleaned,25.71,16.04,20.38,20.997500000000002
1635,3,3,2026-01-14,28.79,30467.35,Rendeng,384.77,Cleaned,19.13,16.29,22.71,24.1225
1665,3,3,2026-01-21,20.21,28359.13,Rendeng,383.25,Cleaned,28.79,22.86,28.51,23.46
1695,3,3,2026-01-28,20.47,31963.81,Rendeng,318.9,Cleaned,20.21,25.71,16.04,22.15
1725,3,3,2026-02-04,15.03,28025.62,Rendeng,262.79,Cleaned,20.47,19.13,16.29,21.125
1755,3,3,2026-02-11,34.83,27340.08,Rendeng,212.64,Cleaned,15.03,28.79,22.86,22.634999999999998
1785,3,3,2026-02-18,15.81,30751.98,Rendeng,272.36,Cleaned,34.83,20.21,25.71,21.534999999999997
1815,3,3,2026-02-25,14.09,27077.38,Rendeng,235.82,Cleaned,15.81,20.47,19.13,19.939999999999998
1845,3,3,2026-03-04,34.08,29188.93,Gadu,59.04,Cleaned,14.09,15.03,28.79,24.702499999999997
1875,3,3,2026-03-11,24.36,27475.68,Gadu,34.83,Cleaned,34.08,34.83,20.21,22.085
1905,3,3,2026-03-18,14.16,27357.52,Gadu,78.78,Cleaned,24.36,15.81,20.47,21.6725
1935,3,3,2026-03-25,27.37,30281.57,Gadu,76.22,Cleaned,14.16,14.09,15.03,24.9925
1965,3,3,2026-04-01,15.38,28568.0,Gadu,19.47,Cleaned,27.37,34.08,34.83,20.317500000000003
1995,3,3,2026-04-08,27.57,27295.33,Gadu,50.05,Cleaned,15.38,24.36,15.81,21.12
2025,3,3,2026-04-15,24.11,28989.7,Gadu,55.17,Cleaned,27.57,14.16,14.09,23.6075
2055,3,3,2026-04-22,23.24,32854.67,Gadu,68.55,Cleaned,24.11,27.37,34.08,22.575
2085,3,3,2026-04-29,25.0,29899.39,Gadu,13.83,Cleaned,23.24,15.38,24.36,24.98
2115,3,3,2026-05-06,28.55,27934.64,Gadu,21.5,Cleaned,25.0,27.57,14.16,25.225
2145,3,3,2026-05-13,23.03,27739.48,Gadu,20.4,Cleaned,28.55,24.11,27.37,24.955
2175,3,3,2026-05-20,16.96,32387.73,Gadu,63.35,Cleaned,23.03,23.24,15.38,23.385
2205,3,3,2026-05-27,26.58,28152.14,Gadu,40.12,Cleaned,16.96,25.0,27.57,23.78
2235,3,3,2026-06-03,24.58,32797.65,Gadu,78.07,Cleaned,26.58,28.55,24.11,22.787499999999998
2265,3,3,2026-06-10,34.7,27126.05,Gadu,75.28,Cleaned,24.58,23.03,23.24,25.705000000000002
2295,3,3,2026-06-17,21.13,29209.5,Gadu,66.13,Cleaned,34.7,16.96,25.0,26.7475
2325,3,3,2026-06-24,6.55,32324.55,Gadu,64.6,Cleaned,21.13,26.58,28.55,21.74
2355,3,3,2026-07-01,25.54,29052.42,Bera,131.07,Cleaned,6.55,24.58,23.03,21.98
2385,3,3,2026-07-08,31.43,30268.81,Bera,77.35,Cleaned,25.54,34.7,16.96,21.1625
2415,3,3,2026-07-15,18.9,31655.26,Bera,131.16,Cleaned,31.43,21.13,26.58,20.605
2445,3,3,2026-07-22,26.82,29756.06,Bera,57.53,Cleaned,18.9,6.55,24.58,25.6725
2475,3,3,2026-07-29,15.76,29114.89,Bera,137.71,Cleaned,26.82,25.54,34.7,23.2275
2505,3,3,2026-08-05,19.0,27558.1,Bera,125.9,Cleaned,15.76,31.43,21.13,20.119999999999997
2535,3,3,2026-08-12,21.39,31918.06,Bera,141.02,Cleaned,19.0,18.9,6.55,20.7425
2565,3,3,2026-08-19,33.06,27863.26,Bera,94.59,Cleaned,21.39,26.82,25.54,22.302500000000002
2595,3,3,2026-08-26,14.53,30514.85,Bera,130.08,Cleaned,33.06,15.76,31.43,21.994999999999997
226,3,4,2025-02-19,21.45,38113.36,Rendeng,247.03,Cleaned,31.12,25.69,27.17,24.907500000000002
256,3,4,2025-02-26,17.61,32344.45,Rendeng,426.04,Cleaned,21.45,23.96,17.97,23.32
286,3,4,2025-03-05,18.06,33495.67,Gadu,26.97,Cleaned,17.61,23.1,13.39,22.060000000000002
316,3,4,2025-03-12,27.17,34573.94,Gadu,47.28,Cleaned,18.06,31.12,25.69,21.072499999999998
346,3,4,2025-03-19,17.91,37978.98,Gadu,67.49,Cleaned,27.17,21.45,23.96,20.1875
376,3,4,2025-03-26,24.5,36008.0,Gadu,50.64,Cleaned,17.91,17.61,23.1,21.91
406,3,4,2025-04-02,14.94,35379.25,Gadu,33.93,Cleaned,24.5,18.06,31.12,21.130000000000003
436,3,4,2025-04-09,25.17,33048.47,Gadu,12.18,Cleaned,14.94,27.17,21.45,20.630000000000003
466,3,4,2025-04-16,23.58,33121.7,Gadu,11.71,Cleaned,25.17,17.91,17.61,22.0475
496,3,4,2025-04-23,30.87,32610.24,Gadu,70.35,Cleaned,23.58,24.5,18.06,23.64
526,3,4,2025-04-30,16.76,34365.34,Gadu,59.57,Cleaned,30.87,14.94,27.17,24.095000000000002
556,3,4,2025-05-07,25.11,32672.38,Gadu,31.73,Cleaned,16.76,25.17,17.91,24.080000000000002
586,3,4,2025-05-14,22.81,33162.8,Gadu,79.74,Cleaned,25.11,23.58,24.5,23.887500000000003
616,3,4,2025-05-21,25.24,38289.38,Gadu,21.69,Cleaned,22.81,30.87,14.94,22.48
646,3,4,2025-05-28,10.71,35235.22,Gadu,61.69,Cleaned,25.24,16.76,25.17,20.9675
676,3,4,2025-06-04,24.03,31665.47,Gadu,49.71,Cleaned,10.71,25.11,23.58,20.697499999999998
706,3,4,2025-06-11,22.05,35865.1,Gadu,47.8,Cleaned,24.03,22.81,30.87,20.5075
736,3,4,2025-06-18,20.76,31904.46,Gadu,15.66,Cleaned,22.05,25.24,16.76,19.387500000000003
766,3,4,2025-06-25,17.31,37765.82,Gadu,19.6,Cleaned,20.76,10.71,25.11,21.037499999999998
796,3,4,2025-07-02,22.84,37932.49,Bera,70.57,Cleaned,17.31,24.03,22.81,20.740000000000002
826,3,4,2025-07-09,9.98,31522.53,Bera,126.11,Cleaned,22.84,22.05,25.24,17.7225
856,3,4,2025-07-16,29.98,32434.36,Bera,58.86,Cleaned,9.98,20.76,10.71,20.0275
886,3,4,2025-07-23,2.61,38119.89,Bera,139.98,Cleaned,29.98,17.31,24.03,16.3525
916,3,4,2025-07-30,22.68,38269.89,Bera,60.55,Cleaned,2.61,22.84,22.05,16.3125
946,3,4,2025-08-06,22.29,36862.45,Bera,132.6,Cleaned,22.68,9.98,20.76,19.39
976,3,4,2025-08-13,38.21,33718.63,Bera,137.28,Cleaned,22.29,29.98,17.31,21.447499999999998
1006,3,4,2025-08-20,22.09,31916.67,Bera,78.07,Cleaned,38.21,2.61,22.84,26.3175
1036,3,4,2025-08-27,13.45,37730.68,Bera,79.5,Cleaned,22.09,22.68,9.98,24.01
1066,3,4,2025-09-03,33.58,32909.18,Bera,145.59,Cleaned,13.45,22.29,29.98,26.8325
1096,3,4,2025-09-10,25.7,36774.0,Bera,107.73,Cleaned,33.58,38.21,2.61,23.705000000000002
1126,3,4,2025-09-17,18.56,31880.32,Bera,78.1,Cleaned,25.7,22.09,22.68,22.822499999999998
1156,3,4,2025-09-24,31.32,32456.21,Bera,50.44,Cleaned,18.56,13.45,22.29,27.29
1186,3,4,2025-10-01,10.73,34816.67,Bera,101.9,Cleaned,31.32,33.58,38.21,21.5775
1216,3,4,2025-10-08,24.78,36801.17,Bera,102.97,Cleaned,10.73,25.7,22.09,21.3475
1246,3,4,2025-10-15,27.0,34834.35,Bera,141.95,Cleaned,24.78,18.56,13.45,23.457500000000003
1276,3,4,2025-10-22,26.19,36813.04,Bera,80.42,Cleaned,27.0,31.32,33.58,22.175
1306,3,4,2025-10-29,22.06,33513.43,Bera,51.14,Cleaned,26.19,10.73,25.7,25.0075
1336,3,4,2025-11-05,11.4,38127.14,Rendeng,244.84,Cleaned,22.06,24.78,18.56,21.662499999999998
1366,3,4,2025-11-12,36.16,34079.14,Rendeng,260.51,Cleaned,11.4,27.0,31.32,23.9525
1396,3,4,2025-11-19,31.25,32622.56,Rendeng,366.05,Cleaned,36.16,26.19,10.73,25.2175
1426,3,4,2025-11-26,28.92,37040.91,Rendeng,242.92,Cleaned,31.25,22.06,24.78,26.932499999999997
1456,3,4,2025-12-03,23.12,35926.74,Rendeng,380.68,Cleaned,28.92,11.4,27.0,29.8625
1486,3,4,2025-12-10,19.6,34022.99,Rendeng,348.83,Cleaned,23.12,36.16,26.19,25.7225
1516,3,4,2025-12-17,40.59,32575.84,Rendeng,445.28,Cleaned,19.6,31.25,22.06,28.057500000000005
1546,3,4,2025-12-24,15.77,35443.86,Rendeng,404.24,Cleaned,40.59,28.92,11.4,24.77
1576,3,4,2025-12-31,19.94,35498.82,Rendeng,385.41,Cleaned,15.77,23.12,36.16,23.975
1606,3,4,2026-01-07,23.24,33467.35,Rendeng,251.89,Cleaned,19.94,19.6,31.25,24.885
1636,3,4,2026-01-14,26.33,37830.52,Rendeng,384.77,Cleaned,23.24,40.59,28.92,21.32
1666,3,4,2026-01-21,33.13,35797.79,Rendeng,383.25,Cleaned,26.33,15.77,23.12,25.66
1696,3,4,2026-01-28,18.94,31793.41,Rendeng,318.9,Cleaned,33.13,19.94,19.6,25.409999999999997
1726,3,4,2026-02-04,19.36,34427.01,Rendeng,262.79,Cleaned,18.94,23.24,40.59,24.439999999999998
1756,3,4,2026-02-11,15.66,31742.71,Rendeng,212.64,Cleaned,19.36,26.33,15.77,21.7725
1786,3,4,2026-02-18,25.96,36729.55,Rendeng,272.36,Cleaned,15.66,33.13,19.94,19.98
1816,3,4,2026-02-25,16.34,35282.1,Rendeng,235.82,Cleaned,25.96,18.94,23.24,19.330000000000002
1846,3,4,2026-03-04,24.8,35986.76,Gadu,59.04,Cleaned,16.34,19.36,26.33,20.69
1876,3,4,2026-03-11,29.98,35460.95,Gadu,34.83,Cleaned,24.8,15.66,33.13,24.27
1906,3,4,2026-03-18,23.01,35730.52,Gadu,78.78,Cleaned,29.98,25.96,18.94,23.5325
1936,3,4,2026-03-25,27.76,34825.63,Gadu,76.22,Cleaned,23.01,16.34,19.36,26.3875
1966,3,4,2026-04-01,20.93,34433.7,Gadu,19.47,Cleaned,27.76,24.8,15.66,25.42
1996,3,4,2026-04-08,18.84,33117.57,Gadu,50.05,Cleaned,20.93,29.98,25.96,22.634999999999998
2026,3,4,2026-04-15,23.46,35004.06,Gadu,55.17,Cleaned,18.84,23.01,16.34,22.747500000000002
2056,3,4,2026-04-22,19.48,34083.95,Gadu,68.55,Cleaned,23.46,27.76,24.8,20.677500000000002
2086,3,4,2026-04-29,21.01,38408.27,Gadu,13.83,Cleaned,19.48,20.93,29.98,20.697499999999998
2116,3,4,2026-05-06,29.41,35329.32,Gadu,21.5,Cleaned,21.01,18.84,23.01,23.34
2146,3,4,2026-05-13,19.79,33653.75,Gadu,20.4,Cleaned,29.41,23.46,27.76,22.422500000000003
2176,3,4,2026-05-20,4.73,35175.35,Gadu,63.35,Cleaned,19.79,19.48,20.93,18.735
2206,3,4,2026-05-27,30.34,36166.8,Gadu,40.12,Cleaned,4.73,21.01,18.84,21.0675
2236,3,4,2026-06-03,19.08,38290.52,Gadu,78.07,Cleaned,30.34,29.41,23.46,18.485
2266,3,4,2026-06-10,9.02,31741.02,Gadu,75.28,Cleaned,19.08,19.79,19.48,15.792499999999999
2296,3,4,2026-06-17,21.78,38353.22,Gadu,66.13,Cleaned,9.02,4.73,21.01,20.055
2326,3,4,2026-06-24,18.01,37757.53,Gadu,64.6,Cleaned,21.78,30.34,29.41,16.9725
2356,3,4,2026-07-01,29.82,37169.85,Bera,131.07,Cleaned,18.01,19.08,19.79,19.6575
2386,3,4,2026-07-08,11.46,32379.5,Bera,77.35,Cleaned,29.82,9.02,4.73,20.267500000000002
2416,3,4,2026-07-15,23.17,37155.7,Bera,131.16,Cleaned,11.46,21.78,30.34,20.615000000000002
2446,3,4,2026-07-22,26.71,31885.71,Bera,57.53,Cleaned,23.17,18.01,19.08,22.79
2476,3,4,2026-07-29,25.15,32382.77,Bera,137.71,Cleaned,26.71,29.82,9.02,21.622500000000002
2506,3,4,2026-08-05,15.22,32507.08,Bera,125.9,Cleaned,25.15,11.46,21.78,22.5625
2536,3,4,2026-08-12,23.91,38495.45,Bera,141.02,Cleaned,15.22,23.17,18.01,22.7475
2566,3,4,2026-08-19,17.9,31560.33,Bera,94.59,Cleaned,23.91,26.71,29.82,20.545
2596,3,4,2026-08-26,27.23,32266.38,Bera,130.08,Cleaned,17.9,25.15,11.46,21.064999999999998
227,3,5,2025-02-19,9.98,24752.72,Rendeng,247.03,Cleaned,10.49,13.18,8.0,9.785
257,3,5,2025-02-26,6.57,24321.35,Rendeng,426.04,Cleaned,9.98,10.0,14.71,8.9275
287,3,5,2025-03-05,11.71,24551.98,Gadu,26.97,Cleaned,6.57,8.67,13.69,9.6875
317,3,5,2025-03-12,9.2,24006.89,Gadu,47.28,Cleaned,11.71,10.49,13.18,9.365
347,3,5,2025-03-19,8.11,27424.21,Gadu,67.49,Cleaned,9.2,9.98,10.0,8.8975
377,3,5,2025-03-26,10.29,23280.76,Gadu,50.64,Cleaned,8.11,6.57,8.67,9.8275
407,3,5,2025-04-02,15.1,23532.11,Gadu,33.93,Cleaned,10.29,11.71,10.49,10.675
437,3,5,2025-04-09,14.37,22669.73,Gadu,12.18,Cleaned,15.1,9.2,9.98,11.9675
467,3,5,2025-04-16,12.11,25538.68,Gadu,11.71,Cleaned,14.37,8.11,6.57,12.9675
497,3,5,2025-04-23,10.26,26217.54,Gadu,70.35,Cleaned,12.11,10.29,11.71,12.959999999999999
527,3,5,2025-04-30,10.7,23565.52,Gadu,59.57,Cleaned,10.26,15.1,9.2,11.86
557,3,5,2025-05-07,12.49,26032.38,Gadu,31.73,Cleaned,10.7,14.37,8.11,11.389999999999999
587,3,5,2025-05-14,11.45,23736.16,Gadu,79.74,Cleaned,12.49,12.11,10.29,11.225
617,3,5,2025-05-21,12.5,24718.75,Gadu,21.69,Cleaned,11.45,10.26,15.1,11.785
647,3,5,2025-05-28,16.33,26564.93,Gadu,61.69,Cleaned,12.5,10.7,14.37,13.192499999999999
677,3,5,2025-06-04,15.78,25233.49,Gadu,49.71,Cleaned,16.33,12.49,12.11,14.015
707,3,5,2025-06-11,12.2,23138.57,Gadu,47.8,Cleaned,15.78,11.45,10.26,14.202499999999999
737,3,5,2025-06-18,9.59,23106.92,Gadu,15.66,Cleaned,12.2,12.5,10.7,13.475
767,3,5,2025-06-25,16.04,22833.26,Gadu,19.6,Cleaned,9.59,16.33,12.49,13.4025
797,3,5,2025-07-02,14.44,24802.7,Bera,70.57,Cleaned,16.04,15.78,11.45,13.067499999999999
827,3,5,2025-07-09,6.26,26470.99,Bera,126.11,Cleaned,14.44,12.2,12.5,11.5825
857,3,5,2025-07-16,12.25,24982.31,Bera,58.86,Cleaned,6.26,9.59,16.33,12.247499999999999
887,3,5,2025-07-23,13.05,24811.48,Bera,139.98,Cleaned,12.25,16.04,15.78,11.5
917,3,5,2025-07-30,12.46,25839.6,Bera,60.55,Cleaned,13.05,14.44,12.2,11.005
947,3,5,2025-08-06,13.74,23801.43,Bera,132.6,Cleaned,12.46,6.26,9.59,12.875000000000002
977,3,5,2025-08-13,16.64,25509.62,Bera,137.28,Cleaned,13.74,12.25,16.04,13.9725
1007,3,5,2025-08-20,17.12,23072.44,Bera,78.07,Cleaned,16.64,13.05,14.44,14.990000000000002
1037,3,5,2025-08-27,8.2,22627.24,Bera,79.5,Cleaned,17.12,12.46,6.26,13.925
1067,3,5,2025-09-03,9.93,24877.73,Bera,145.59,Cleaned,8.2,13.74,12.25,12.9725
1097,3,5,2025-09-10,13.95,26330.58,Bera,107.73,Cleaned,9.93,16.64,13.05,12.3
1127,3,5,2025-09-17,8.69,22500.67,Bera,78.1,Cleaned,13.95,17.12,12.46,10.192499999999999
1157,3,5,2025-09-24,15.95,24078.14,Bera,50.44,Cleaned,8.69,8.2,13.74,12.129999999999999
1187,3,5,2025-10-01,11.61,27313.84,Bera,101.9,Cleaned,15.95,9.93,16.64,12.549999999999999
1217,3,5,2025-10-08,11.24,26091.66,Bera,102.97,Cleaned,11.61,13.95,17.12,11.8725
1247,3,5,2025-10-15,6.52,25455.65,Bera,141.95,Cleaned,11.24,8.69,8.2,11.329999999999998
1277,3,5,2025-10-22,11.65,25044.45,Bera,80.42,Cleaned,6.52,15.95,9.93,10.255
1307,3,5,2025-10-29,7.98,25606.46,Bera,51.14,Cleaned,11.65,11.61,13.95,9.3475
1337,3,5,2025-11-05,10.79,25437.93,Rendeng,244.84,Cleaned,7.98,11.24,8.69,9.235
1367,3,5,2025-11-12,12.59,26436.94,Rendeng,260.51,Cleaned,10.79,6.52,15.95,10.7525
1397,3,5,2025-11-19,8.12,25969.75,Rendeng,366.05,Cleaned,12.59,11.65,11.61,9.870000000000001
1427,3,5,2025-11-26,6.97,26774.87,Rendeng,242.92,Cleaned,8.12,7.98,11.24,9.6175
1457,3,5,2025-12-03,11.22,26081.99,Rendeng,380.68,Cleaned,6.97,10.79,6.52,9.725
1487,3,5,2025-12-10,12.69,24063.89,Rendeng,348.83,Cleaned,11.22,12.59,11.65,9.75
1517,3,5,2025-12-17,5.81,27106.54,Rendeng,445.28,Cleaned,12.69,8.12,7.98,9.1725
1547,3,5,2025-12-24,10.29,25403.5,Rendeng,404.24,Cleaned,5.81,6.97,10.79,10.002500000000001
1577,3,5,2025-12-31,10.33,26488.66,Rendeng,385.41,Cleaned,10.29,11.22,12.59,9.78
1607,3,5,2026-01-07,10.1,26507.23,Rendeng,251.89,Cleaned,10.33,12.69,8.12,9.1325
1637,3,5,2026-01-14,13.5,22778.03,Rendeng,384.77,Cleaned,10.1,5.81,6.97,11.055
1667,3,5,2026-01-21,13.22,24296.04,Rendeng,383.25,Cleaned,13.5,10.29,11.22,11.7875
1697,3,5,2026-01-28,7.39,26896.65,Rendeng,318.9,Cleaned,13.22,10.33,12.69,11.0525
1727,3,5,2026-02-04,12.88,22920.64,Rendeng,262.79,Cleaned,7.39,10.1,5.81,11.7475
1757,3,5,2026-02-11,16.97,23467.18,Rendeng,212.64,Cleaned,12.88,13.5,10.29,12.615
1787,3,5,2026-02-18,12.52,26747.23,Rendeng,272.36,Cleaned,16.97,13.22,10.33,12.440000000000001
1817,3,5,2026-02-25,13.64,22925.28,Rendeng,235.82,Cleaned,12.52,7.39,10.1,14.002500000000001
1847,3,5,2026-03-04,6.81,26008.69,Gadu,59.04,Cleaned,13.64,12.88,13.5,12.485
1877,3,5,2026-03-11,10.83,23981.63,Gadu,34.83,Cleaned,6.81,16.97,13.22,10.95
1907,3,5,2026-03-18,12.03,23633.86,Gadu,78.78,Cleaned,10.83,12.52,7.39,10.8275
1937,3,5,2026-03-25,8.43,26412.13,Gadu,76.22,Cleaned,12.03,13.64,12.88,9.525
1967,3,5,2026-04-01,12.74,23940.92,Gadu,19.47,Cleaned,8.43,6.81,16.97,11.0075
1997,3,5,2026-04-08,10.58,23603.26,Gadu,50.05,Cleaned,12.74,10.83,12.52,10.945
2027,3,5,2026-04-15,12.09,23099.76,Gadu,55.17,Cleaned,10.58,12.03,13.64,10.96
2057,3,5,2026-04-22,6.8,25102.72,Gadu,68.55,Cleaned,12.09,8.43,6.81,10.5525
2087,3,5,2026-04-29,8.72,25191.97,Gadu,13.83,Cleaned,6.8,12.74,10.83,9.5475
2117,3,5,2026-05-06,10.77,24567.58,Gadu,21.5,Cleaned,8.72,10.58,12.03,9.595
2147,3,5,2026-05-13,12.64,26922.39,Gadu,20.4,Cleaned,10.77,12.09,8.43,9.7325
2177,3,5,2026-05-20,8.03,24733.63,Gadu,63.35,Cleaned,12.64,6.8,12.74,10.040000000000001
2207,3,5,2026-05-27,16.26,24948.93,Gadu,40.12,Cleaned,8.03,8.72,10.58,11.925
2237,3,5,2026-06-03,12.51,26004.33,Gadu,78.07,Cleaned,16.26,10.77,12.09,12.360000000000001
2267,3,5,2026-06-10,16.08,26926.19,Gadu,75.28,Cleaned,12.51,12.64,6.8,13.219999999999999
2297,3,5,2026-06-17,11.77,27049.65,Gadu,66.13,Cleaned,16.08,8.03,8.72,14.155000000000001
2327,3,5,2026-06-24,15.34,27134.54,Gadu,64.6,Cleaned,11.77,16.26,10.77,13.924999999999999
2357,3,5,2026-07-01,8.91,25022.51,Bera,131.07,Cleaned,15.34,12.51,12.64,13.024999999999999
2387,3,5,2026-07-08,8.13,23567.71,Bera,77.35,Cleaned,8.91,16.08,8.03,11.0375
2417,3,5,2026-07-15,10.12,25719.54,Bera,131.16,Cleaned,8.13,11.77,16.26,10.625
2447,3,5,2026-07-22,7.87,27142.78,Bera,57.53,Cleaned,10.12,15.34,12.51,8.7575
2477,3,5,2026-07-29,12.86,26793.0,Bera,137.71,Cleaned,7.87,8.91,16.08,9.745000000000001
2507,3,5,2026-08-05,10.92,26477.89,Bera,125.9,Cleaned,12.86,8.13,11.77,10.442499999999999
2537,3,5,2026-08-12,9.16,25814.3,Bera,141.02,Cleaned,10.92,10.12,15.34,10.2025
2567,3,5,2026-08-19,11.73,24776.97,Bera,94.59,Cleaned,9.16,7.87,8.91,11.1675
2597,3,5,2026-08-26,7.18,26087.81,Bera,130.08,Cleaned,11.73,12.86,8.13,9.7475
228,3,6,2025-02-19,6.85,25460.38,Rendeng,247.03,Cleaned,5.76,5.64,5.49,5.0725
258,3,6,2025-02-26,5.44,27518.79,Rendeng,426.04,Cleaned,6.85,2.88,6.34,5.7125
288,3,6,2025-03-05,4.33,30153.08,Gadu,26.97,Cleaned,5.44,4.8,5.49,5.595
318,3,6,2025-03-12,1.91,28861.85,Gadu,47.28,Cleaned,4.33,5.76,5.64,4.6325
348,3,6,2025-03-19,5.55,29363.94,Gadu,67.49,Cleaned,1.91,6.85,2.88,4.3075
378,3,6,2025-03-26,5.65,28687.85,Gadu,50.64,Cleaned,5.55,5.44,4.8,4.36
408,3,6,2025-04-02,6.59,24810.48,Gadu,33.93,Cleaned,5.65,4.33,5.76,4.925
438,3,6,2025-04-09,6.0,28585.81,Gadu,12.18,Cleaned,6.59,1.91,6.85,5.9475
468,3,6,2025-04-16,6.62,27569.79,Gadu,11.71,Cleaned,6.0,5.55,5.44,6.215
498,3,6,2025-04-23,4.33,25634.18,Gadu,70.35,Cleaned,6.62,5.65,4.33,5.885
528,3,6,2025-04-30,6.38,24921.24,Gadu,59.57,Cleaned,4.33,6.59,1.91,5.8325000000000005
558,3,6,2025-05-07,4.39,24923.72,Gadu,31.73,Cleaned,6.38,6.0,5.55,5.43
588,3,6,2025-05-14,7.8,29539.12,Gadu,79.74,Cleaned,4.39,6.62,5.65,5.725
618,3,6,2025-05-21,4.64,29524.78,Gadu,21.69,Cleaned,7.8,4.33,6.59,5.8025
648,3,6,2025-05-28,6.75,28699.68,Gadu,61.69,Cleaned,4.64,6.38,6.0,5.895
678,3,6,2025-06-04,8.58,26025.71,Gadu,49.71,Cleaned,6.75,4.39,6.62,6.942499999999999
708,3,6,2025-06-11,5.23,29293.37,Gadu,47.8,Cleaned,8.58,7.8,4.33,6.300000000000001
738,3,6,2025-06-18,5.06,26418.01,Gadu,15.66,Cleaned,5.23,4.64,6.38,6.405
768,3,6,2025-06-25,8.47,27601.24,Gadu,19.6,Cleaned,5.06,6.75,4.39,6.835
798,3,6,2025-07-02,4.36,29380.99,Bera,70.57,Cleaned,8.47,8.58,7.8,5.779999999999999
828,3,6,2025-07-09,7.95,25261.45,Bera,126.11,Cleaned,4.36,5.23,4.64,6.460000000000001
858,3,6,2025-07-16,5.11,27152.68,Bera,58.86,Cleaned,7.95,5.06,6.75,6.4725
888,3,6,2025-07-23,7.33,27014.71,Bera,139.98,Cleaned,5.11,8.47,8.58,6.1875
918,3,6,2025-07-30,5.69,28240.69,Bera,60.55,Cleaned,7.33,4.36,5.23,6.5200000000000005
948,3,6,2025-08-06,7.69,29739.57,Bera,132.6,Cleaned,5.69,7.95,5.06,6.455000000000001
978,3,6,2025-08-13,5.16,29658.88,Bera,137.28,Cleaned,7.69,5.11,8.47,6.4675
1008,3,6,2025-08-20,7.32,26861.11,Bera,78.07,Cleaned,5.16,7.33,4.36,6.465000000000001
1038,3,6,2025-08-27,5.02,28302.02,Bera,79.5,Cleaned,7.32,5.69,7.95,6.2975
1068,3,6,2025-09-03,5.59,27736.64,Bera,145.59,Cleaned,5.02,7.69,5.11,5.7725
1098,3,6,2025-09-10,7.82,29402.57,Bera,107.73,Cleaned,5.59,5.16,7.33,6.4375
1128,3,6,2025-09-17,7.71,27561.21,Bera,78.1,Cleaned,7.82,7.32,5.69,6.535
1158,3,6,2025-09-24,7.17,28296.58,Bera,50.44,Cleaned,7.71,5.02,7.69,7.0725
1188,3,6,2025-10-01,6.17,25165.83,Bera,101.9,Cleaned,7.17,5.59,5.16,7.217499999999999
1218,3,6,2025-10-08,3.62,26110.37,Bera,102.97,Cleaned,6.17,7.82,7.32,6.1674999999999995
1248,3,6,2025-10-15,5.75,25773.75,Bera,141.95,Cleaned,3.62,7.71,5.02,5.6775
1278,3,6,2025-10-22,4.11,26781.04,Bera,80.42,Cleaned,5.75,7.17,5.59,4.9125
1308,3,6,2025-10-29,3.43,26587.27,Bera,51.14,Cleaned,4.11,6.17,7.82,4.2275
1338,3,6,2025-11-05,6.25,28606.27,Rendeng,244.84,Cleaned,3.43,3.62,7.71,4.885
1368,3,6,2025-11-12,7.02,27248.9,Rendeng,260.51,Cleaned,6.25,5.75,7.17,5.2025
1398,3,6,2025-11-19,6.69,26012.79,Rendeng,366.05,Cleaned,7.02,4.11,6.17,5.8475
1428,3,6,2025-11-26,5.42,29604.08,Rendeng,242.92,Cleaned,6.69,3.43,3.62,6.345
1458,3,6,2025-12-03,3.66,26240.18,Rendeng,380.68,Cleaned,5.42,6.25,5.75,5.6975
1488,3,6,2025-12-10,8.25,28348.88,Rendeng,348.83,Cleaned,3.66,7.02,4.11,6.005
1518,3,6,2025-12-17,6.7,27957.55,Rendeng,445.28,Cleaned,8.25,6.69,3.43,6.007499999999999
1548,3,6,2025-12-24,6.29,27530.3,Rendeng,404.24,Cleaned,6.7,5.42,6.25,6.225
1578,3,6,2025-12-31,4.05,26770.65,Rendeng,385.41,Cleaned,6.29,3.66,7.02,6.3225
1608,3,6,2026-01-07,3.81,26906.51,Rendeng,251.89,Cleaned,4.05,8.25,6.69,5.2125
1638,3,6,2026-01-14,6.98,24787.83,Rendeng,384.77,Cleaned,3.81,6.7,5.42,5.282500000000001
1668,3,6,2026-01-21,3.09,29279.54,Rendeng,383.25,Cleaned,6.98,6.29,3.66,4.4825
1698,3,6,2026-01-28,5.26,27813.72,Rendeng,318.9,Cleaned,3.09,4.05,8.25,4.785
1728,3,6,2026-02-04,6.2,26912.07,Rendeng,262.79,Cleaned,5.26,3.81,6.7,5.3825
1758,3,6,2026-02-11,4.28,28278.27,Rendeng,212.64,Cleaned,6.2,6.98,6.29,4.7075
1788,3,6,2026-02-18,4.06,24997.48,Rendeng,272.36,Cleaned,4.28,3.09,4.05,4.95
1818,3,6,2026-02-25,10.56,27768.8,Rendeng,235.82,Cleaned,4.06,5.26,3.81,6.275
1848,3,6,2026-03-04,5.51,27810.56,Gadu,59.04,Cleaned,10.56,6.2,6.98,6.1025
1878,3,6,2026-03-11,7.16,25539.08,Gadu,34.83,Cleaned,5.51,4.28,3.09,6.8225
1908,3,6,2026-03-18,8.52,28415.87,Gadu,78.78,Cleaned,7.16,4.06,5.26,7.9375
1938,3,6,2026-03-25,3.5,30208.83,Gadu,76.22,Cleaned,8.52,10.56,6.2,6.172499999999999
1968,3,6,2026-04-01,10.12,24785.55,Gadu,19.47,Cleaned,3.5,5.51,4.28,7.324999999999999
1998,3,6,2026-04-08,6.55,25509.69,Gadu,50.05,Cleaned,10.12,7.16,4.06,7.1724999999999985
2028,3,6,2026-04-15,9.6,26466.35,Gadu,55.17,Cleaned,6.55,8.52,10.56,7.442499999999999
2058,3,6,2026-04-22,3.6,27173.66,Gadu,68.55,Cleaned,9.6,3.5,5.51,7.467499999999999
2088,3,6,2026-04-29,7.19,30206.75,Gadu,13.83,Cleaned,3.6,10.12,7.16,6.734999999999999
2118,3,6,2026-05-06,4.48,24968.96,Gadu,21.5,Cleaned,7.19,6.55,8.52,6.217499999999999
2148,3,6,2026-05-13,8.63,27796.96,Gadu,20.4,Cleaned,4.48,9.6,3.5,5.9750000000000005
2178,3,6,2026-05-20,7.24,25428.97,Gadu,63.35,Cleaned,8.63,3.6,10.12,6.885
2208,3,6,2026-05-27,8.61,27657.61,Gadu,40.12,Cleaned,7.24,7.19,6.55,7.24
2238,3,6,2026-06-03,7.53,26318.63,Gadu,78.07,Cleaned,8.61,4.48,9.6,8.0025
2268,3,6,2026-06-10,5.38,25226.89,Gadu,75.28,Cleaned,7.53,8.63,3.6,7.1899999999999995
2298,3,6,2026-06-17,1.07,28694.94,Gadu,66.13,Cleaned,5.38,7.24,7.19,5.647499999999999
2328,3,6,2026-06-24,3.06,30041.32,Gadu,64.6,Cleaned,1.07,8.61,4.48,4.26
2358,3,6,2026-07-01,4.52,26184.67,Bera,131.07,Cleaned,3.06,7.53,8.63,3.5074999999999994
2388,3,6,2026-07-08,4.4,27011.29,Bera,77.35,Cleaned,4.52,5.38,7.24,3.2625
2418,3,6,2026-07-15,6.26,29338.79,Bera,131.16,Cleaned,4.4,1.07,8.61,4.56
2448,3,6,2026-07-22,1.45,28275.97,Bera,57.53,Cleaned,6.26,3.06,7.53,4.1575
2478,3,6,2026-07-29,4.38,30045.03,Bera,137.71,Cleaned,1.45,4.52,5.38,4.1225000000000005
2508,3,6,2026-08-05,4.19,25527.61,Bera,125.9,Cleaned,4.38,4.4,1.07,4.07
2538,3,6,2026-08-12,4.31,30059.97,Bera,141.02,Cleaned,4.19,6.26,3.06,3.5825000000000005
2568,3,6,2026-08-19,5.23,27599.08,Bera,94.59,Cleaned,4.31,1.45,4.52,4.5275
2598,3,6,2026-08-26,7.04,29022.52,Bera,130.08,Cleaned,5.23,4.38,4.4,5.192500000000001
229,4,1,2025-02-19,39.85,28371.86,Rendeng,247.03,Cleaned,53.13,28.69,35.81,40.19
259,4,1,2025-02-26,37.29,31796.46,Rendeng,426.04,Cleaned,39.85,29.56,39.58,42.1225
289,4,1,2025-03-05,35.7,32816.82,Gadu,26.97,Cleaned,37.29,38.22,34.35,41.4925
319,4,1,2025-03-12,20.23,32397.45,Gadu,47.28,Cleaned,35.7,53.13,28.69,33.2675
349,4,1,2025-03-19,39.1,30547.65,Gadu,67.49,Cleaned,20.23,39.85,29.56,33.08
379,4,1,2025-03-26,37.43,28331.83,Gadu,50.64,Cleaned,39.1,37.29,38.22,33.115
409,4,1,2025-04-02,41.42,30603.1,Gadu,33.93,Cleaned,37.43,35.7,53.13,34.545
439,4,1,2025-04-09,43.62,32826.35,Gadu,12.18,Cleaned,41.42,20.23,39.85,40.3925
469,4,1,2025-04-16,31.1,28322.92,Gadu,11.71,Cleaned,43.62,39.1,37.29,38.3925
499,4,1,2025-04-23,43.29,30044.81,Gadu,70.35,Cleaned,31.1,37.43,35.7,39.8575
529,4,1,2025-04-30,24.02,32186.15,Gadu,59.57,Cleaned,43.29,41.42,20.23,35.5075
559,4,1,2025-05-07,59.37,32225.81,Gadu,31.73,Cleaned,24.02,43.62,39.1,39.445
589,4,1,2025-05-14,47.37,29155.4,Gadu,79.74,Cleaned,59.37,31.1,37.43,43.5125
619,4,1,2025-05-21,44.78,32028.69,Gadu,21.69,Cleaned,47.37,43.29,41.42,43.885
649,4,1,2025-05-28,47.22,28460.89,Gadu,61.69,Cleaned,44.78,24.02,43.62,49.685
679,4,1,2025-06-04,55.3,29980.6,Gadu,49.71,Cleaned,47.22,59.37,31.1,48.6675
709,4,1,2025-06-11,46.63,27216.96,Gadu,47.8,Cleaned,55.3,47.37,43.29,48.4825
739,4,1,2025-06-18,41.95,27373.75,Gadu,15.66,Cleaned,46.63,44.78,24.02,47.775
769,4,1,2025-06-25,43.77,30073.33,Gadu,19.6,Cleaned,41.95,47.22,59.37,46.9125
799,4,1,2025-07-02,48.71,30936.97,Bera,70.57,Cleaned,43.77,55.3,47.37,45.265
829,4,1,2025-07-09,32.09,30853.95,Bera,126.11,Cleaned,48.71,46.63,44.78,41.63000000000001
859,4,1,2025-07-16,48.85,27953.45,Bera,58.86,Cleaned,32.09,41.95,47.22,43.355000000000004
889,4,1,2025-07-23,45.61,27373.64,Bera,139.98,Cleaned,48.85,43.77,55.3,43.815
919,4,1,2025-07-30,24.74,27075.65,Bera,60.55,Cleaned,45.61,48.71,46.63,37.8225
949,4,1,2025-08-06,46.22,27665.94,Bera,132.6,Cleaned,24.74,32.09,41.95,41.355000000000004
979,4,1,2025-08-13,62.75,30787.85,Bera,137.28,Cleaned,46.22,48.85,43.77,44.83
1009,4,1,2025-08-20,13.63,27726.15,Bera,78.07,Cleaned,62.75,45.61,48.71,36.835
1039,4,1,2025-08-27,22.16,27430.27,Bera,79.5,Cleaned,13.63,24.74,32.09,36.19
1069,4,1,2025-09-03,41.39,30200.32,Bera,145.59,Cleaned,22.16,46.22,48.85,34.9825
1099,4,1,2025-09-10,29.61,29925.77,Bera,107.73,Cleaned,41.39,62.75,45.61,26.697499999999998
1129,4,1,2025-09-17,34.68,32036.03,Bera,78.1,Cleaned,29.61,13.63,24.74,31.96
1159,4,1,2025-09-24,56.32,28195.29,Bera,50.44,Cleaned,34.68,22.16,46.22,40.5
1189,4,1,2025-10-01,23.92,28175.0,Bera,101.9,Cleaned,56.32,41.39,62.75,36.1325
1219,4,1,2025-10-08,54.53,27976.2,Bera,102.97,Cleaned,23.92,29.61,13.63,42.362500000000004
1249,4,1,2025-10-15,48.69,28242.45,Bera,141.95,Cleaned,54.53,34.68,22.16,45.865
1279,4,1,2025-10-22,50.95,29770.3,Bera,80.42,Cleaned,48.69,56.32,41.39,44.5225
1309,4,1,2025-10-29,31.2,27410.12,Bera,51.14,Cleaned,50.95,23.92,29.61,46.3425
1339,4,1,2025-11-05,28.49,27092.37,Rendeng,244.84,Cleaned,31.2,54.53,34.68,39.832499999999996
1369,4,1,2025-11-12,23.02,31232.76,Rendeng,260.51,Cleaned,28.49,48.69,56.32,33.415
1399,4,1,2025-11-19,39.76,27968.18,Rendeng,366.05,Cleaned,23.02,50.95,23.92,30.6175
1429,4,1,2025-11-26,29.23,29326.96,Rendeng,242.92,Cleaned,39.76,31.2,54.53,30.125
1459,4,1,2025-12-03,31.19,28449.0,Rendeng,380.68,Cleaned,29.23,28.49,48.69,30.799999999999997
1489,4,1,2025-12-10,45.64,31573.82,Rendeng,348.83,Cleaned,31.19,23.02,50.95,36.455
1519,4,1,2025-12-17,18.4,27311.94,Rendeng,445.28,Cleaned,45.64,39.76,31.2,31.115000000000002
1549,4,1,2025-12-24,42.5,28641.84,Rendeng,404.24,Cleaned,18.4,29.23,28.49,34.4325
1579,4,1,2025-12-31,39.8,32070.73,Rendeng,385.41,Cleaned,42.5,31.19,23.02,36.585
1609,4,1,2026-01-07,32.28,31636.63,Rendeng,251.89,Cleaned,39.8,45.64,39.76,33.245
1639,4,1,2026-01-14,45.79,29467.18,Rendeng,384.77,Cleaned,32.28,18.4,29.23,40.0925
1669,4,1,2026-01-21,37.38,29104.91,Rendeng,383.25,Cleaned,45.79,42.5,31.19,38.8125
1699,4,1,2026-01-28,38.63,31388.92,Rendeng,318.9,Cleaned,37.38,39.8,45.64,38.52
1729,4,1,2026-02-04,50.56,27978.11,Rendeng,262.79,Cleaned,38.63,32.28,18.4,43.09
1759,4,1,2026-02-11,44.5,32374.14,Rendeng,212.64,Cleaned,50.56,45.79,42.5,42.7675
1789,4,1,2026-02-18,28.69,29871.17,Rendeng,272.36,Cleaned,44.5,37.38,39.8,40.595000000000006
1819,4,1,2026-02-25,54.83,29332.36,Rendeng,235.82,Cleaned,28.69,38.63,32.28,44.644999999999996
1849,4,1,2026-03-04,46.61,27125.6,Gadu,59.04,Cleaned,54.83,50.56,45.79,43.6575
1879,4,1,2026-03-11,35.9,30574.08,Gadu,34.83,Cleaned,46.61,44.5,37.38,41.5075
1909,4,1,2026-03-18,37.17,27980.2,Gadu,78.78,Cleaned,35.9,28.69,38.63,43.6275
1939,4,1,2026-03-25,44.26,31983.74,Gadu,76.22,Cleaned,37.17,54.83,50.56,40.985
1969,4,1,2026-04-01,17.23,31407.65,Gadu,19.47,Cleaned,44.26,46.61,44.5,33.64
1999,4,1,2026-04-08,38.46,31049.36,Gadu,50.05,Cleaned,17.23,35.9,28.69,34.28
2029,4,1,2026-04-15,42.77,27823.8,Gadu,55.17,Cleaned,38.46,37.17,54.83,35.68
2059,4,1,2026-04-22,38.64,30046.55,Gadu,68.55,Cleaned,42.77,44.26,46.61,34.275
2089,4,1,2026-04-29,27.21,27041.89,Gadu,13.83,Cleaned,38.64,17.23,35.9,36.769999999999996
2119,4,1,2026-05-06,36.91,27258.6,Gadu,21.5,Cleaned,27.21,38.46,37.17,36.3825
2149,4,1,2026-05-13,22.42,27997.38,Gadu,20.4,Cleaned,36.91,42.77,44.26,31.294999999999998
2179,4,1,2026-05-20,47.15,32034.6,Gadu,63.35,Cleaned,22.42,38.64,17.23,33.4225
2209,4,1,2026-05-27,41.26,28185.34,Gadu,40.12,Cleaned,47.15,27.21,38.46,36.935
2239,4,1,2026-06-03,30.05,29892.1,Gadu,78.07,Cleaned,41.26,36.91,42.77,35.22
2269,4,1,2026-06-10,48.38,29327.84,Gadu,75.28,Cleaned,30.05,22.42,38.64,41.71
2299,4,1,2026-06-17,53.9,32186.2,Gadu,66.13,Cleaned,48.38,47.15,27.21,43.3975
2329,4,1,2026-06-24,3.76,28672.17,Gadu,64.6,Cleaned,53.9,41.26,36.91,34.0225
2359,4,1,2026-07-01,4.95,32801.81,Bera,131.07,Cleaned,3.76,30.05,22.42,27.747500000000002
2389,4,1,2026-07-08,27.22,29200.07,Bera,77.35,Cleaned,4.95,48.38,47.15,22.4575
2419,4,1,2026-07-15,59.91,29750.18,Bera,131.16,Cleaned,27.22,53.9,41.26,23.96
2449,4,1,2026-07-22,41.49,27396.33,Bera,57.53,Cleaned,59.91,3.76,30.05,33.3925
2479,4,1,2026-07-29,25.23,27633.9,Bera,137.71,Cleaned,41.49,4.95,48.38,38.4625
2509,4,1,2026-08-05,42.48,28183.1,Bera,125.9,Cleaned,25.23,27.22,53.9,42.2775
2539,4,1,2026-08-12,38.53,31770.66,Bera,141.02,Cleaned,42.48,59.91,3.76,36.932500000000005
2569,4,1,2026-08-19,38.27,31308.41,Bera,94.59,Cleaned,38.53,41.49,4.95,36.1275
2599,4,1,2026-08-26,50.38,32354.81,Bera,130.08,Cleaned,38.27,25.23,27.22,42.415
230,4,2,2025-02-19,39.96,31030.2,Rendeng,247.03,Cleaned,42.62,18.88,38.66,42.57
260,4,2,2025-02-26,35.05,30767.4,Rendeng,426.04,Cleaned,39.96,51.87,44.67,38.364999999999995
290,4,2,2025-03-05,25.19,32193.04,Gadu,26.97,Cleaned,35.05,35.83,40.39,35.705
320,4,2,2025-03-12,34.78,29303.35,Gadu,47.28,Cleaned,25.19,42.62,18.88,33.745
350,4,2,2025-03-19,45.98,29394.02,Gadu,67.49,Cleaned,34.78,39.96,51.87,35.25
380,4,2,2025-03-26,34.93,28386.45,Gadu,50.64,Cleaned,45.98,35.05,35.83,35.22
410,4,2,2025-04-02,44.82,30990.22,Gadu,33.93,Cleaned,34.93,25.19,42.62,40.1275
440,4,2,2025-04-09,32.4,32665.6,Gadu,12.18,Cleaned,44.82,34.78,39.96,39.5325
470,4,2,2025-04-16,29.1,28118.63,Gadu,11.71,Cleaned,32.4,45.98,35.05,35.3125
500,4,2,2025-04-23,38.77,27038.32,Gadu,70.35,Cleaned,29.1,34.93,25.19,36.2725
530,4,2,2025-04-30,49.61,29839.26,Gadu,59.57,Cleaned,38.77,44.82,34.78,37.47
560,4,2,2025-05-07,38.33,31284.52,Gadu,31.73,Cleaned,49.61,32.4,45.98,38.9525
590,4,2,2025-05-14,5.03,30557.71,Gadu,79.74,Cleaned,38.33,29.1,34.93,32.935
620,4,2,2025-05-21,25.09,32667.69,Gadu,21.69,Cleaned,5.03,38.77,44.82,29.515
650,4,2,2025-05-28,37.54,32562.21,Gadu,61.69,Cleaned,25.09,49.61,32.4,26.4975
680,4,2,2025-06-04,17.11,32926.71,Gadu,49.71,Cleaned,37.54,38.33,29.1,21.1925
710,4,2,2025-06-11,44.55,28818.77,Gadu,47.8,Cleaned,17.11,5.03,38.77,31.072499999999998
740,4,2,2025-06-18,28.09,30056.53,Gadu,15.66,Cleaned,44.55,25.09,49.61,31.822499999999998
770,4,2,2025-06-25,27.58,31081.37,Gadu,19.6,Cleaned,28.09,37.54,38.33,29.3325
800,4,2,2025-07-02,42.24,28064.57,Bera,70.57,Cleaned,27.58,17.11,5.03,35.614999999999995
830,4,2,2025-07-09,61.18,27389.12,Bera,126.11,Cleaned,42.24,44.55,25.09,39.7725
860,4,2,2025-07-16,42.7,30661.35,Bera,58.86,Cleaned,61.18,28.09,37.54,43.425
890,4,2,2025-07-23,55.98,30075.02,Bera,139.98,Cleaned,42.7,27.58,17.11,50.525000000000006
920,4,2,2025-07-30,31.96,30358.53,Bera,60.55,Cleaned,55.98,42.24,44.55,47.955
950,4,2,2025-08-06,54.34,29682.33,Bera,132.6,Cleaned,31.96,61.18,28.09,46.245
980,4,2,2025-08-13,23.06,30550.18,Bera,137.28,Cleaned,54.34,42.7,27.58,41.335
1010,4,2,2025-08-20,27.15,29513.69,Bera,78.07,Cleaned,23.06,55.98,42.24,34.1275
1040,4,2,2025-08-27,47.22,29457.77,Bera,79.5,Cleaned,27.15,31.96,61.18,37.942499999999995
1070,4,2,2025-09-03,39.47,32219.81,Bera,145.59,Cleaned,47.22,54.34,42.7,34.224999999999994
1100,4,2,2025-09-10,36.82,27465.9,Bera,107.73,Cleaned,39.47,23.06,55.98,37.665
1130,4,2,2025-09-17,36.23,27022.92,Bera,78.1,Cleaned,36.82,27.15,31.96,39.935
1160,4,2,2025-09-24,26.71,32341.29,Bera,50.44,Cleaned,36.23,47.22,54.34,34.8075
1190,4,2,2025-10-01,28.21,27844.82,Bera,101.9,Cleaned,26.71,39.47,23.06,31.9925
1220,4,2,2025-10-08,46.82,30390.51,Bera,102.97,Cleaned,28.21,36.82,27.15,34.4925
1250,4,2,2025-10-15,30.25,27426.95,Bera,141.95,Cleaned,46.82,36.23,47.22,32.9975
1280,4,2,2025-10-22,44.95,32525.97,Bera,80.42,Cleaned,30.25,26.71,39.47,37.5575
1310,4,2,2025-10-29,50.54,31702.56,Bera,51.14,Cleaned,44.95,28.21,36.82,43.14
1340,4,2,2025-11-05,52.22,30497.56,Rendeng,244.84,Cleaned,50.54,46.82,36.23,44.49
1370,4,2,2025-11-12,41.81,29565.61,Rendeng,260.51,Cleaned,52.22,30.25,26.71,47.38
1400,4,2,2025-11-19,52.73,27501.33,Rendeng,366.05,Cleaned,41.81,44.95,28.21,49.324999999999996
1430,4,2,2025-11-26,33.96,31821.23,Rendeng,242.92,Cleaned,52.73,50.54,46.82,45.18
1460,4,2,2025-12-03,24.15,28289.48,Rendeng,380.68,Cleaned,33.96,52.22,30.25,38.1625
1490,4,2,2025-12-10,48.42,27233.63,Rendeng,348.83,Cleaned,24.15,41.81,44.95,39.815
1520,4,2,2025-12-17,46.17,27190.46,Rendeng,445.28,Cleaned,48.42,52.73,50.54,38.175000000000004
1550,4,2,2025-12-24,24.19,29927.01,Rendeng,404.24,Cleaned,46.17,33.96,52.22,35.7325
1580,4,2,2025-12-31,25.84,31775.56,Rendeng,385.41,Cleaned,24.19,24.15,41.81,36.155
1610,4,2,2026-01-07,38.34,28421.6,Rendeng,251.89,Cleaned,25.84,48.42,52.73,33.635000000000005
1640,4,2,2026-01-14,23.01,29414.44,Rendeng,384.77,Cleaned,38.34,46.17,33.96,27.845
1670,4,2,2026-01-21,48.38,29175.36,Rendeng,383.25,Cleaned,23.01,24.19,24.15,33.8925
1700,4,2,2026-01-28,18.25,32748.71,Rendeng,318.9,Cleaned,48.38,25.84,48.42,31.995
1730,4,2,2026-02-04,51.81,28402.88,Rendeng,262.79,Cleaned,18.25,38.34,46.17,35.362500000000004
1760,4,2,2026-02-11,31.23,28783.72,Rendeng,212.64,Cleaned,51.81,23.01,24.19,37.417500000000004
1790,4,2,2026-02-18,47.59,32573.16,Rendeng,272.36,Cleaned,31.23,48.38,25.84,37.22
1820,4,2,2026-02-25,18.12,28441.79,Rendeng,235.82,Cleaned,47.59,18.25,38.34,37.1875
1850,4,2,2026-03-04,32.1,28894.64,Gadu,59.04,Cleaned,18.12,51.81,23.01,32.260000000000005
1880,4,2,2026-03-11,22.68,27483.69,Gadu,34.83,Cleaned,32.1,31.23,48.38,30.122500000000002
1910,4,2,2026-03-18,26.26,28106.75,Gadu,78.78,Cleaned,22.68,47.59,18.25,24.79
1940,4,2,2026-03-25,31.0,28347.94,Gadu,76.22,Cleaned,26.26,18.12,51.81,28.009999999999998
1970,4,2,2026-04-01,34.28,27143.68,Gadu,19.47,Cleaned,31.0,32.1,31.23,28.555
2000,4,2,2026-04-08,46.56,28434.4,Gadu,50.05,Cleaned,34.28,22.68,47.59,34.525
2030,4,2,2026-04-15,37.86,32714.32,Gadu,55.17,Cleaned,46.56,26.26,18.12,37.425
2060,4,2,2026-04-22,45.5,27830.23,Gadu,68.55,Cleaned,37.86,31.0,32.1,41.05
2090,4,2,2026-04-29,48.15,29420.89,Gadu,13.83,Cleaned,45.5,34.28,22.68,44.5175
2120,4,2,2026-05-06,38.89,28074.57,Gadu,21.5,Cleaned,48.15,46.56,26.26,42.6
2150,4,2,2026-05-13,36.25,32498.93,Gadu,20.4,Cleaned,38.89,37.86,31.0,42.197500000000005
2180,4,2,2026-05-20,22.28,30303.96,Gadu,63.35,Cleaned,36.25,45.5,34.28,36.3925
2210,4,2,2026-05-27,12.99,31831.05,Gadu,40.12,Cleaned,22.28,48.15,46.56,27.6025
2240,4,2,2026-06-03,56.93,31546.66,Gadu,78.07,Cleaned,12.99,38.89,37.86,32.112500000000004
2270,4,2,2026-06-10,35.44,31977.39,Gadu,75.28,Cleaned,56.93,36.25,45.5,31.910000000000004
2300,4,2,2026-06-17,38.44,29741.33,Gadu,66.13,Cleaned,35.44,22.28,48.15,35.95
2330,4,2,2026-06-24,40.55,32753.23,Gadu,64.6,Cleaned,38.44,12.99,38.89,42.839999999999996
2360,4,2,2026-07-01,40.76,30427.2,Bera,131.07,Cleaned,40.55,56.93,36.25,38.7975
2390,4,2,2026-07-08,41.92,29345.5,Bera,77.35,Cleaned,40.76,35.44,22.28,40.4175
2420,4,2,2026-07-15,44.81,30172.24,Bera,131.16,Cleaned,41.92,38.44,12.99,42.01
2450,4,2,2026-07-22,14.37,32835.41,Bera,57.53,Cleaned,44.81,40.55,56.93,35.465
2480,4,2,2026-07-29,39.45,31877.11,Bera,137.71,Cleaned,14.37,40.76,35.44,35.1375
2510,4,2,2026-08-05,25.29,27585.66,Bera,125.9,Cleaned,39.45,41.92,38.44,30.98
2540,4,2,2026-08-12,43.53,27814.48,Bera,141.02,Cleaned,25.29,44.81,40.55,30.66
2570,4,2,2026-08-19,33.52,29656.16,Bera,94.59,Cleaned,43.53,14.37,40.76,35.4475
2600,4,2,2026-08-26,50.86,27471.76,Bera,130.08,Cleaned,33.52,39.45,41.92,38.300000000000004
231,4,3,2025-02-19,12.46,27681.35,Rendeng,247.03,Cleaned,13.07,24.56,42.31,19.4175
261,4,3,2025-02-26,28.97,31489.56,Rendeng,426.04,Cleaned,12.46,25.28,18.22,20.34
291,4,3,2025-03-05,19.08,28025.33,Gadu,26.97,Cleaned,28.97,26.86,32.52,18.395
321,4,3,2025-03-12,29.26,30745.43,Gadu,47.28,Cleaned,19.08,13.07,24.56,22.4425
351,4,3,2025-03-19,21.98,31817.12,Gadu,67.49,Cleaned,29.26,12.46,25.28,24.8225
381,4,3,2025-03-26,23.76,28071.27,Gadu,50.64,Cleaned,21.98,28.97,26.86,23.520000000000003
411,4,3,2025-04-02,10.33,30113.51,Gadu,33.93,Cleaned,23.76,19.08,13.07,21.332500000000003
441,4,3,2025-04-09,30.89,32067.3,Gadu,12.18,Cleaned,10.33,29.26,12.46,21.740000000000002
471,4,3,2025-04-16,18.66,27347.06,Gadu,11.71,Cleaned,30.89,21.98,28.97,20.91
501,4,3,2025-04-23,28.74,32887.12,Gadu,70.35,Cleaned,18.66,23.76,19.08,22.155
531,4,3,2025-04-30,25.45,31625.53,Gadu,59.57,Cleaned,28.74,10.33,29.26,25.935
561,4,3,2025-05-07,19.07,31888.95,Gadu,31.73,Cleaned,25.45,30.89,21.98,22.98
591,4,3,2025-05-14,20.57,32816.47,Gadu,79.74,Cleaned,19.07,18.66,23.76,23.4575
621,4,3,2025-05-21,22.86,30707.08,Gadu,21.69,Cleaned,20.57,28.74,10.33,21.9875
651,4,3,2025-05-28,17.86,29915.23,Gadu,61.69,Cleaned,22.86,25.45,30.89,20.09
681,4,3,2025-06-04,25.95,29425.91,Gadu,49.71,Cleaned,17.86,19.07,18.66,21.81
711,4,3,2025-06-11,17.64,27525.86,Gadu,47.8,Cleaned,25.95,20.57,28.74,21.0775
741,4,3,2025-06-18,12.45,30743.38,Gadu,15.66,Cleaned,17.64,22.86,25.45,18.475
771,4,3,2025-06-25,20.55,27427.54,Gadu,19.6,Cleaned,12.45,17.86,19.07,19.1475
801,4,3,2025-07-02,25.34,32624.33,Bera,70.57,Cleaned,20.55,25.95,20.57,18.995
831,4,3,2025-07-09,33.75,30363.96,Bera,126.11,Cleaned,25.34,17.64,22.86,23.0225
861,4,3,2025-07-16,25.81,30941.73,Bera,58.86,Cleaned,33.75,12.45,17.86,26.3625
891,4,3,2025-07-23,21.81,27311.74,Bera,139.98,Cleaned,25.81,20.55,25.95,26.677500000000002
921,4,3,2025-07-30,35.49,32341.55,Bera,60.55,Cleaned,21.81,25.34,17.64,29.215
951,4,3,2025-08-06,30.74,30279.89,Bera,132.6,Cleaned,35.49,33.75,12.45,28.4625
981,4,3,2025-08-13,16.05,30074.18,Bera,137.28,Cleaned,30.74,25.81,20.55,26.0225
1011,4,3,2025-08-20,22.17,27481.08,Bera,78.07,Cleaned,16.05,21.81,25.34,26.112499999999997
1041,4,3,2025-08-27,30.76,30634.68,Bera,79.5,Cleaned,22.17,35.49,33.75,24.93
1071,4,3,2025-09-03,25.21,27748.92,Bera,145.59,Cleaned,30.76,30.74,25.81,23.547500000000003
1101,4,3,2025-09-10,11.72,27396.06,Bera,107.73,Cleaned,25.21,16.05,21.81,22.465000000000003
1131,4,3,2025-09-17,28.79,28897.62,Bera,78.1,Cleaned,11.72,22.17,35.49,24.119999999999997
1161,4,3,2025-09-24,17.0,27348.55,Bera,50.44,Cleaned,28.79,30.76,30.74,20.68
1191,4,3,2025-10-01,31.95,30469.79,Bera,101.9,Cleaned,17.0,25.21,16.05,22.365
1221,4,3,2025-10-08,23.03,27072.62,Bera,102.97,Cleaned,31.95,11.72,22.17,25.1925
1251,4,3,2025-10-15,5.05,31865.27,Bera,141.95,Cleaned,23.03,28.79,30.76,19.257499999999997
1281,4,3,2025-10-22,30.61,32170.15,Bera,80.42,Cleaned,5.05,17.0,25.21,22.66
1311,4,3,2025-10-29,19.37,31112.66,Bera,51.14,Cleaned,30.61,31.95,11.72,19.515
1341,4,3,2025-11-05,20.81,32745.49,Rendeng,244.84,Cleaned,19.37,23.03,28.79,18.96
1371,4,3,2025-11-12,36.87,32617.68,Rendeng,260.51,Cleaned,20.81,5.05,17.0,26.915
1401,4,3,2025-11-19,21.13,29125.63,Rendeng,366.05,Cleaned,36.87,30.61,31.95,24.544999999999998
1431,4,3,2025-11-26,22.78,27401.84,Rendeng,242.92,Cleaned,21.13,19.37,23.03,25.397499999999997
1461,4,3,2025-12-03,28.97,30042.36,Rendeng,380.68,Cleaned,22.78,20.81,5.05,27.4375
1491,4,3,2025-12-10,25.75,30380.37,Rendeng,348.83,Cleaned,28.97,36.87,30.61,24.6575
1521,4,3,2025-12-17,17.49,30641.08,Rendeng,445.28,Cleaned,25.75,21.13,19.37,23.747500000000002
1551,4,3,2025-12-24,22.52,28838.78,Rendeng,404.24,Cleaned,17.49,22.78,20.81,23.6825
1581,4,3,2025-12-31,26.68,28323.03,Rendeng,385.41,Cleaned,22.52,28.97,36.87,23.11
1611,4,3,2026-01-07,27.82,32574.87,Rendeng,251.89,Cleaned,26.68,25.75,21.13,23.6275
1641,4,3,2026-01-14,21.21,31146.33,Rendeng,384.77,Cleaned,27.82,17.49,22.78,24.5575
1671,4,3,2026-01-21,19.04,28254.36,Rendeng,383.25,Cleaned,21.21,22.52,28.97,23.6875
1701,4,3,2026-01-28,25.52,32605.82,Rendeng,318.9,Cleaned,19.04,26.68,25.75,23.3975
1731,4,3,2026-02-04,26.48,32558.78,Rendeng,262.79,Cleaned,25.52,27.82,17.49,23.0625
1761,4,3,2026-02-11,19.83,28443.19,Rendeng,212.64,Cleaned,26.48,21.21,22.52,22.7175
1791,4,3,2026-02-18,20.18,27082.09,Rendeng,272.36,Cleaned,19.83,19.04,26.68,23.002499999999998
1821,4,3,2026-02-25,21.12,27579.87,Rendeng,235.82,Cleaned,20.18,25.52,27.82,21.9025
1851,4,3,2026-03-04,15.97,31053.98,Gadu,59.04,Cleaned,21.12,26.48,21.21,19.275
1881,4,3,2026-03-11,31.4,27481.12,Gadu,34.83,Cleaned,15.97,19.83,19.04,22.167499999999997
1911,4,3,2026-03-18,19.77,27306.9,Gadu,78.78,Cleaned,31.4,20.18,25.52,22.065
1941,4,3,2026-03-25,12.5,32869.32,Gadu,76.22,Cleaned,19.77,21.12,26.48,19.91
1971,4,3,2026-04-01,27.51,28046.46,Gadu,19.47,Cleaned,12.5,15.97,19.83,22.795
2001,4,3,2026-04-08,28.56,28875.59,Gadu,50.05,Cleaned,27.51,31.4,20.18,22.085
2031,4,3,2026-04-15,31.33,31510.95,Gadu,55.17,Cleaned,28.56,19.77,21.12,24.975
2061,4,3,2026-04-22,24.56,30572.2,Gadu,68.55,Cleaned,31.33,12.5,15.97,27.990000000000002
2091,4,3,2026-04-29,27.68,29023.98,Gadu,13.83,Cleaned,24.56,27.51,31.4,28.0325
2121,4,3,2026-05-06,26.94,27847.19,Gadu,21.5,Cleaned,27.68,28.56,19.77,27.627499999999998
2151,4,3,2026-05-13,15.48,31558.94,Gadu,20.4,Cleaned,26.94,31.33,12.5,23.665
2181,4,3,2026-05-20,26.36,30601.51,Gadu,63.35,Cleaned,15.48,24.56,27.51,24.115
2211,4,3,2026-05-27,36.39,29626.3,Gadu,40.12,Cleaned,26.36,27.68,28.56,26.2925
2241,4,3,2026-06-03,16.41,32547.85,Gadu,78.07,Cleaned,36.39,26.94,31.33,23.66
2271,4,3,2026-06-10,15.47,32629.09,Gadu,75.28,Cleaned,16.41,15.48,24.56,23.6575
2301,4,3,2026-06-17,6.76,32800.24,Gadu,66.13,Cleaned,15.47,26.36,27.68,18.7575
2331,4,3,2026-06-24,24.76,28695.3,Gadu,64.6,Cleaned,6.76,36.39,26.94,15.850000000000001
2361,4,3,2026-07-01,30.39,30498.63,Bera,131.07,Cleaned,24.76,16.41,15.48,19.345000000000002
2391,4,3,2026-07-08,18.72,27408.22,Bera,77.35,Cleaned,30.39,15.47,26.36,20.1575
2421,4,3,2026-07-15,23.75,27488.68,Bera,131.16,Cleaned,18.72,6.76,36.39,24.405
2451,4,3,2026-07-22,20.65,29131.7,Bera,57.53,Cleaned,23.75,24.76,16.41,23.3775
2481,4,3,2026-07-29,36.0,31688.77,Bera,137.71,Cleaned,20.65,30.39,15.47,24.78
2511,4,3,2026-08-05,19.7,30934.92,Bera,125.9,Cleaned,36.0,18.72,6.76,25.025000000000002
2541,4,3,2026-08-12,19.57,27600.93,Bera,141.02,Cleaned,19.7,23.75,24.76,23.98
2571,4,3,2026-08-19,16.93,31878.85,Bera,94.59,Cleaned,19.57,20.65,30.39,23.05
2601,4,3,2026-08-26,14.95,32928.08,Bera,130.08,Cleaned,16.93,36.0,18.72,17.7875
232,4,4,2025-02-19,29.26,36201.01,Rendeng,247.03,Cleaned,15.8,13.25,28.73,18.9625
262,4,4,2025-02-26,17.22,32791.65,Rendeng,426.04,Cleaned,29.26,10.92,19.07,20.5375
292,4,4,2025-03-05,25.95,36180.5,Gadu,26.97,Cleaned,17.22,19.87,37.27,22.0575
322,4,4,2025-03-12,21.76,32318.29,Gadu,47.28,Cleaned,25.95,15.8,13.25,23.5475
352,4,4,2025-03-19,18.44,31532.42,Gadu,67.49,Cleaned,21.76,29.26,10.92,20.8425
382,4,4,2025-03-26,20.33,36069.22,Gadu,50.64,Cleaned,18.44,17.22,19.87,21.62
412,4,4,2025-04-02,13.03,31828.76,Gadu,33.93,Cleaned,20.33,25.95,15.8,18.39
442,4,4,2025-04-09,20.64,33733.7,Gadu,12.18,Cleaned,13.03,21.76,29.26,18.11
472,4,4,2025-04-16,28.7,38283.72,Gadu,11.71,Cleaned,20.64,18.44,17.22,20.675
502,4,4,2025-04-23,11.7,35922.69,Gadu,70.35,Cleaned,28.7,20.33,25.95,18.5175
532,4,4,2025-04-30,24.05,37413.48,Gadu,59.57,Cleaned,11.7,13.03,21.76,21.2725
562,4,4,2025-05-07,28.06,32060.8,Gadu,31.73,Cleaned,24.05,20.64,18.44,23.127499999999998
592,4,4,2025-05-14,14.05,33306.93,Gadu,79.74,Cleaned,28.06,28.7,20.33,19.465
622,4,4,2025-05-21,33.87,37582.33,Gadu,21.69,Cleaned,14.05,11.7,13.03,25.007499999999997
652,4,4,2025-05-28,19.37,33297.44,Gadu,61.69,Cleaned,33.87,24.05,20.64,23.8375
682,4,4,2025-06-04,16.25,34497.4,Gadu,49.71,Cleaned,19.37,28.06,28.7,20.884999999999998
712,4,4,2025-06-11,12.71,38058.7,Gadu,47.8,Cleaned,16.25,14.05,11.7,20.549999999999997
742,4,4,2025-06-18,26.94,35189.29,Gadu,15.66,Cleaned,12.71,33.87,24.05,18.817500000000003
772,4,4,2025-06-25,22.33,31584.76,Gadu,19.6,Cleaned,26.94,19.37,28.06,19.557499999999997
802,4,4,2025-07-02,21.35,31802.22,Bera,70.57,Cleaned,22.33,16.25,14.05,20.8325
832,4,4,2025-07-09,33.88,35724.41,Bera,126.11,Cleaned,21.35,12.71,33.87,26.125
862,4,4,2025-07-16,17.51,38196.3,Bera,58.86,Cleaned,33.88,26.94,19.37,23.767500000000002
892,4,4,2025-07-23,29.88,37003.95,Bera,139.98,Cleaned,17.51,22.33,16.25,25.655
922,4,4,2025-07-30,22.58,32055.85,Bera,60.55,Cleaned,29.88,21.35,12.71,25.9625
952,4,4,2025-08-06,20.39,34162.8,Bera,132.6,Cleaned,22.58,33.88,26.94,22.590000000000003
982,4,4,2025-08-13,26.12,32229.57,Bera,137.28,Cleaned,20.39,17.51,22.33,24.7425
1012,4,4,2025-08-20,21.64,33983.4,Bera,78.07,Cleaned,26.12,29.88,21.35,22.6825
1042,4,4,2025-08-27,13.64,34052.16,Bera,79.5,Cleaned,21.64,22.58,33.88,20.4475
1072,4,4,2025-09-03,18.67,37059.47,Bera,145.59,Cleaned,13.64,20.39,17.51,20.017500000000002
1102,4,4,2025-09-10,10.79,33941.74,Bera,107.73,Cleaned,18.67,26.12,29.88,16.185
1132,4,4,2025-09-17,15.65,32213.25,Bera,78.1,Cleaned,10.79,21.64,22.58,14.6875
1162,4,4,2025-09-24,12.19,32280.59,Bera,50.44,Cleaned,15.65,13.64,20.39,14.325
1192,4,4,2025-10-01,24.69,32528.74,Bera,101.9,Cleaned,12.19,18.67,26.12,15.829999999999998
1222,4,4,2025-10-08,31.07,31563.27,Bera,102.97,Cleaned,24.69,10.79,21.64,20.900000000000002
1252,4,4,2025-10-15,22.42,37350.78,Bera,141.95,Cleaned,31.07,15.65,13.64,22.5925
1282,4,4,2025-10-22,27.02,33418.5,Bera,80.42,Cleaned,22.42,12.19,18.67,26.3
1312,4,4,2025-10-29,10.32,33827.19,Bera,51.14,Cleaned,27.02,24.69,10.79,22.707500000000003
1342,4,4,2025-11-05,10.85,34293.25,Rendeng,244.84,Cleaned,10.32,31.07,15.65,17.6525
1372,4,4,2025-11-12,16.29,31948.04,Rendeng,260.51,Cleaned,10.85,22.42,12.19,16.119999999999997
1402,4,4,2025-11-19,23.85,32237.42,Rendeng,366.05,Cleaned,16.29,27.02,24.69,15.3275
1432,4,4,2025-11-26,21.52,37641.45,Rendeng,242.92,Cleaned,23.85,10.32,31.07,18.1275
1462,4,4,2025-12-03,20.16,32815.44,Rendeng,380.68,Cleaned,21.52,10.85,22.42,20.455
1492,4,4,2025-12-10,28.08,35872.3,Rendeng,348.83,Cleaned,20.16,16.29,27.02,23.402500000000003
1522,4,4,2025-12-17,20.21,37666.81,Rendeng,445.28,Cleaned,28.08,23.85,10.32,22.4925
1552,4,4,2025-12-24,15.87,37256.67,Rendeng,404.24,Cleaned,20.21,21.52,10.85,21.080000000000002
1582,4,4,2025-12-31,14.95,33027.45,Rendeng,385.41,Cleaned,15.87,20.16,16.29,19.777499999999996
1612,4,4,2026-01-07,32.89,34211.26,Rendeng,251.89,Cleaned,14.95,28.08,23.85,20.98
1642,4,4,2026-01-14,24.92,33401.43,Rendeng,384.77,Cleaned,32.89,20.21,21.52,22.1575
1672,4,4,2026-01-21,27.74,32092.82,Rendeng,383.25,Cleaned,24.92,15.87,20.16,25.125
1702,4,4,2026-01-28,19.53,37914.94,Rendeng,318.9,Cleaned,27.74,14.95,28.08,26.270000000000003
1732,4,4,2026-02-04,18.88,34437.39,Rendeng,262.79,Cleaned,19.53,32.89,20.21,22.7675
1762,4,4,2026-02-11,12.09,36206.69,Rendeng,212.64,Cleaned,18.88,24.92,15.87,19.560000000000002
1792,4,4,2026-02-18,8.3,32071.19,Rendeng,272.36,Cleaned,12.09,27.74,14.95,14.7
1822,4,4,2026-02-25,17.23,32738.28,Rendeng,235.82,Cleaned,8.3,19.53,32.89,14.125
1852,4,4,2026-03-04,28.96,34271.56,Gadu,59.04,Cleaned,17.23,18.88,24.92,16.645
1882,4,4,2026-03-11,23.17,34837.87,Gadu,34.83,Cleaned,28.96,12.09,27.74,19.415
1912,4,4,2026-03-18,13.19,34284.55,Gadu,78.78,Cleaned,23.17,8.3,19.53,20.6375
1942,4,4,2026-03-25,10.35,32766.24,Gadu,76.22,Cleaned,13.19,17.23,18.88,18.9175
1972,4,4,2026-04-01,21.93,34801.55,Gadu,19.47,Cleaned,10.35,28.96,12.09,17.16
2002,4,4,2026-04-08,26.14,34374.78,Gadu,50.05,Cleaned,21.93,23.17,8.3,17.9025
2032,4,4,2026-04-15,13.17,37183.62,Gadu,55.17,Cleaned,26.14,13.19,17.23,17.8975
2062,4,4,2026-04-22,17.59,34406.02,Gadu,68.55,Cleaned,13.17,10.35,28.96,19.707500000000003
2092,4,4,2026-04-29,17.64,37292.67,Gadu,13.83,Cleaned,17.59,21.93,23.17,18.634999999999998
2122,4,4,2026-05-06,20.3,36844.61,Gadu,21.5,Cleaned,17.64,26.14,13.19,17.175
2152,4,4,2026-05-13,11.78,33871.76,Gadu,20.4,Cleaned,20.3,13.17,10.35,16.8275
2182,4,4,2026-05-20,16.58,36618.75,Gadu,63.35,Cleaned,11.78,17.59,21.93,16.575
2212,4,4,2026-05-27,16.24,33437.28,Gadu,40.12,Cleaned,16.58,17.64,26.14,16.224999999999998
2242,4,4,2026-06-03,13.82,31893.57,Gadu,78.07,Cleaned,16.24,20.3,13.17,14.605
2272,4,4,2026-06-10,30.17,33428.97,Gadu,75.28,Cleaned,13.82,11.78,17.59,19.2025
2302,4,4,2026-06-17,17.89,36380.16,Gadu,66.13,Cleaned,30.17,16.58,17.64,19.53
2332,4,4,2026-06-24,14.24,33453.06,Gadu,64.6,Cleaned,17.89,16.24,20.3,19.03
2362,4,4,2026-07-01,22.42,36526.1,Bera,131.07,Cleaned,14.24,13.82,11.78,21.18
2392,4,4,2026-07-08,25.8,33718.33,Bera,77.35,Cleaned,22.42,30.17,16.58,20.0875
2422,4,4,2026-07-15,19.1,34545.1,Bera,131.16,Cleaned,25.8,17.89,16.24,20.39
2452,4,4,2026-07-22,7.08,36277.58,Bera,57.53,Cleaned,19.1,14.24,13.82,18.6
2482,4,4,2026-07-29,29.04,36422.94,Bera,137.71,Cleaned,7.08,22.42,30.17,20.255000000000003
2512,4,4,2026-08-05,27.97,35260.93,Bera,125.9,Cleaned,29.04,25.8,17.89,20.7975
2542,4,4,2026-08-12,15.76,33402.02,Bera,141.02,Cleaned,27.97,19.1,14.24,19.9625
2572,4,4,2026-08-19,26.05,35619.02,Bera,94.59,Cleaned,15.76,7.08,22.42,24.705
2602,4,4,2026-08-26,16.15,34225.73,Bera,130.08,Cleaned,26.05,29.04,25.8,21.4825
233,4,5,2025-02-19,16.91,25100.82,Rendeng,247.03,Cleaned,11.78,8.48,12.3,13.982499999999998
263,4,5,2025-02-26,9.64,24922.61,Rendeng,426.04,Cleaned,16.91,12.84,12.56,13.182500000000001
293,4,5,2025-03-05,11.88,25358.06,Gadu,26.97,Cleaned,9.64,14.4,6.55,12.5525
323,4,5,2025-03-12,12.11,24174.53,Gadu,47.28,Cleaned,11.88,11.78,8.48,12.635
353,4,5,2025-03-19,8.04,25186.98,Gadu,67.49,Cleaned,12.11,16.91,12.84,10.417499999999999
383,4,5,2025-03-26,10.32,23715.86,Gadu,50.64,Cleaned,8.04,9.64,14.4,10.5875
413,4,5,2025-04-02,13.33,22913.99,Gadu,33.93,Cleaned,10.32,11.88,11.78,10.95
443,4,5,2025-04-09,6.67,23102.83,Gadu,12.18,Cleaned,13.33,12.11,16.91,9.59
473,4,5,2025-04-16,16.46,25980.1,Gadu,11.71,Cleaned,6.67,8.04,9.64,11.695
503,4,5,2025-04-23,14.15,25199.93,Gadu,70.35,Cleaned,16.46,10.32,11.88,12.6525
533,4,5,2025-04-30,13.76,23156.22,Gadu,59.57,Cleaned,14.15,13.33,12.11,12.760000000000002
563,4,5,2025-05-07,11.93,26586.49,Gadu,31.73,Cleaned,13.76,6.67,8.04,14.075
593,4,5,2025-05-14,7.06,26367.37,Gadu,79.74,Cleaned,11.93,16.46,10.32,11.725
623,4,5,2025-05-21,9.98,27154.74,Gadu,21.69,Cleaned,7.06,14.15,13.33,10.682500000000001
653,4,5,2025-05-28,8.12,26515.13,Gadu,61.69,Cleaned,9.98,13.76,6.67,9.272499999999999
683,4,5,2025-06-04,14.92,27456.28,Gadu,49.71,Cleaned,8.12,11.93,16.46,10.02
713,4,5,2025-06-11,5.18,24484.91,Gadu,47.8,Cleaned,14.92,7.06,14.15,9.549999999999999
743,4,5,2025-06-18,7.92,26933.02,Gadu,15.66,Cleaned,5.18,9.98,13.76,9.035
773,4,5,2025-06-25,6.88,24248.52,Gadu,19.6,Cleaned,7.92,8.12,11.93,8.725
803,4,5,2025-07-02,11.21,26129.9,Bera,70.57,Cleaned,6.88,14.92,7.06,7.7975
833,4,5,2025-07-09,15.08,23849.1,Bera,126.11,Cleaned,11.21,5.18,9.98,10.2725
863,4,5,2025-07-16,8.16,23734.89,Bera,58.86,Cleaned,15.08,7.92,8.12,10.3325
893,4,5,2025-07-23,9.3,23323.53,Bera,139.98,Cleaned,8.16,6.88,14.92,10.937500000000002
923,4,5,2025-07-30,8.75,26790.89,Bera,60.55,Cleaned,9.3,11.21,5.18,10.322500000000002
953,4,5,2025-08-06,9.69,26199.52,Bera,132.6,Cleaned,8.75,15.08,7.92,8.975
983,4,5,2025-08-13,10.65,25761.12,Bera,137.28,Cleaned,9.69,8.16,6.88,9.5975
1013,4,5,2025-08-20,12.12,25893.35,Bera,78.07,Cleaned,10.65,9.3,11.21,10.302499999999998
1043,4,5,2025-08-27,18.09,23202.76,Bera,79.5,Cleaned,12.12,8.75,15.08,12.6375
1073,4,5,2025-09-03,13.69,27220.21,Bera,145.59,Cleaned,18.09,9.69,8.16,13.6375
1103,4,5,2025-09-10,11.91,27238.44,Bera,107.73,Cleaned,13.69,10.65,9.3,13.9525
1133,4,5,2025-09-17,6.88,26713.56,Bera,78.1,Cleaned,11.91,12.12,8.75,12.642499999999998
1163,4,5,2025-09-24,5.5,26677.4,Bera,50.44,Cleaned,6.88,18.09,9.69,9.495
1193,4,5,2025-10-01,13.26,24440.83,Bera,101.9,Cleaned,5.5,13.69,10.65,9.3875
1223,4,5,2025-10-08,13.68,23643.38,Bera,102.97,Cleaned,13.26,11.91,12.12,9.829999999999998
1253,4,5,2025-10-15,15.82,26355.61,Bera,141.95,Cleaned,13.68,6.88,18.09,12.065000000000001
1283,4,5,2025-10-22,9.68,24226.71,Bera,80.42,Cleaned,15.82,5.5,13.69,13.11
1313,4,5,2025-10-29,11.0,27222.24,Bera,51.14,Cleaned,9.68,13.26,11.91,12.544999999999998
1343,4,5,2025-11-05,10.2,25862.3,Rendeng,244.84,Cleaned,11.0,13.68,6.88,11.675
1373,4,5,2025-11-12,9.64,24719.6,Rendeng,260.51,Cleaned,10.2,15.82,5.5,10.129999999999999
1403,4,5,2025-11-19,11.9,25538.76,Rendeng,366.05,Cleaned,9.64,9.68,13.26,10.685
1433,4,5,2025-11-26,14.48,27340.33,Rendeng,242.92,Cleaned,11.9,11.0,13.68,11.555
1463,4,5,2025-12-03,12.31,24413.99,Rendeng,380.68,Cleaned,14.48,10.2,15.82,12.0825
1493,4,5,2025-12-10,12.4,25404.75,Rendeng,348.83,Cleaned,12.31,9.64,9.68,12.772499999999999
1523,4,5,2025-12-17,12.69,23556.16,Rendeng,445.28,Cleaned,12.4,11.9,11.0,12.969999999999999
1553,4,5,2025-12-24,11.13,24792.16,Rendeng,404.24,Cleaned,12.69,14.48,10.2,12.1325
1583,4,5,2025-12-31,10.29,23816.24,Rendeng,385.41,Cleaned,11.13,12.31,9.64,11.6275
1613,4,5,2026-01-07,11.88,26376.22,Rendeng,251.89,Cleaned,10.29,12.4,11.9,11.4975
1643,4,5,2026-01-14,9.8,24210.54,Rendeng,384.77,Cleaned,11.88,12.69,14.48,10.774999999999999
1673,4,5,2026-01-21,6.28,26704.54,Rendeng,383.25,Cleaned,9.8,11.13,12.31,9.5625
1703,4,5,2026-01-28,16.28,24516.05,Rendeng,318.9,Cleaned,6.28,10.29,12.4,11.060000000000002
1733,4,5,2026-02-04,4.93,22643.26,Rendeng,262.79,Cleaned,16.28,11.88,12.69,9.322500000000002
1763,4,5,2026-02-11,13.33,26621.75,Rendeng,212.64,Cleaned,4.93,9.8,11.13,10.205
1793,4,5,2026-02-18,7.83,25240.73,Rendeng,272.36,Cleaned,13.33,6.28,10.29,10.592500000000001
1823,4,5,2026-02-25,11.43,25159.36,Rendeng,235.82,Cleaned,7.83,16.28,11.88,9.379999999999999
1853,4,5,2026-03-04,10.55,24561.4,Gadu,59.04,Cleaned,11.43,4.93,9.8,10.785
1883,4,5,2026-03-11,15.33,26417.35,Gadu,34.83,Cleaned,10.55,13.33,6.28,11.285
1913,4,5,2026-03-18,1.4,24413.92,Gadu,78.78,Cleaned,15.33,7.83,16.28,9.6775
1943,4,5,2026-03-25,9.47,26154.35,Gadu,76.22,Cleaned,1.4,11.43,4.93,9.1875
1973,4,5,2026-04-01,12.34,25252.66,Gadu,19.47,Cleaned,9.47,10.55,13.33,9.635
2003,4,5,2026-04-08,13.48,24016.93,Gadu,50.05,Cleaned,12.34,15.33,7.83,9.172500000000001
2033,4,5,2026-04-15,11.05,26792.53,Gadu,55.17,Cleaned,13.48,1.4,11.43,11.585
2063,4,5,2026-04-22,16.38,23478.56,Gadu,68.55,Cleaned,11.05,9.47,10.55,13.3125
2093,4,5,2026-04-29,8.83,22840.93,Gadu,13.83,Cleaned,16.38,12.34,15.33,12.435
2123,4,5,2026-05-06,16.09,24212.96,Gadu,21.5,Cleaned,8.83,13.48,1.4,13.0875
2153,4,5,2026-05-13,14.83,22748.03,Gadu,20.4,Cleaned,16.09,11.05,9.47,14.0325
2183,4,5,2026-05-20,5.1,25742.32,Gadu,63.35,Cleaned,14.83,16.38,12.34,11.2125
2213,4,5,2026-05-27,4.7,27164.34,Gadu,40.12,Cleaned,5.1,8.83,13.48,10.180000000000001
2243,4,5,2026-06-03,14.56,25551.82,Gadu,78.07,Cleaned,4.7,16.09,11.05,9.7975
2273,4,5,2026-06-10,15.81,26326.58,Gadu,75.28,Cleaned,14.56,14.83,16.38,10.0425
2303,4,5,2026-06-17,8.89,25248.59,Gadu,66.13,Cleaned,15.81,5.1,8.83,10.99
2333,4,5,2026-06-24,11.92,22912.86,Gadu,64.6,Cleaned,8.89,4.7,16.09,12.795
2363,4,5,2026-07-01,8.92,24789.5,Bera,131.07,Cleaned,11.92,14.56,14.83,11.385000000000002
2393,4,5,2026-07-08,11.69,26388.64,Bera,77.35,Cleaned,8.92,15.81,5.1,10.355
2423,4,5,2026-07-15,12.91,23167.08,Bera,131.16,Cleaned,11.69,8.89,4.7,11.36
2453,4,5,2026-07-22,15.88,23840.72,Bera,57.53,Cleaned,12.91,11.92,14.56,12.35
2483,4,5,2026-07-29,13.75,23930.68,Bera,137.71,Cleaned,15.88,8.92,15.81,13.5575
2513,4,5,2026-08-05,15.62,25643.67,Bera,125.9,Cleaned,13.75,11.69,8.89,14.54
2543,4,5,2026-08-12,9.98,22941.98,Bera,141.02,Cleaned,15.62,12.91,11.92,13.807500000000001
2573,4,5,2026-08-19,9.23,25640.15,Bera,94.59,Cleaned,9.98,15.88,8.92,12.145
2603,4,5,2026-08-26,14.65,23560.41,Bera,130.08,Cleaned,9.23,13.75,11.69,12.370000000000001
234,4,6,2025-02-19,5.97,29437.0,Rendeng,247.03,Cleaned,7.47,6.04,7.3,7.3125
264,4,6,2025-02-26,3.64,28150.4,Rendeng,426.04,Cleaned,5.97,8.63,6.22,6.0649999999999995
294,4,6,2025-03-05,7.07,26289.89,Gadu,26.97,Cleaned,3.64,7.18,7.83,6.0375
324,4,6,2025-03-12,6.75,25516.0,Gadu,47.28,Cleaned,7.07,7.47,6.04,5.8575
354,4,6,2025-03-19,2.91,29809.21,Gadu,67.49,Cleaned,6.75,5.97,8.63,5.092500000000001
384,4,6,2025-03-26,5.37,28722.47,Gadu,50.64,Cleaned,2.91,3.64,7.18,5.525
414,4,6,2025-04-02,4.51,28067.34,Gadu,33.93,Cleaned,5.37,7.07,7.47,4.885
444,4,6,2025-04-09,6.64,25173.24,Gadu,12.18,Cleaned,4.51,6.75,5.97,4.8575
474,4,6,2025-04-16,4.78,25596.43,Gadu,11.71,Cleaned,6.64,2.91,3.64,5.325
504,4,6,2025-04-23,3.43,29039.15,Gadu,70.35,Cleaned,4.78,5.37,7.07,4.84
534,4,6,2025-04-30,8.07,24928.89,Gadu,59.57,Cleaned,3.43,4.51,6.75,5.73
564,4,6,2025-05-07,7.41,27237.75,Gadu,31.73,Cleaned,8.07,6.64,2.91,5.9225
594,4,6,2025-05-14,7.78,25469.81,Gadu,79.74,Cleaned,7.41,4.78,5.37,6.6725
624,4,6,2025-05-21,5.89,28542.4,Gadu,21.69,Cleaned,7.78,3.43,4.51,7.2875
654,4,6,2025-05-28,3.86,27715.39,Gadu,61.69,Cleaned,5.89,8.07,6.64,6.235
684,4,6,2025-06-04,7.68,25456.17,Gadu,49.71,Cleaned,3.86,7.41,4.78,6.3025
714,4,6,2025-06-11,6.65,27209.61,Gadu,47.8,Cleaned,7.68,7.78,3.43,6.02
744,4,6,2025-06-18,5.41,27223.82,Gadu,15.66,Cleaned,6.65,5.89,8.07,5.8999999999999995
774,4,6,2025-06-25,4.09,29010.59,Gadu,19.6,Cleaned,5.41,3.86,7.41,5.9575
804,4,6,2025-07-02,5.62,29247.82,Bera,70.57,Cleaned,4.09,7.68,7.78,5.4425
834,4,6,2025-07-09,6.79,29287.77,Bera,126.11,Cleaned,5.62,6.65,5.89,5.4775
864,4,6,2025-07-16,4.22,29734.4,Bera,58.86,Cleaned,6.79,5.41,3.86,5.18
894,4,6,2025-07-23,4.39,26566.18,Bera,139.98,Cleaned,4.22,4.09,7.68,5.255
924,4,6,2025-07-30,6.8,29254.85,Bera,60.55,Cleaned,4.39,5.62,6.65,5.55
954,4,6,2025-08-06,5.61,29799.42,Bera,132.6,Cleaned,6.8,6.79,5.41,5.255
984,4,6,2025-08-13,1.61,29977.92,Bera,137.28,Cleaned,5.61,4.22,4.09,4.6025
1014,4,6,2025-08-20,6.53,26740.56,Bera,78.07,Cleaned,1.61,4.39,5.62,5.1375
1044,4,6,2025-08-27,4.97,27420.74,Bera,79.5,Cleaned,6.53,6.8,6.79,4.68
1074,4,6,2025-09-03,5.13,25568.38,Bera,145.59,Cleaned,4.97,5.61,4.22,4.5600000000000005
1104,4,6,2025-09-10,5.54,25147.74,Bera,107.73,Cleaned,5.13,1.61,4.39,5.5425
1134,4,6,2025-09-17,4.35,26473.41,Bera,78.1,Cleaned,5.54,6.53,6.8,4.9975
1164,4,6,2025-09-24,5.98,24830.81,Bera,50.44,Cleaned,4.35,4.97,5.61,5.25
1194,4,6,2025-10-01,7.74,28457.72,Bera,101.9,Cleaned,5.98,5.13,1.61,5.9025
1224,4,6,2025-10-08,5.41,28239.0,Bera,102.97,Cleaned,7.74,5.54,6.53,5.87
1254,4,6,2025-10-15,3.92,28350.58,Bera,141.95,Cleaned,5.41,4.35,4.97,5.7625
1284,4,6,2025-10-22,6.7,26595.86,Bera,80.42,Cleaned,3.92,5.98,5.13,5.9425
1314,4,6,2025-10-29,4.82,28279.54,Bera,51.14,Cleaned,6.7,7.74,5.54,5.2125
1344,4,6,2025-11-05,6.5,30123.54,Rendeng,244.84,Cleaned,4.82,5.41,4.35,5.485
1374,4,6,2025-11-12,7.26,24870.52,Rendeng,260.51,Cleaned,6.5,3.92,5.98,6.32
1404,4,6,2025-11-19,3.13,26099.44,Rendeng,366.05,Cleaned,7.26,6.7,7.74,5.4275
1434,4,6,2025-11-26,1.88,25116.11,Rendeng,242.92,Cleaned,3.13,4.82,5.41,4.6925
1464,4,6,2025-12-03,4.94,29270.07,Rendeng,380.68,Cleaned,1.88,6.5,3.92,4.3025
1494,4,6,2025-12-10,7.58,30198.74,Rendeng,348.83,Cleaned,4.94,7.26,6.7,4.3825
1524,4,6,2025-12-17,7.15,29496.48,Rendeng,445.28,Cleaned,7.58,3.13,4.82,5.3875
1554,4,6,2025-12-24,4.67,28737.53,Rendeng,404.24,Cleaned,7.15,1.88,6.5,6.085000000000001
1584,4,6,2025-12-31,6.7,24753.59,Rendeng,385.41,Cleaned,4.67,4.94,7.26,6.525
1614,4,6,2026-01-07,8.01,26039.34,Rendeng,251.89,Cleaned,6.7,7.58,3.13,6.6325
1644,4,6,2026-01-14,4.92,27114.77,Rendeng,384.77,Cleaned,8.01,7.15,1.88,6.075
1674,4,6,2026-01-21,1.0,25966.81,Rendeng,383.25,Cleaned,4.92,4.67,4.94,5.1575
1704,4,6,2026-01-28,8.24,28888.19,Rendeng,318.9,Cleaned,1.0,6.7,7.58,5.5425
1734,4,6,2026-02-04,8.05,27957.89,Rendeng,262.79,Cleaned,8.24,8.01,7.15,5.5525
1764,4,6,2026-02-11,7.45,26933.46,Rendeng,212.64,Cleaned,8.05,4.92,4.67,6.185
1794,4,6,2026-02-18,9.08,25710.56,Rendeng,272.36,Cleaned,7.45,1.0,6.7,8.205000000000002
1824,4,6,2026-02-25,6.24,29554.9,Rendeng,235.82,Cleaned,9.08,8.24,8.01,7.705
1854,4,6,2026-03-04,8.52,29891.01,Gadu,59.04,Cleaned,6.24,8.05,4.92,7.8225
1884,4,6,2026-03-11,6.52,26273.88,Gadu,34.83,Cleaned,8.52,7.45,1.0,7.59
1914,4,6,2026-03-18,9.32,29365.31,Gadu,78.78,Cleaned,6.52,9.08,8.24,7.65
1944,4,6,2026-03-25,7.63,27060.06,Gadu,76.22,Cleaned,9.32,6.24,8.05,7.9975
1974,4,6,2026-04-01,4.46,26990.51,Gadu,19.47,Cleaned,7.63,8.52,7.45,6.9825
2004,4,6,2026-04-08,6.09,29050.4,Gadu,50.05,Cleaned,4.46,6.52,9.08,6.875
2034,4,6,2026-04-15,6.36,25474.28,Gadu,55.17,Cleaned,6.09,9.32,6.24,6.135000000000001
2064,4,6,2026-04-22,5.11,29261.39,Gadu,68.55,Cleaned,6.36,7.63,8.52,5.505
2094,4,6,2026-04-29,4.45,25779.18,Gadu,13.83,Cleaned,5.11,4.46,6.52,5.5025
2124,4,6,2026-05-06,4.79,28202.18,Gadu,21.5,Cleaned,4.45,6.09,9.32,5.1775
2154,4,6,2026-05-13,6.19,26163.84,Gadu,20.4,Cleaned,4.79,6.36,7.63,5.135000000000001
2184,4,6,2026-05-20,7.27,25126.42,Gadu,63.35,Cleaned,6.19,5.11,4.46,5.675
2214,4,6,2026-05-27,7.07,29824.55,Gadu,40.12,Cleaned,7.27,4.45,6.09,6.33
2244,4,6,2026-06-03,5.72,27755.24,Gadu,78.07,Cleaned,7.07,4.79,6.36,6.5625
2274,4,6,2026-06-10,3.98,29861.72,Gadu,75.28,Cleaned,5.72,6.19,5.11,6.01
2304,4,6,2026-06-17,5.71,27044.4,Gadu,66.13,Cleaned,3.98,7.27,4.45,5.62
2334,4,6,2026-06-24,4.69,25599.86,Gadu,64.6,Cleaned,5.71,7.07,4.79,5.025
2364,4,6,2026-07-01,5.36,26919.64,Bera,131.07,Cleaned,4.69,5.72,6.19,4.9350000000000005
2394,4,6,2026-07-08,2.75,29470.78,Bera,77.35,Cleaned,5.36,3.98,7.27,4.6274999999999995
2424,4,6,2026-07-15,2.64,28554.04,Bera,131.16,Cleaned,2.75,5.71,7.07,3.8600000000000003
2454,4,6,2026-07-22,7.41,26486.18,Bera,57.53,Cleaned,2.64,4.69,5.72,4.54
2484,4,6,2026-07-29,6.55,28272.46,Bera,137.71,Cleaned,7.41,5.36,3.98,4.8375
2514,4,6,2026-08-05,7.75,26213.56,Bera,125.9,Cleaned,6.55,2.75,5.71,6.0875
2544,4,6,2026-08-12,7.79,26632.24,Bera,141.02,Cleaned,7.75,2.64,4.69,7.375
2574,4,6,2026-08-19,4.5,29314.67,Bera,94.59,Cleaned,7.79,7.41,5.36,6.6475
2604,4,6,2026-08-26,7.73,26064.49,Bera,130.08,Cleaned,4.5,6.55,2.75,6.9425
235,5,1,2025-02-19,62.24,32259.92,Rendeng,247.03,Cleaned,43.93,39.13,26.82,47.43000000000001
265,5,1,2025-02-26,31.23,31484.83,Rendeng,426.04,Cleaned,62.24,30.03,22.13,47.730000000000004
295,5,1,2025-03-05,30.82,28942.08,Gadu,26.97,Cleaned,31.23,53.52,45.59,42.055
325,5,1,2025-03-12,44.34,30200.77,Gadu,47.28,Cleaned,30.82,43.93,39.13,42.1575
355,5,1,2025-03-19,23.58,31425.01,Gadu,67.49,Cleaned,44.34,62.24,30.03,32.4925
385,5,1,2025-03-26,41.17,29383.1,Gadu,50.64,Cleaned,23.58,31.23,53.52,34.9775
415,5,1,2025-04-02,31.41,28732.16,Gadu,33.93,Cleaned,41.17,30.82,43.93,35.125
445,5,1,2025-04-09,26.43,31348.6,Gadu,12.18,Cleaned,31.41,44.34,62.24,30.6475
475,5,1,2025-04-16,32.09,28342.91,Gadu,11.71,Cleaned,26.43,23.58,31.23,32.775000000000006
505,5,1,2025-04-23,41.54,30247.6,Gadu,70.35,Cleaned,32.09,41.17,30.82,32.8675
535,5,1,2025-04-30,40.73,31779.22,Gadu,59.57,Cleaned,41.54,31.41,44.34,35.197500000000005
565,5,1,2025-05-07,43.09,31389.54,Gadu,31.73,Cleaned,40.73,26.43,23.58,39.3625
595,5,1,2025-05-14,37.92,28416.3,Gadu,79.74,Cleaned,43.09,32.09,41.17,40.82
625,5,1,2025-05-21,26.04,30953.31,Gadu,21.69,Cleaned,37.92,41.54,31.41,36.945
655,5,1,2025-05-28,49.06,31296.9,Gadu,61.69,Cleaned,26.04,40.73,26.43,39.0275
685,5,1,2025-06-04,41.95,30470.32,Gadu,49.71,Cleaned,49.06,43.09,32.09,38.7425
715,5,1,2025-06-11,42.95,32516.35,Gadu,47.8,Cleaned,41.95,37.92,41.54,40.0
745,5,1,2025-06-18,32.61,29484.78,Gadu,15.66,Cleaned,42.95,26.04,40.73,41.642500000000005
775,5,1,2025-06-25,26.38,28044.66,Gadu,19.6,Cleaned,32.61,49.06,43.09,35.972500000000004
805,5,1,2025-07-02,38.81,32044.22,Bera,70.57,Cleaned,26.38,41.95,37.92,35.1875
835,5,1,2025-07-09,29.02,27351.31,Bera,126.11,Cleaned,38.81,42.95,26.04,31.705000000000002
865,5,1,2025-07-16,28.77,31556.39,Bera,58.86,Cleaned,29.02,32.61,49.06,30.745000000000005
895,5,1,2025-07-23,39.88,28229.29,Bera,139.98,Cleaned,28.77,26.38,41.95,34.120000000000005
925,5,1,2025-07-30,59.32,28886.1,Bera,60.55,Cleaned,39.88,38.81,42.95,39.2475
955,5,1,2025-08-06,46.65,28753.31,Bera,132.6,Cleaned,59.32,29.02,32.61,43.655
985,5,1,2025-08-13,55.53,30037.6,Bera,137.28,Cleaned,46.65,28.77,26.38,50.345
1015,5,1,2025-08-20,37.32,30816.58,Bera,78.07,Cleaned,55.53,39.88,38.81,49.705
1045,5,1,2025-08-27,38.52,32784.1,Bera,79.5,Cleaned,37.32,59.32,29.02,44.505
1075,5,1,2025-09-03,42.81,29900.44,Bera,145.59,Cleaned,38.52,46.65,28.77,43.545
1105,5,1,2025-09-10,38.81,28797.39,Bera,107.73,Cleaned,42.81,55.53,39.88,39.365
1135,5,1,2025-09-17,41.49,29602.9,Bera,78.1,Cleaned,38.81,37.32,59.32,40.407500000000006
1165,5,1,2025-09-24,20.86,27115.97,Bera,50.44,Cleaned,41.49,38.52,46.65,35.9925
1195,5,1,2025-10-01,29.11,32504.92,Bera,101.9,Cleaned,20.86,42.81,55.53,32.5675
1225,5,1,2025-10-08,30.43,32088.25,Bera,102.97,Cleaned,29.11,38.81,37.32,30.4725
1255,5,1,2025-10-15,17.94,29551.37,Bera,141.95,Cleaned,30.43,41.49,38.52,24.585
1285,5,1,2025-10-22,50.67,30372.44,Bera,80.42,Cleaned,17.94,20.86,42.81,32.037499999999994
1315,5,1,2025-10-29,51.35,28193.95,Bera,51.14,Cleaned,50.67,29.11,38.81,37.597500000000004
1345,5,1,2025-11-05,28.49,31490.31,Rendeng,244.84,Cleaned,51.35,30.43,41.49,37.1125
1375,5,1,2025-11-12,38.75,27337.06,Rendeng,260.51,Cleaned,28.49,17.94,20.86,42.315
1405,5,1,2025-11-19,36.78,28405.22,Rendeng,366.05,Cleaned,38.75,50.67,29.11,38.8425
1435,5,1,2025-11-26,31.46,29252.81,Rendeng,242.92,Cleaned,36.78,51.35,30.43,33.870000000000005
1465,5,1,2025-12-03,51.25,28631.68,Rendeng,380.68,Cleaned,31.46,28.49,17.94,39.56
1495,5,1,2025-12-10,34.41,31244.38,Rendeng,348.83,Cleaned,51.25,38.75,50.67,38.475
1525,5,1,2025-12-17,36.54,31424.56,Rendeng,445.28,Cleaned,34.41,36.78,51.35,38.415
1555,5,1,2025-12-24,59.61,31662.3,Rendeng,404.24,Cleaned,36.54,31.46,28.49,45.4525
1585,5,1,2025-12-31,41.88,30763.97,Rendeng,385.41,Cleaned,59.61,51.25,38.75,43.11
1615,5,1,2026-01-07,36.22,32768.95,Rendeng,251.89,Cleaned,41.88,34.41,36.78,43.5625
1645,5,1,2026-01-14,41.11,28727.67,Rendeng,384.77,Cleaned,36.22,36.54,31.46,44.705
1675,5,1,2026-01-21,52.31,31941.74,Rendeng,383.25,Cleaned,41.11,59.61,51.25,42.88
1705,5,1,2026-01-28,61.42,29570.75,Rendeng,318.9,Cleaned,52.31,41.88,34.41,47.765
1735,5,1,2026-02-04,37.43,30530.11,Rendeng,262.79,Cleaned,61.42,36.22,36.54,48.0675
1765,5,1,2026-02-11,44.02,29162.85,Rendeng,212.64,Cleaned,37.43,41.11,59.61,48.795
1795,5,1,2026-02-18,50.09,32791.82,Rendeng,272.36,Cleaned,44.02,52.31,41.88,48.24
1825,5,1,2026-02-25,31.98,28834.46,Rendeng,235.82,Cleaned,50.09,61.42,36.22,40.88
1855,5,1,2026-03-04,32.47,30507.26,Gadu,59.04,Cleaned,31.98,37.43,41.11,39.64
1885,5,1,2026-03-11,44.92,27241.71,Gadu,34.83,Cleaned,32.47,44.02,52.31,39.864999999999995
1915,5,1,2026-03-18,38.68,27372.25,Gadu,78.78,Cleaned,44.92,50.09,61.42,37.012499999999996
1945,5,1,2026-03-25,52.32,31824.99,Gadu,76.22,Cleaned,38.68,31.98,37.43,42.0975
1975,5,1,2026-04-01,49.52,28177.77,Gadu,19.47,Cleaned,52.32,32.47,44.02,46.36
2005,5,1,2026-04-08,47.23,32793.83,Gadu,50.05,Cleaned,49.52,44.92,50.09,46.9375
2035,5,1,2026-04-15,50.34,31066.34,Gadu,55.17,Cleaned,47.23,38.68,31.98,49.852500000000006
2065,5,1,2026-04-22,26.98,29748.17,Gadu,68.55,Cleaned,50.34,52.32,32.47,43.517500000000005
2095,5,1,2026-04-29,18.03,29504.37,Gadu,13.83,Cleaned,26.98,49.52,44.92,35.645
2125,5,1,2026-05-06,34.07,32628.38,Gadu,21.5,Cleaned,18.03,47.23,38.68,32.355000000000004
2155,5,1,2026-05-13,20.78,31463.43,Gadu,20.4,Cleaned,34.07,50.34,52.32,24.965
2185,5,1,2026-05-20,50.09,30583.87,Gadu,63.35,Cleaned,20.78,26.98,49.52,30.7425
2215,5,1,2026-05-27,14.63,31422.79,Gadu,40.12,Cleaned,50.09,18.03,47.23,29.8925
2245,5,1,2026-06-03,29.57,32112.29,Gadu,78.07,Cleaned,14.63,34.07,50.34,28.767500000000002
2275,5,1,2026-06-10,45.33,31431.28,Gadu,75.28,Cleaned,29.57,20.78,26.98,34.905
2305,5,1,2026-06-17,35.58,31958.79,Gadu,66.13,Cleaned,45.33,50.09,18.03,31.2775
2335,5,1,2026-06-24,44.16,28552.75,Gadu,64.6,Cleaned,35.58,14.63,34.07,38.66
2365,5,1,2026-07-01,34.07,32800.41,Bera,131.07,Cleaned,44.16,29.57,20.78,39.785
2395,5,1,2026-07-08,33.74,31123.41,Bera,77.35,Cleaned,34.07,45.33,50.09,36.8875
2425,5,1,2026-07-15,32.69,27625.88,Bera,131.16,Cleaned,33.74,35.58,14.63,36.165
2455,5,1,2026-07-22,42.5,27238.78,Bera,57.53,Cleaned,32.69,44.16,29.57,35.75
2485,5,1,2026-07-29,40.76,27200.54,Bera,137.71,Cleaned,42.5,34.07,45.33,37.4225
2515,5,1,2026-08-05,37.85,32345.84,Bera,125.9,Cleaned,40.76,33.74,35.58,38.45
2545,5,1,2026-08-12,38.79,29496.97,Bera,141.02,Cleaned,37.85,32.69,44.16,39.975
2575,5,1,2026-08-19,20.64,32202.07,Bera,94.59,Cleaned,38.79,42.5,34.07,34.51
2605,5,1,2026-08-26,30.94,28405.95,Bera,130.08,Cleaned,20.64,40.76,33.74,32.055
236,5,2,2025-02-19,52.84,29420.9,Rendeng,247.03,Cleaned,35.18,22.75,18.17,36.042500000000004
266,5,2,2025-02-26,11.85,27220.1,Rendeng,426.04,Cleaned,52.84,21.32,30.25,33.675000000000004
296,5,2,2025-03-05,40.54,29552.62,Gadu,26.97,Cleaned,11.85,34.83,47.25,35.1025
326,5,2,2025-03-12,47.57,32363.36,Gadu,47.28,Cleaned,40.54,35.18,22.75,38.2
356,5,2,2025-03-19,21.17,29713.31,Gadu,67.49,Cleaned,47.57,52.84,21.32,30.2825
386,5,2,2025-03-26,37.24,31008.51,Gadu,50.64,Cleaned,21.17,11.85,34.83,36.63
416,5,2,2025-04-02,20.01,29134.04,Gadu,33.93,Cleaned,37.24,40.54,35.18,31.497500000000002
446,5,2,2025-04-09,47.89,27392.14,Gadu,12.18,Cleaned,20.01,47.57,52.84,31.577500000000004
476,5,2,2025-04-16,41.19,30221.85,Gadu,11.71,Cleaned,47.89,21.17,11.85,36.5825
506,5,2,2025-04-23,30.45,32777.95,Gadu,70.35,Cleaned,41.19,37.24,40.54,34.885
536,5,2,2025-04-30,41.98,29889.13,Gadu,59.57,Cleaned,30.45,20.01,47.57,40.3775
566,5,2,2025-05-07,57.28,27489.78,Gadu,31.73,Cleaned,41.98,47.89,21.17,42.724999999999994
596,5,2,2025-05-14,39.57,27440.98,Gadu,79.74,Cleaned,57.28,41.19,37.24,42.32
626,5,2,2025-05-21,41.56,29363.19,Gadu,21.69,Cleaned,39.57,30.45,20.01,45.097500000000004
656,5,2,2025-05-28,18.31,28635.74,Gadu,61.69,Cleaned,41.56,41.98,47.89,39.18000000000001
686,5,2,2025-06-04,29.07,28644.96,Gadu,49.71,Cleaned,18.31,57.28,41.19,32.1275
716,5,2,2025-06-11,60.5,29981.78,Gadu,47.8,Cleaned,29.07,39.57,30.45,37.36
746,5,2,2025-06-18,22.45,31965.23,Gadu,15.66,Cleaned,60.5,41.56,41.98,32.5825
776,5,2,2025-06-25,40.19,27590.37,Gadu,19.6,Cleaned,22.45,18.31,57.28,38.0525
806,5,2,2025-07-02,19.12,31396.81,Bera,70.57,Cleaned,40.19,29.07,39.57,35.565
836,5,2,2025-07-09,34.58,29005.43,Bera,126.11,Cleaned,19.12,60.5,41.56,29.085
866,5,2,2025-07-16,25.03,29698.44,Bera,58.86,Cleaned,34.58,22.45,18.31,29.73
896,5,2,2025-07-23,51.49,32266.98,Bera,139.98,Cleaned,25.03,40.19,29.07,32.555
926,5,2,2025-07-30,38.26,29827.01,Bera,60.55,Cleaned,51.49,19.12,60.5,37.34
956,5,2,2025-08-06,30.09,32464.62,Bera,132.6,Cleaned,38.26,34.58,22.45,36.2175
986,5,2,2025-08-13,40.96,30804.62,Bera,137.28,Cleaned,30.09,25.03,40.19,40.2
1016,5,2,2025-08-20,34.81,32479.72,Bera,78.07,Cleaned,40.96,51.49,19.12,36.03
1046,5,2,2025-08-27,29.68,29305.24,Bera,79.5,Cleaned,34.81,38.26,34.58,33.885
1076,5,2,2025-09-03,34.31,32181.29,Bera,145.59,Cleaned,29.68,30.09,25.03,34.94
1106,5,2,2025-09-10,40.94,27461.17,Bera,107.73,Cleaned,34.31,40.96,51.49,34.935
1136,5,2,2025-09-17,36.63,32459.66,Bera,78.1,Cleaned,40.94,34.81,38.26,35.39
1166,5,2,2025-09-24,22.84,27746.21,Bera,50.44,Cleaned,36.63,29.68,30.09,33.68
1196,5,2,2025-10-01,21.56,28743.03,Bera,101.9,Cleaned,22.84,34.31,40.96,30.4925
1226,5,2,2025-10-08,23.36,31373.17,Bera,102.97,Cleaned,21.56,40.94,34.81,26.097499999999997
1256,5,2,2025-10-15,37.93,27225.43,Bera,141.95,Cleaned,23.36,36.63,29.68,26.4225
1286,5,2,2025-10-22,44.35,32682.54,Bera,80.42,Cleaned,37.93,22.84,34.31,31.799999999999997
1316,5,2,2025-10-29,49.66,29510.0,Bera,51.14,Cleaned,44.35,21.56,40.94,38.824999999999996
1346,5,2,2025-11-05,33.15,32487.29,Rendeng,244.84,Cleaned,49.66,23.36,36.63,41.2725
1376,5,2,2025-11-12,14.68,29946.57,Rendeng,260.51,Cleaned,33.15,37.93,22.84,35.46
1406,5,2,2025-11-19,28.46,28317.32,Rendeng,366.05,Cleaned,14.68,44.35,21.56,31.4875
1436,5,2,2025-11-26,36.81,31822.89,Rendeng,242.92,Cleaned,28.46,49.66,23.36,28.275
1466,5,2,2025-12-03,40.81,31154.15,Rendeng,380.68,Cleaned,36.81,33.15,37.93,30.19
1496,5,2,2025-12-10,50.85,29335.38,Rendeng,348.83,Cleaned,40.81,14.68,44.35,39.2325
1526,5,2,2025-12-17,36.82,28719.12,Rendeng,445.28,Cleaned,50.85,28.46,49.66,41.322500000000005
1556,5,2,2025-12-24,43.07,32173.22,Rendeng,404.24,Cleaned,36.82,36.81,33.15,42.8875
1586,5,2,2025-12-31,38.51,31501.59,Rendeng,385.41,Cleaned,43.07,40.81,14.68,42.3125
1616,5,2,2026-01-07,33.95,31007.21,Rendeng,251.89,Cleaned,38.51,50.85,28.46,38.087500000000006
1646,5,2,2026-01-14,52.4,29956.92,Rendeng,384.77,Cleaned,33.95,36.82,36.81,41.9825
1676,5,2,2026-01-21,29.81,29307.67,Rendeng,383.25,Cleaned,52.4,43.07,40.81,38.667500000000004
1706,5,2,2026-01-28,38.26,31388.98,Rendeng,318.9,Cleaned,29.81,38.51,50.85,38.605000000000004
1736,5,2,2026-02-04,34.23,29386.11,Rendeng,262.79,Cleaned,38.26,33.95,36.82,38.675
1766,5,2,2026-02-11,27.39,31027.62,Rendeng,212.64,Cleaned,34.23,52.4,43.07,32.4225
1796,5,2,2026-02-18,21.58,27302.5,Rendeng,272.36,Cleaned,27.39,29.81,38.51,30.365000000000002
1826,5,2,2026-02-25,45.15,29416.22,Rendeng,235.82,Cleaned,21.58,38.26,33.95,32.0875
1856,5,2,2026-03-04,31.08,32815.93,Gadu,59.04,Cleaned,45.15,34.23,52.4,31.3
1886,5,2,2026-03-11,26.17,29432.54,Gadu,34.83,Cleaned,31.08,27.39,29.81,30.995
1916,5,2,2026-03-18,22.45,27426.93,Gadu,78.78,Cleaned,26.17,21.58,38.26,31.212500000000002
1946,5,2,2026-03-25,37.55,32198.54,Gadu,76.22,Cleaned,22.45,45.15,34.23,29.3125
1976,5,2,2026-04-01,35.15,27135.39,Gadu,19.47,Cleaned,37.55,31.08,27.39,30.33
2006,5,2,2026-04-08,45.57,29361.33,Gadu,50.05,Cleaned,35.15,26.17,21.58,35.18
2036,5,2,2026-04-15,43.67,28513.89,Gadu,55.17,Cleaned,45.57,22.45,45.15,40.485
2066,5,2,2026-04-22,53.59,28539.88,Gadu,68.55,Cleaned,43.67,37.55,31.08,44.495000000000005
2096,5,2,2026-04-29,39.51,29261.2,Gadu,13.83,Cleaned,53.59,35.15,26.17,45.585
2126,5,2,2026-05-06,31.18,32505.88,Gadu,21.5,Cleaned,39.51,45.57,22.45,41.9875
2156,5,2,2026-05-13,32.58,32515.25,Gadu,20.4,Cleaned,31.18,43.67,37.55,39.215
2186,5,2,2026-05-20,28.91,29361.81,Gadu,63.35,Cleaned,32.58,53.59,35.15,33.045
2216,5,2,2026-05-27,34.91,27220.28,Gadu,40.12,Cleaned,28.91,39.51,45.57,31.895
2246,5,2,2026-06-03,21.84,30355.31,Gadu,78.07,Cleaned,34.91,31.18,43.67,29.56
2276,5,2,2026-06-10,28.49,27382.77,Gadu,75.28,Cleaned,21.84,32.58,53.59,28.537499999999998
2306,5,2,2026-06-17,37.93,30346.13,Gadu,66.13,Cleaned,28.49,28.91,39.51,30.792499999999997
2336,5,2,2026-06-24,4.97,28898.74,Gadu,64.6,Cleaned,37.93,34.91,31.18,23.3075
2366,5,2,2026-07-01,40.29,32748.83,Bera,131.07,Cleaned,4.97,21.84,32.58,27.919999999999998
2396,5,2,2026-07-08,45.06,28877.01,Bera,77.35,Cleaned,40.29,28.49,28.91,32.0625
2426,5,2,2026-07-15,39.17,27873.09,Bera,131.16,Cleaned,45.06,37.93,34.91,32.3725
2456,5,2,2026-07-22,25.85,30586.09,Bera,57.53,Cleaned,39.17,4.97,21.84,37.5925
2486,5,2,2026-07-29,33.77,30478.76,Bera,137.71,Cleaned,25.85,40.29,28.49,35.962500000000006
2516,5,2,2026-08-05,28.89,30416.98,Bera,125.9,Cleaned,33.77,45.06,37.93,31.92
2546,5,2,2026-08-12,35.7,27999.23,Bera,141.02,Cleaned,28.89,39.17,4.97,31.052500000000002
2576,5,2,2026-08-19,29.01,31015.61,Bera,94.59,Cleaned,35.7,25.85,40.29,31.842500000000005
2606,5,2,2026-08-26,17.95,27117.91,Bera,130.08,Cleaned,29.01,33.77,45.06,27.887500000000003
237,5,3,2025-02-19,27.54,31224.48,Rendeng,247.03,Cleaned,20.09,30.57,13.75,23.595
267,5,3,2025-02-26,28.97,32371.24,Rendeng,426.04,Cleaned,27.54,21.43,21.96,25.479999999999997
297,5,3,2025-03-05,11.81,27689.02,Gadu,26.97,Cleaned,28.97,25.32,24.64,22.1025
327,5,3,2025-03-12,19.7,28870.33,Gadu,47.28,Cleaned,11.81,20.09,30.57,22.005
357,5,3,2025-03-19,21.28,27845.14,Gadu,67.49,Cleaned,19.7,27.54,21.43,20.44
387,5,3,2025-03-26,18.53,32378.01,Gadu,50.64,Cleaned,21.28,28.97,25.32,17.830000000000002
417,5,3,2025-04-02,16.32,30398.43,Gadu,33.93,Cleaned,18.53,11.81,20.09,18.957500000000003
447,5,3,2025-04-09,25.93,31744.34,Gadu,12.18,Cleaned,16.32,19.7,27.54,20.515
477,5,3,2025-04-16,33.79,27548.92,Gadu,11.71,Cleaned,25.93,21.28,28.97,23.6425
507,5,3,2025-04-23,31.45,32592.17,Gadu,70.35,Cleaned,33.79,18.53,11.81,26.8725
537,5,3,2025-04-30,18.39,28203.15,Gadu,59.57,Cleaned,31.45,16.32,19.7,27.389999999999997
567,5,3,2025-05-07,15.94,31738.19,Gadu,31.73,Cleaned,18.39,25.93,21.28,24.8925
597,5,3,2025-05-14,23.61,29022.02,Gadu,79.74,Cleaned,15.94,33.79,18.53,22.347500000000004
627,5,3,2025-05-21,17.73,30947.07,Gadu,21.69,Cleaned,23.61,31.45,16.32,18.9175
657,5,3,2025-05-28,16.28,28086.9,Gadu,61.69,Cleaned,17.73,18.39,25.93,18.39
687,5,3,2025-06-04,15.46,29129.98,Gadu,49.71,Cleaned,16.28,15.94,33.79,18.27
717,5,3,2025-06-11,23.64,29283.74,Gadu,47.8,Cleaned,15.46,23.61,31.45,18.2775
747,5,3,2025-06-18,29.16,27066.19,Gadu,15.66,Cleaned,23.64,17.73,18.39,21.134999999999998
777,5,3,2025-06-25,31.29,28590.28,Gadu,19.6,Cleaned,29.16,16.28,15.94,24.8875
807,5,3,2025-07-02,39.0,30050.16,Bera,70.57,Cleaned,31.29,15.46,23.61,30.7725
837,5,3,2025-07-09,27.9,31731.69,Bera,126.11,Cleaned,39.0,23.64,17.73,31.8375
867,5,3,2025-07-16,19.43,27375.92,Bera,58.86,Cleaned,27.9,29.16,16.28,29.405
897,5,3,2025-07-23,21.06,32909.94,Bera,139.98,Cleaned,19.43,31.29,15.46,26.8475
927,5,3,2025-07-30,21.93,29146.79,Bera,60.55,Cleaned,21.06,39.0,23.64,22.58
957,5,3,2025-08-06,28.19,27108.04,Bera,132.6,Cleaned,21.93,27.9,29.16,22.6525
987,5,3,2025-08-13,22.35,29171.12,Bera,137.28,Cleaned,28.19,19.43,31.29,23.3825
1017,5,3,2025-08-20,29.68,31343.84,Bera,78.07,Cleaned,22.35,21.06,39.0,25.5375
1047,5,3,2025-08-27,15.47,27140.11,Bera,79.5,Cleaned,29.68,21.93,27.9,23.9225
1077,5,3,2025-09-03,10.8,28714.7,Bera,145.59,Cleaned,15.47,28.19,19.43,19.575
1107,5,3,2025-09-10,33.15,31242.52,Bera,107.73,Cleaned,10.8,22.35,21.06,22.275
1137,5,3,2025-09-17,25.78,27535.74,Bera,78.1,Cleaned,33.15,29.68,21.93,21.3
1167,5,3,2025-09-24,21.57,29425.74,Bera,50.44,Cleaned,25.78,15.47,28.19,22.825000000000003
1197,5,3,2025-10-01,29.91,31246.33,Bera,101.9,Cleaned,21.57,10.8,22.35,27.602500000000003
1227,5,3,2025-10-08,22.01,27175.02,Bera,102.97,Cleaned,29.91,33.15,29.68,24.817500000000003
1257,5,3,2025-10-15,25.48,27000.07,Bera,141.95,Cleaned,22.01,25.78,15.47,24.7425
1287,5,3,2025-10-22,6.52,27978.21,Bera,80.42,Cleaned,25.48,21.57,10.8,20.980000000000004
1317,5,3,2025-10-29,20.21,28667.12,Bera,51.14,Cleaned,6.52,29.91,33.15,18.555
1347,5,3,2025-11-05,11.96,29606.42,Rendeng,244.84,Cleaned,20.21,22.01,25.78,16.0425
1377,5,3,2025-11-12,19.66,30931.04,Rendeng,260.51,Cleaned,11.96,25.48,21.57,14.587499999999999
1407,5,3,2025-11-19,23.86,30341.27,Rendeng,366.05,Cleaned,19.66,6.52,29.91,18.9225
1437,5,3,2025-11-26,10.09,28320.67,Rendeng,242.92,Cleaned,23.86,20.21,22.01,16.3925
1467,5,3,2025-12-03,23.76,30818.25,Rendeng,380.68,Cleaned,10.09,11.96,25.48,19.3425
1497,5,3,2025-12-10,26.54,32569.09,Rendeng,348.83,Cleaned,23.76,19.66,6.52,21.0625
1527,5,3,2025-12-17,25.08,29790.06,Rendeng,445.28,Cleaned,26.54,23.86,20.21,21.3675
1557,5,3,2025-12-24,25.8,32040.65,Rendeng,404.24,Cleaned,25.08,10.09,11.96,25.295
1587,5,3,2025-12-31,22.1,29107.32,Rendeng,385.41,Cleaned,25.8,23.76,19.66,24.88
1617,5,3,2026-01-07,22.27,30668.78,Rendeng,251.89,Cleaned,22.1,26.54,23.86,23.8125
1647,5,3,2026-01-14,28.48,29603.06,Rendeng,384.77,Cleaned,22.27,25.08,10.09,24.6625
1677,5,3,2026-01-21,10.13,32595.33,Rendeng,383.25,Cleaned,28.48,25.8,23.76,20.744999999999997
1707,5,3,2026-01-28,21.01,31997.58,Rendeng,318.9,Cleaned,10.13,22.1,26.54,20.4725
1737,5,3,2026-02-04,23.36,28651.44,Rendeng,262.79,Cleaned,21.01,22.27,25.08,20.745
1767,5,3,2026-02-11,20.47,32955.49,Rendeng,212.64,Cleaned,23.36,28.48,25.8,18.7425
1797,5,3,2026-02-18,24.36,30383.52,Rendeng,272.36,Cleaned,20.47,10.13,22.1,22.3
1827,5,3,2026-02-25,31.43,28891.44,Rendeng,235.82,Cleaned,24.36,21.01,22.27,24.905
1857,5,3,2026-03-04,18.97,29035.83,Gadu,59.04,Cleaned,31.43,23.36,28.48,23.807499999999997
1887,5,3,2026-03-11,41.31,32615.62,Gadu,34.83,Cleaned,18.97,20.47,10.13,29.0175
1917,5,3,2026-03-18,34.82,32268.2,Gadu,78.78,Cleaned,41.31,24.36,21.01,31.6325
1947,5,3,2026-03-25,24.18,27839.92,Gadu,76.22,Cleaned,34.82,31.43,23.36,29.82
1977,5,3,2026-04-01,24.66,32343.95,Gadu,19.47,Cleaned,24.18,18.97,20.47,31.2425
2007,5,3,2026-04-08,25.72,31375.86,Gadu,50.05,Cleaned,24.66,41.31,24.36,27.345
2037,5,3,2026-04-15,22.63,27321.81,Gadu,55.17,Cleaned,25.72,34.82,31.43,24.2975
2067,5,3,2026-04-22,23.66,28925.13,Gadu,68.55,Cleaned,22.63,24.18,18.97,24.167499999999997
2097,5,3,2026-04-29,8.71,27640.8,Gadu,13.83,Cleaned,23.66,24.66,41.31,20.18
2127,5,3,2026-05-06,25.01,31849.61,Gadu,21.5,Cleaned,8.71,25.72,34.82,20.002499999999998
2157,5,3,2026-05-13,10.31,32769.3,Gadu,20.4,Cleaned,25.01,22.63,24.18,16.9225
2187,5,3,2026-05-20,31.14,29040.03,Gadu,63.35,Cleaned,10.31,23.66,24.66,18.792500000000004
2217,5,3,2026-05-27,8.69,32523.22,Gadu,40.12,Cleaned,31.14,8.71,25.72,18.7875
2247,5,3,2026-06-03,16.57,27096.17,Gadu,78.07,Cleaned,8.69,25.01,22.63,16.677500000000002
2277,5,3,2026-06-10,12.69,28826.94,Gadu,75.28,Cleaned,16.57,10.31,23.66,17.2725
2307,5,3,2026-06-17,10.19,29816.44,Gadu,66.13,Cleaned,12.69,31.14,8.71,12.035
2337,5,3,2026-06-24,21.3,32799.35,Gadu,64.6,Cleaned,10.19,8.69,25.01,15.1875
2367,5,3,2026-07-01,17.88,32373.33,Bera,131.07,Cleaned,21.3,16.57,10.31,15.515
2397,5,3,2026-07-08,24.15,27058.97,Bera,77.35,Cleaned,17.88,12.69,31.14,18.38
2427,5,3,2026-07-15,23.62,29803.57,Bera,131.16,Cleaned,24.15,10.19,8.69,21.7375
2457,5,3,2026-07-22,10.75,27461.82,Bera,57.53,Cleaned,23.62,21.3,16.57,19.1
2487,5,3,2026-07-29,26.68,28055.34,Bera,137.71,Cleaned,10.75,17.88,12.69,21.299999999999997
2517,5,3,2026-08-05,26.54,31045.76,Bera,125.9,Cleaned,26.68,24.15,10.19,21.8975
2547,5,3,2026-08-12,20.73,27339.75,Bera,141.02,Cleaned,26.54,23.62,21.3,21.175
2577,5,3,2026-08-19,18.37,28225.54,Bera,94.59,Cleaned,20.73,10.75,17.88,23.08
2607,5,3,2026-08-26,14.27,27042.55,Bera,130.08,Cleaned,18.37,26.68,24.15,19.9775
238,5,4,2025-02-19,29.84,32990.75,Rendeng,247.03,Cleaned,32.96,27.84,15.57,29.04
268,5,4,2025-02-26,14.88,35081.74,Rendeng,426.04,Cleaned,29.84,33.03,23.72,24.5025
298,5,4,2025-03-05,21.46,35774.34,Gadu,26.97,Cleaned,14.88,20.33,26.53,24.785
328,5,4,2025-03-12,23.72,33239.42,Gadu,47.28,Cleaned,21.46,32.96,27.84,22.475
358,5,4,2025-03-19,11.61,32734.71,Gadu,67.49,Cleaned,23.72,29.84,33.03,17.9175
388,5,4,2025-03-26,15.21,31591.01,Gadu,50.64,Cleaned,11.61,14.88,20.33,18.0
418,5,4,2025-04-02,27.84,34832.35,Gadu,33.93,Cleaned,15.21,21.46,32.96,19.595
448,5,4,2025-04-09,8.91,33731.27,Gadu,12.18,Cleaned,27.84,23.72,29.84,15.8925
478,5,4,2025-04-16,32.55,37642.23,Gadu,11.71,Cleaned,8.91,11.61,14.88,21.127499999999998
508,5,4,2025-04-23,12.01,32217.57,Gadu,70.35,Cleaned,32.55,15.21,21.46,20.327499999999997
538,5,4,2025-04-30,32.58,34941.16,Gadu,59.57,Cleaned,12.01,27.84,23.72,21.5125
568,5,4,2025-05-07,17.79,36110.95,Gadu,31.73,Cleaned,32.58,8.91,11.61,23.732499999999995
598,5,4,2025-05-14,13.01,37302.18,Gadu,79.74,Cleaned,17.79,32.55,15.21,18.8475
628,5,4,2025-05-21,23.04,38495.9,Gadu,21.69,Cleaned,13.01,12.01,27.84,21.604999999999997
658,5,4,2025-05-28,19.73,36267.82,Gadu,61.69,Cleaned,23.04,32.58,8.91,18.3925
688,5,4,2025-06-04,16.64,31985.97,Gadu,49.71,Cleaned,19.73,17.79,32.55,18.105
718,5,4,2025-06-11,20.53,37645.82,Gadu,47.8,Cleaned,16.64,13.01,12.01,19.985
748,5,4,2025-06-18,25.99,34413.08,Gadu,15.66,Cleaned,20.53,23.04,32.58,20.7225
778,5,4,2025-06-25,25.72,31646.61,Gadu,19.6,Cleaned,25.99,19.73,17.79,22.22
808,5,4,2025-07-02,27.98,33582.84,Bera,70.57,Cleaned,25.72,16.64,13.01,25.055
838,5,4,2025-07-09,27.22,35120.88,Bera,126.11,Cleaned,27.98,20.53,23.04,26.7275
868,5,4,2025-07-16,21.06,37845.06,Bera,58.86,Cleaned,27.22,25.99,19.73,25.494999999999997
898,5,4,2025-07-23,11.23,36904.09,Bera,139.98,Cleaned,21.06,25.72,16.64,21.8725
928,5,4,2025-07-30,29.44,34959.49,Bera,60.55,Cleaned,11.23,27.98,20.53,22.237499999999997
958,5,4,2025-08-06,25.06,38239.67,Bera,132.6,Cleaned,29.44,27.22,25.99,21.697499999999998
988,5,4,2025-08-13,19.98,34807.45,Bera,137.28,Cleaned,25.06,21.06,25.72,21.4275
1018,5,4,2025-08-20,22.98,32343.91,Bera,78.07,Cleaned,19.98,11.23,27.98,24.365000000000002
1048,5,4,2025-08-27,18.86,36793.5,Bera,79.5,Cleaned,22.98,29.44,27.22,21.720000000000002
1078,5,4,2025-09-03,29.16,32922.56,Bera,145.59,Cleaned,18.86,25.06,21.06,22.745
1108,5,4,2025-09-10,21.17,31851.58,Bera,107.73,Cleaned,29.16,19.98,11.23,23.0425
1138,5,4,2025-09-17,20.5,36309.13,Bera,78.1,Cleaned,21.17,22.98,29.44,22.4225
1168,5,4,2025-09-24,4.41,35216.56,Bera,50.44,Cleaned,20.5,18.86,25.06,18.81
1198,5,4,2025-10-01,20.67,31935.42,Bera,101.9,Cleaned,4.41,29.16,19.98,16.6875
1228,5,4,2025-10-08,15.61,34866.23,Bera,102.97,Cleaned,20.67,21.17,22.98,15.2975
1258,5,4,2025-10-15,18.06,34415.96,Bera,141.95,Cleaned,15.61,20.5,18.86,14.6875
1288,5,4,2025-10-22,20.68,37003.44,Bera,80.42,Cleaned,18.06,4.41,29.16,18.755000000000003
1318,5,4,2025-10-29,22.81,33434.23,Bera,51.14,Cleaned,20.68,20.67,21.17,19.29
1348,5,4,2025-11-05,18.37,36564.13,Rendeng,244.84,Cleaned,22.81,15.61,20.5,19.98
1378,5,4,2025-11-12,30.32,33321.66,Rendeng,260.51,Cleaned,18.37,18.06,4.41,23.045
1408,5,4,2025-11-19,23.98,34410.43,Rendeng,366.05,Cleaned,30.32,20.68,20.67,23.869999999999997
1438,5,4,2025-11-26,25.09,33953.64,Rendeng,242.92,Cleaned,23.98,22.81,15.61,24.44
1468,5,4,2025-12-03,20.82,33771.58,Rendeng,380.68,Cleaned,25.09,18.37,18.06,25.052500000000002
1498,5,4,2025-12-10,12.27,38003.98,Rendeng,348.83,Cleaned,20.82,30.32,20.68,20.540000000000003
1528,5,4,2025-12-17,21.63,37431.72,Rendeng,445.28,Cleaned,12.27,23.98,22.81,19.9525
1558,5,4,2025-12-24,8.92,38426.16,Rendeng,404.24,Cleaned,21.63,25.09,18.37,15.91
1588,5,4,2025-12-31,13.64,32156.44,Rendeng,385.41,Cleaned,8.92,20.82,30.32,14.115
1618,5,4,2026-01-07,22.52,36249.5,Rendeng,251.89,Cleaned,13.64,12.27,23.98,16.6775
1648,5,4,2026-01-14,10.84,32650.84,Rendeng,384.77,Cleaned,22.52,21.63,25.09,13.98
1678,5,4,2026-01-21,18.69,32330.51,Rendeng,383.25,Cleaned,10.84,8.92,20.82,16.4225
1708,5,4,2026-01-28,22.89,35282.08,Rendeng,318.9,Cleaned,18.69,13.64,12.27,18.735
1738,5,4,2026-02-04,23.97,36466.07,Rendeng,262.79,Cleaned,22.89,22.52,21.63,19.0975
1768,5,4,2026-02-11,19.84,32593.41,Rendeng,212.64,Cleaned,23.97,10.84,8.92,21.3475
1798,5,4,2026-02-18,27.11,35001.95,Rendeng,272.36,Cleaned,19.84,18.69,13.64,23.4525
1828,5,4,2026-02-25,28.4,32432.47,Rendeng,235.82,Cleaned,27.11,22.89,22.52,24.83
1858,5,4,2026-03-04,20.1,35041.52,Gadu,59.04,Cleaned,28.4,23.97,10.84,23.8625
1888,5,4,2026-03-11,24.53,36205.75,Gadu,34.83,Cleaned,20.1,19.84,18.69,25.035
1918,5,4,2026-03-18,33.19,35405.12,Gadu,78.78,Cleaned,24.53,27.11,22.89,26.555
1948,5,4,2026-03-25,18.83,34410.73,Gadu,76.22,Cleaned,33.19,28.4,23.97,24.1625
1978,5,4,2026-04-01,27.97,35678.62,Gadu,19.47,Cleaned,18.83,20.1,19.84,26.13
2008,5,4,2026-04-08,15.94,35525.42,Gadu,50.05,Cleaned,27.97,24.53,27.11,23.982499999999998
2038,5,4,2026-04-15,21.62,36522.25,Gadu,55.17,Cleaned,15.94,33.19,28.4,21.09
2068,5,4,2026-04-22,31.63,35672.35,Gadu,68.55,Cleaned,21.62,18.83,20.1,24.29
2098,5,4,2026-04-29,20.61,38173.82,Gadu,13.83,Cleaned,31.63,27.97,24.53,22.45
2128,5,4,2026-05-06,26.62,31983.26,Gadu,21.5,Cleaned,20.61,15.94,33.19,25.12
2158,5,4,2026-05-13,15.5,34613.97,Gadu,20.4,Cleaned,26.62,21.62,18.83,23.59
2188,5,4,2026-05-20,20.6,37587.55,Gadu,63.35,Cleaned,15.5,31.63,27.97,20.832500000000003
2218,5,4,2026-05-27,19.12,31584.02,Gadu,40.12,Cleaned,20.6,20.61,15.94,20.46
2248,5,4,2026-06-03,21.37,38245.8,Gadu,78.07,Cleaned,19.12,26.62,21.62,19.1475
2278,5,4,2026-06-10,16.21,38380.63,Gadu,75.28,Cleaned,21.37,15.5,31.63,19.325000000000003
2308,5,4,2026-06-17,21.87,37505.0,Gadu,66.13,Cleaned,16.21,20.6,20.61,19.642500000000002
2338,5,4,2026-06-24,17.74,38112.95,Gadu,64.6,Cleaned,21.87,19.12,26.62,19.2975
2368,5,4,2026-07-01,13.24,38266.36,Bera,131.07,Cleaned,17.74,21.37,15.5,17.265
2398,5,4,2026-07-08,19.02,34364.28,Bera,77.35,Cleaned,13.24,16.21,20.6,17.9675
2428,5,4,2026-07-15,27.84,32246.98,Bera,131.16,Cleaned,19.02,21.87,19.12,19.459999999999997
2458,5,4,2026-07-22,7.0,36195.36,Bera,57.53,Cleaned,27.84,17.74,21.37,16.775
2488,5,4,2026-07-29,15.96,33147.68,Bera,137.71,Cleaned,7.0,13.24,16.21,17.455
2518,5,4,2026-08-05,15.58,38359.69,Bera,125.9,Cleaned,15.96,19.02,21.87,16.595
2548,5,4,2026-08-12,20.06,32342.65,Bera,141.02,Cleaned,15.58,27.84,17.74,14.649999999999999
2578,5,4,2026-08-19,2.66,35887.62,Bera,94.59,Cleaned,20.06,7.0,13.24,13.564999999999998
2608,5,4,2026-08-26,13.24,36261.75,Bera,130.08,Cleaned,2.66,15.96,19.02,12.885
239,5,5,2025-02-19,15.2,24461.22,Rendeng,247.03,Cleaned,11.15,13.32,13.55,10.53
269,5,5,2025-02-26,8.17,24737.06,Rendeng,426.04,Cleaned,15.2,7.06,12.43,10.8075
299,5,5,2025-03-05,13.75,23271.81,Gadu,26.97,Cleaned,8.17,8.71,12.14,12.067499999999999
329,5,5,2025-03-12,16.76,26883.83,Gadu,47.28,Cleaned,13.75,11.15,13.32,13.469999999999999
359,5,5,2025-03-19,2.2,27074.23,Gadu,67.49,Cleaned,16.76,15.2,7.06,10.22
389,5,5,2025-03-26,5.76,26963.36,Gadu,50.64,Cleaned,2.2,8.17,8.71,9.6175
419,5,5,2025-04-02,13.25,26162.86,Gadu,33.93,Cleaned,5.76,13.75,11.15,9.4925
449,5,5,2025-04-09,14.54,25579.32,Gadu,12.18,Cleaned,13.25,16.76,15.2,8.9375
479,5,5,2025-04-16,9.42,26943.74,Gadu,11.71,Cleaned,14.54,2.2,8.17,10.7425
509,5,5,2025-04-23,12.15,22839.19,Gadu,70.35,Cleaned,9.42,5.76,13.75,12.34
539,5,5,2025-04-30,11.98,23844.97,Gadu,59.57,Cleaned,12.15,13.25,16.76,12.0225
569,5,5,2025-05-07,21.8,26096.01,Gadu,31.73,Cleaned,11.98,14.54,2.2,13.8375
599,5,5,2025-05-14,6.15,25585.72,Gadu,79.74,Cleaned,21.8,9.42,5.76,13.02
629,5,5,2025-05-21,15.02,26411.93,Gadu,21.69,Cleaned,6.15,12.15,13.25,13.7375
659,5,5,2025-05-28,11.9,26045.23,Gadu,61.69,Cleaned,15.02,11.98,14.54,13.7175
689,5,5,2025-06-04,8.91,26501.78,Gadu,49.71,Cleaned,11.9,21.8,9.42,10.495000000000001
719,5,5,2025-06-11,12.46,26450.15,Gadu,47.8,Cleaned,8.91,6.15,12.15,12.072500000000002
749,5,5,2025-06-18,10.18,23799.07,Gadu,15.66,Cleaned,12.46,15.02,11.98,10.8625
779,5,5,2025-06-25,14.99,25623.32,Gadu,19.6,Cleaned,10.18,11.9,21.8,11.635
809,5,5,2025-07-02,17.81,26866.61,Bera,70.57,Cleaned,14.99,8.91,6.15,13.86
839,5,5,2025-07-09,7.59,24140.96,Bera,126.11,Cleaned,17.81,12.46,15.02,12.642500000000002
869,5,5,2025-07-16,11.89,24555.48,Bera,58.86,Cleaned,7.59,10.18,11.9,13.07
899,5,5,2025-07-23,14.6,25193.51,Bera,139.98,Cleaned,11.89,14.99,8.91,12.9725
929,5,5,2025-07-30,9.81,23368.81,Bera,60.55,Cleaned,14.6,17.81,12.46,10.9725
959,5,5,2025-08-06,8.3,26646.97,Bera,132.6,Cleaned,9.81,7.59,10.18,11.149999999999999
989,5,5,2025-08-13,10.78,23480.49,Bera,137.28,Cleaned,8.3,11.89,14.99,10.872499999999999
1019,5,5,2025-08-20,7.58,22558.53,Bera,78.07,Cleaned,10.78,14.6,17.81,9.1175
1049,5,5,2025-08-27,5.29,27000.42,Bera,79.5,Cleaned,7.58,9.81,7.59,7.9875
1079,5,5,2025-09-03,9.48,25056.38,Bera,145.59,Cleaned,5.29,8.3,11.89,8.282499999999999
1109,5,5,2025-09-10,10.98,23976.45,Bera,107.73,Cleaned,9.48,10.78,14.6,8.3325
1139,5,5,2025-09-17,3.1,25663.56,Bera,78.1,Cleaned,10.98,7.58,9.81,7.2125
1169,5,5,2025-09-24,11.27,24820.48,Bera,50.44,Cleaned,3.1,5.29,8.3,8.7075
1199,5,5,2025-10-01,8.65,23171.37,Bera,101.9,Cleaned,11.27,9.48,10.78,8.5
1229,5,5,2025-10-08,8.78,23944.42,Bera,102.97,Cleaned,8.65,10.98,7.58,7.949999999999999
1259,5,5,2025-10-15,9.2,27365.39,Bera,141.95,Cleaned,8.78,3.1,5.29,9.475
1289,5,5,2025-10-22,9.07,22625.97,Bera,80.42,Cleaned,9.2,11.27,9.48,8.925
1319,5,5,2025-10-29,12.73,22837.51,Bera,51.14,Cleaned,9.07,8.65,10.98,9.945
1349,5,5,2025-11-05,11.59,25566.46,Rendeng,244.84,Cleaned,12.73,8.78,3.1,10.647499999999999
1379,5,5,2025-11-12,10.57,22852.46,Rendeng,260.51,Cleaned,11.59,9.2,11.27,10.99
1409,5,5,2025-11-19,16.18,25982.15,Rendeng,366.05,Cleaned,10.57,9.07,8.65,12.7675
1439,5,5,2025-11-26,9.38,24347.87,Rendeng,242.92,Cleaned,16.18,12.73,8.78,11.93
1469,5,5,2025-12-03,8.71,25973.2,Rendeng,380.68,Cleaned,9.38,11.59,9.2,11.21
1499,5,5,2025-12-10,12.81,23558.18,Rendeng,348.83,Cleaned,8.71,10.57,9.07,11.77
1529,5,5,2025-12-17,10.91,22835.08,Rendeng,445.28,Cleaned,12.81,16.18,12.73,10.4525
1559,5,5,2025-12-24,10.57,23475.83,Rendeng,404.24,Cleaned,10.91,9.38,11.59,10.75
1589,5,5,2025-12-31,14.41,22700.3,Rendeng,385.41,Cleaned,10.57,8.71,10.57,12.175
1619,5,5,2026-01-07,14.55,27235.81,Rendeng,251.89,Cleaned,14.41,12.81,16.18,12.61
1649,5,5,2026-01-14,11.96,27012.07,Rendeng,384.77,Cleaned,14.55,10.91,9.38,12.8725
1679,5,5,2026-01-21,12.2,25157.86,Rendeng,383.25,Cleaned,11.96,10.57,8.71,13.280000000000001
1709,5,5,2026-01-28,10.73,24395.2,Rendeng,318.9,Cleaned,12.2,14.41,12.81,12.360000000000001
1739,5,5,2026-02-04,13.18,24373.61,Rendeng,262.79,Cleaned,10.73,14.55,10.91,12.0175
1769,5,5,2026-02-11,13.63,25389.04,Rendeng,212.64,Cleaned,13.18,11.96,10.57,12.435
1799,5,5,2026-02-18,5.76,27086.34,Rendeng,272.36,Cleaned,13.63,12.2,14.41,10.825000000000001
1829,5,5,2026-02-25,8.36,25392.46,Rendeng,235.82,Cleaned,5.76,10.73,14.55,10.2325
1859,5,5,2026-03-04,13.12,27488.75,Gadu,59.04,Cleaned,8.36,13.18,11.96,10.2175
1889,5,5,2026-03-11,16.31,27252.66,Gadu,34.83,Cleaned,13.12,13.63,12.2,10.8875
1919,5,5,2026-03-18,12.15,25727.86,Gadu,78.78,Cleaned,16.31,5.76,10.73,12.485
1949,5,5,2026-03-25,3.89,25098.06,Gadu,76.22,Cleaned,12.15,8.36,13.18,11.3675
1979,5,5,2026-04-01,10.51,26249.3,Gadu,19.47,Cleaned,3.89,13.12,13.63,10.715
2009,5,5,2026-04-08,11.62,24060.95,Gadu,50.05,Cleaned,10.51,16.31,5.76,9.5425
2039,5,5,2026-04-15,15.66,24416.99,Gadu,55.17,Cleaned,11.62,12.15,8.36,10.42
2069,5,5,2026-04-22,11.53,27103.46,Gadu,68.55,Cleaned,15.66,3.89,13.12,12.33
2099,5,5,2026-04-29,11.02,23990.33,Gadu,13.83,Cleaned,11.53,10.51,16.31,12.4575
2129,5,5,2026-05-06,7.21,25678.23,Gadu,21.5,Cleaned,11.02,11.62,12.15,11.354999999999999
2159,5,5,2026-05-13,3.94,27047.74,Gadu,20.4,Cleaned,7.21,15.66,3.89,8.425
2189,5,5,2026-05-20,11.87,26737.74,Gadu,63.35,Cleaned,3.94,11.53,10.51,8.51
2219,5,5,2026-05-27,17.23,24925.09,Gadu,40.12,Cleaned,11.87,11.02,11.62,10.0625
2249,5,5,2026-06-03,16.28,22898.58,Gadu,78.07,Cleaned,17.23,7.21,15.66,12.33
2279,5,5,2026-06-10,16.22,27383.09,Gadu,75.28,Cleaned,16.28,3.94,11.53,15.4
2309,5,5,2026-06-17,8.25,23145.36,Gadu,66.13,Cleaned,16.22,11.87,11.02,14.495000000000001
2339,5,5,2026-06-24,14.3,27047.98,Gadu,64.6,Cleaned,8.25,17.23,7.21,13.7625
2369,5,5,2026-07-01,5.0,25130.47,Bera,131.07,Cleaned,14.3,16.28,3.94,10.942499999999999
2399,5,5,2026-07-08,15.76,26331.23,Bera,77.35,Cleaned,5.0,16.22,11.87,10.8275
2429,5,5,2026-07-15,14.61,26640.93,Bera,131.16,Cleaned,15.76,8.25,17.23,12.4175
2459,5,5,2026-07-22,9.62,24606.5,Bera,57.53,Cleaned,14.61,14.3,16.28,11.2475
2489,5,5,2026-07-29,14.53,23558.57,Bera,137.71,Cleaned,9.62,5.0,16.22,13.629999999999999
2519,5,5,2026-08-05,14.11,23035.15,Bera,125.9,Cleaned,14.53,15.76,8.25,13.2175
2549,5,5,2026-08-12,14.05,24983.72,Bera,141.02,Cleaned,14.11,14.61,14.3,13.077499999999999
2579,5,5,2026-08-19,4.56,25329.26,Bera,94.59,Cleaned,14.05,9.62,5.0,11.8125
2609,5,5,2026-08-26,10.52,23298.33,Bera,130.08,Cleaned,4.56,14.53,15.76,10.809999999999999
240,5,6,2025-02-19,2.73,27156.11,Rendeng,247.03,Cleaned,7.46,6.66,7.31,6.2925
270,5,6,2025-02-26,5.91,27679.39,Rendeng,426.04,Cleaned,2.73,5.59,5.64,6.3725000000000005
300,5,6,2025-03-05,2.89,27396.27,Gadu,26.97,Cleaned,5.91,9.39,3.66,4.7475
330,5,6,2025-03-12,6.47,26631.45,Gadu,47.28,Cleaned,2.89,7.46,6.66,4.5
360,5,6,2025-03-19,5.68,26743.17,Gadu,67.49,Cleaned,6.47,2.73,5.59,5.2375
390,5,6,2025-03-26,8.82,29245.94,Gadu,50.64,Cleaned,5.68,5.91,9.39,5.965
420,5,6,2025-04-02,6.09,25932.17,Gadu,33.93,Cleaned,8.82,2.89,7.46,6.765
450,5,6,2025-04-09,6.26,26031.28,Gadu,12.18,Cleaned,6.09,6.47,2.73,6.7125
480,5,6,2025-04-16,5.1,30006.08,Gadu,11.71,Cleaned,6.26,5.68,5.91,6.5675
510,5,6,2025-04-23,6.48,26405.3,Gadu,70.35,Cleaned,5.1,8.82,2.89,5.9825
540,5,6,2025-04-30,4.59,29136.58,Gadu,59.57,Cleaned,6.48,6.09,6.47,5.6075
570,5,6,2025-05-07,5.6,26006.5,Gadu,31.73,Cleaned,4.59,6.26,5.68,5.442500000000001
600,5,6,2025-05-14,5.03,28637.27,Gadu,79.74,Cleaned,5.6,5.1,8.82,5.425
630,5,6,2025-05-21,5.33,27868.59,Gadu,21.69,Cleaned,5.03,6.48,6.09,5.1375
660,5,6,2025-05-28,3.46,25337.82,Gadu,61.69,Cleaned,5.33,4.59,6.26,4.855
690,5,6,2025-06-04,5.83,26035.42,Gadu,49.71,Cleaned,3.46,5.6,5.1,4.9125
720,5,6,2025-06-11,6.33,26425.74,Gadu,47.8,Cleaned,5.83,5.03,6.48,5.2375
750,5,6,2025-06-18,5.74,28931.59,Gadu,15.66,Cleaned,6.33,5.33,4.59,5.34
780,5,6,2025-06-25,4.46,26850.67,Gadu,19.6,Cleaned,5.74,3.46,5.6,5.59
810,5,6,2025-07-02,6.85,28249.6,Bera,70.57,Cleaned,4.46,5.83,5.03,5.845000000000001
840,5,6,2025-07-09,5.43,27137.11,Bera,126.11,Cleaned,6.85,6.33,5.33,5.62
870,5,6,2025-07-16,3.81,26660.39,Bera,58.86,Cleaned,5.43,5.74,3.46,5.1375
900,5,6,2025-07-23,5.63,27487.97,Bera,139.98,Cleaned,3.81,4.46,5.83,5.43
930,5,6,2025-07-30,7.49,28666.08,Bera,60.55,Cleaned,5.63,6.85,6.33,5.59
960,5,6,2025-08-06,7.65,26298.37,Bera,132.6,Cleaned,7.49,5.43,5.74,6.145
990,5,6,2025-08-13,2.19,28109.29,Bera,137.28,Cleaned,7.65,3.81,4.46,5.74
1020,5,6,2025-08-20,5.96,27071.19,Bera,78.07,Cleaned,2.19,5.63,6.85,5.8225
1050,5,6,2025-08-27,5.15,25388.76,Bera,79.5,Cleaned,5.96,7.49,5.43,5.237500000000001
1080,5,6,2025-09-03,8.15,27457.79,Bera,145.59,Cleaned,5.15,7.65,3.81,5.362500000000001
1110,5,6,2025-09-10,4.54,26028.11,Bera,107.73,Cleaned,8.15,2.19,5.63,5.95
1140,5,6,2025-09-17,5.54,28621.21,Bera,78.1,Cleaned,4.54,5.96,7.49,5.845000000000001
1170,5,6,2025-09-24,5.8,30049.25,Bera,50.44,Cleaned,5.54,5.15,7.65,6.0075
1200,5,6,2025-10-01,9.39,30018.64,Bera,101.9,Cleaned,5.8,8.15,2.19,6.317500000000001
1230,5,6,2025-10-08,6.36,26938.1,Bera,102.97,Cleaned,9.39,4.54,5.96,6.772500000000001
1260,5,6,2025-10-15,5.83,25993.69,Bera,141.95,Cleaned,6.36,5.54,5.15,6.845000000000001
1290,5,6,2025-10-22,8.27,29364.49,Bera,80.42,Cleaned,5.83,5.8,8.15,7.4625
1320,5,6,2025-10-29,5.69,27602.86,Bera,51.14,Cleaned,8.27,9.39,4.54,6.5375000000000005
1350,5,6,2025-11-05,5.62,28257.29,Rendeng,244.84,Cleaned,5.69,6.36,5.54,6.352500000000001
1380,5,6,2025-11-12,5.29,25771.06,Rendeng,260.51,Cleaned,5.62,5.83,5.8,6.2175
1410,5,6,2025-11-19,1.74,28611.8,Rendeng,366.05,Cleaned,5.29,8.27,9.39,4.585
1440,5,6,2025-11-26,5.45,27303.31,Rendeng,242.92,Cleaned,1.74,5.69,6.36,4.525
1470,5,6,2025-12-03,4.71,25952.94,Rendeng,380.68,Cleaned,5.45,5.62,5.83,4.2975
1500,5,6,2025-12-10,2.13,30225.97,Rendeng,348.83,Cleaned,4.71,5.29,8.27,3.5075000000000003
1530,5,6,2025-12-17,4.93,30114.39,Rendeng,445.28,Cleaned,2.13,1.74,5.69,4.305
1560,5,6,2025-12-24,7.23,27441.66,Rendeng,404.24,Cleaned,4.93,5.45,5.62,4.75
1590,5,6,2025-12-31,5.72,26353.04,Rendeng,385.41,Cleaned,7.23,4.71,5.29,5.0024999999999995
1620,5,6,2026-01-07,4.98,29616.7,Rendeng,251.89,Cleaned,5.72,2.13,1.74,5.715
1650,5,6,2026-01-14,4.02,26641.77,Rendeng,384.77,Cleaned,4.98,4.93,5.45,5.4875
1680,5,6,2026-01-21,6.55,24929.62,Rendeng,383.25,Cleaned,4.02,7.23,4.71,5.3175
1710,5,6,2026-01-28,7.78,29782.83,Rendeng,318.9,Cleaned,6.55,5.72,2.13,5.8325000000000005
1740,5,6,2026-02-04,5.31,27774.28,Rendeng,262.79,Cleaned,7.78,4.98,4.93,5.915
1770,5,6,2026-02-11,7.7,29513.56,Rendeng,212.64,Cleaned,5.31,4.02,7.23,6.835
1800,5,6,2026-02-18,7.6,26986.25,Rendeng,272.36,Cleaned,7.7,6.55,5.72,7.0975
1830,5,6,2026-02-25,6.33,28563.82,Rendeng,235.82,Cleaned,7.6,7.78,4.98,6.734999999999999
1860,5,6,2026-03-04,4.07,27234.57,Gadu,59.04,Cleaned,6.33,5.31,4.02,6.425
1890,5,6,2026-03-11,5.62,24871.36,Gadu,34.83,Cleaned,4.07,7.7,6.55,5.905
1920,5,6,2026-03-18,3.46,25000.72,Gadu,78.78,Cleaned,5.62,7.6,7.78,4.87
1950,5,6,2026-03-25,7.68,30230.89,Gadu,76.22,Cleaned,3.46,6.33,5.31,5.2075000000000005
1980,5,6,2026-04-01,8.04,29771.73,Gadu,19.47,Cleaned,7.68,4.07,7.7,6.2
2010,5,6,2026-04-08,3.24,27101.07,Gadu,50.05,Cleaned,8.04,5.62,7.6,5.605
2040,5,6,2026-04-15,5.62,25675.53,Gadu,55.17,Cleaned,3.24,3.46,6.33,6.145
2070,5,6,2026-04-22,5.81,26647.59,Gadu,68.55,Cleaned,5.62,7.68,4.07,5.6775
2100,5,6,2026-04-29,5.2,26512.21,Gadu,13.83,Cleaned,5.81,8.04,5.62,4.9675
2130,5,6,2026-05-06,3.85,26707.77,Gadu,21.5,Cleaned,5.2,3.24,3.46,5.12
2160,5,6,2026-05-13,5.49,27879.26,Gadu,20.4,Cleaned,3.85,5.62,7.68,5.0875
2190,5,6,2026-05-20,5.52,25750.0,Gadu,63.35,Cleaned,5.49,5.81,8.04,5.015000000000001
2220,5,6,2026-05-27,6.39,25219.72,Gadu,40.12,Cleaned,5.52,5.2,3.24,5.3125
2250,5,6,2026-06-03,2.94,28507.13,Gadu,78.07,Cleaned,6.39,3.85,5.62,5.085
2280,5,6,2026-06-10,7.3,26824.61,Gadu,75.28,Cleaned,2.94,5.49,5.81,5.5375
2310,5,6,2026-06-17,4.72,26388.23,Gadu,66.13,Cleaned,7.3,5.52,5.2,5.3374999999999995
2340,5,6,2026-06-24,2.55,24784.01,Gadu,64.6,Cleaned,4.72,6.39,3.85,4.3774999999999995
2370,5,6,2026-07-01,4.74,28532.73,Bera,131.07,Cleaned,2.55,2.94,5.49,4.8275
2400,5,6,2026-07-08,3.91,26422.52,Bera,77.35,Cleaned,4.74,7.3,5.52,3.98
2430,5,6,2026-07-15,6.39,28193.3,Bera,131.16,Cleaned,3.91,4.72,6.39,4.3975
2460,5,6,2026-07-22,6.97,29363.62,Bera,57.53,Cleaned,6.39,2.55,2.94,5.5024999999999995
2490,5,6,2026-07-29,5.75,25543.32,Bera,137.71,Cleaned,6.97,4.74,7.3,5.754999999999999
2520,5,6,2026-08-05,4.67,29043.85,Bera,125.9,Cleaned,5.75,3.91,4.72,5.945
2550,5,6,2026-08-12,6.01,29386.2,Bera,141.02,Cleaned,4.67,6.39,2.55,5.85
2580,5,6,2026-08-19,1.0,29792.16,Bera,94.59,Cleaned,6.01,6.97,4.74,4.3575
2610,5,6,2026-08-26,6.24,29095.46,Bera,130.08,Cleaned,1.0,5.75,3.91,4.48
