id_permintaan,id_poktan,id_komoditas,tanggal_permintaan,volume_permintaan,harga_satuan_transaksi,fase_musim,curah_hujan_mm,status_data
1,1,1,2025-01-01,73.15,27935.97,Rendeng,293.64,Cleaned
2,1,2,2025-01-01,68.32,27348.5,Rendeng,293.64,Cleaned
3,1,3,2025-01-01,45.5,31248.44,Rendeng,293.64,Cleaned
4,1,4,2025-01-01,42.48,31644.09,Rendeng,293.64,Cleaned
5,1,5,2025-01-01,22.25,23417.02,Rendeng,293.64,Cleaned
6,1,6,2025-01-01,11.14,26423.33,Rendeng,293.64,Cleaned
7,2,1,2025-01-01,70.27,28747.37,Rendeng,293.64,Cleaned
8,2,2,2025-01-01,69.41,30671.12,Rendeng,293.64,Cleaned
9,2,3,2025-01-01,44.68,29198.17,Rendeng,293.64,Cleaned
10,2,4,2025-01-01,40.63,34692.49,Rendeng,293.64,Cleaned
11,2,5,2025-01-01,22.22,25071.17,Rendeng,293.64,Cleaned
12,2,6,2025-01-01,11.47,28008.28,Rendeng,293.64,Cleaned
13,3,1,2025-01-01,75.53,28023.14,Rendeng,293.64,Cleaned
14,3,2,2025-01-01,66.87,27390.31,Rendeng,293.64,Cleaned
15,3,3,2025-01-01,44.48,27586.03,Rendeng,293.64,Cleaned
16,3,4,2025-01-01,42.41,36289.63,Rendeng,293.64,Cleaned
17,3,5,2025-01-01,22.0,24975.88,Rendeng,293.64,Cleaned
18,3,6,2025-01-01,11.25,24939.14,Rendeng,293.64,Cleaned
19,4,1,2025-01-01,74.85,30975.13,Rendeng,293.64,Cleaned
20,4,2,2025-01-01,68.44,28870.27,Rendeng,293.64,Cleaned
21,4,3,2025-01-01,48.38,28109.13,Rendeng,293.64,Cleaned
22,4,4,2025-01-01,42.67,38287.09,Rendeng,293.64,Cleaned
23,4,5,2025-01-01,22.71,27109.37,Rendeng,293.64,Cleaned
24,4,6,2025-01-01,11.55,25236.71,Rendeng,293.64,Cleaned
25,5,1,2025-01-01,73.35,28628.09,Rendeng,293.64,Cleaned
26,5,2,2025-01-01,65.02,31972.43,Rendeng,293.64,Cleaned
27,5,3,2025-01-01,43.62,30256.18,Rendeng,293.64,Cleaned
28,5,4,2025-01-01,40.48,32486.47,Rendeng,293.64,Cleaned
29,5,5,2025-01-01,22.92,26145.04,Rendeng,293.64,Cleaned
30,5,6,2025-01-01,11.55,28991.99,Rendeng,293.64,Cleaned
31,1,1,2025-01-08,54.41,32178.62,Rendeng,218.51,Cleaned
32,1,2,2025-01-08,49.89,30739.79,Rendeng,218.51,Cleaned
33,1,3,2025-01-08,33.06,28865.89,Rendeng,218.51,Cleaned
34,1,4,2025-01-08,30.62,33776.28,Rendeng,218.51,Cleaned
35,1,5,2025-01-08,17.28,26936.06,Rendeng,218.51,Cleaned
36,1,6,2025-01-08,8.8,27347.18,Rendeng,218.51,Cleaned
37,2,1,2025-01-08,56.72,31564.71,Rendeng,218.51,Cleaned
38,2,2,2025-01-08,49.31,30367.66,Rendeng,218.51,Cleaned
39,2,3,2025-01-08,33.58,30136.4,Rendeng,218.51,Cleaned
40,2,4,2025-01-08,32.47,34492.79,Rendeng,218.51,Cleaned
41,2,5,2025-01-08,16.86,24071.78,Rendeng,218.51,Cleaned
42,2,6,2025-01-08,8.32,27547.14,Rendeng,218.51,Cleaned
43,3,1,2025-01-08,55.61,29462.3,Rendeng,218.51,Cleaned
44,3,2,2025-01-08,51.04,31533.31,Rendeng,218.51,Cleaned
45,3,3,2025-01-08,32.68,32578.19,Rendeng,218.51,Cleaned
46,3,4,2025-01-08,30.28,37156.84,Rendeng,218.51,Cleaned
47,3,5,2025-01-08,17.34,26518.36,Rendeng,218.51,Cleaned
48,3,6,2025-01-08,8.5,25776.14,Rendeng,218.51,Cleaned
49,4,1,2025-01-08,56.21,31844.64,Rendeng,218.51,Cleaned
50,4,2,2025-01-08,52.1,32376.55,Rendeng,218.51,Cleaned
51,4,3,2025-01-08,32.81,28367.61,Rendeng,218.51,Cleaned
52,4,4,2025-01-08,30.47,34489.75,Rendeng,218.51,Cleaned
53,4,5,2025-01-08,16.98,22534.76,Rendeng,218.51,Cleaned
54,4,6,2025-01-08,8.48,27559.11,Rendeng,218.51,Cleaned
55,5,1,2025-01-08,53.31,27719.19,Rendeng,218.51,Cleaned
56,5,2,2025-01-08,49.7,29025.69,Rendeng,218.51,Cleaned
57,5,3,2025-01-08,33.43,30112.74,Rendeng,218.51,Cleaned
58,5,4,2025-01-08,31.24,36421.13,Rendeng,218.51,Cleaned
59,5,5,2025-01-08,16.96,27312.24,Rendeng,218.51,Cleaned
60,5,6,2025-01-08,8.38,26134.8,Rendeng,218.51,Cleaned
61,1,1,2025-01-15,81.09,27221.32,Rendeng,324.31,Cleaned
62,1,2,2025-01-15,73.12,30657.39,Rendeng,324.31,Cleaned
63,1,3,2025-01-15,49.13,28671.88,Rendeng,324.31,Cleaned
64,1,4,2025-01-15,45.74,37857.86,Rendeng,324.31,Cleaned
65,1,5,2025-01-15,24.62,24947.26,Rendeng,324.31,Cleaned
66,1,6,2025-01-15,12.35,30171.08,Rendeng,324.31,Cleaned
67,2,1,2025-01-15,84.63,31569.72,Rendeng,324.31,Cleaned
68,2,2,2025-01-15,72.85,28425.83,Rendeng,324.31,Cleaned
69,2,3,2025-01-15,48.97,30793.83,Rendeng,324.31,Cleaned
70,2,4,2025-01-15,47.2,35934.71,Rendeng,324.31,Cleaned
71,2,5,2025-01-15,24.44,26676.51,Rendeng,324.31,Cleaned
72,2,6,2025-01-15,12.5,26514.29,Rendeng,324.31,Cleaned
73,3,1,2025-01-15,86.44,27099.53,Rendeng,324.31,Cleaned
74,3,2,2025-01-15,76.35,30072.56,Rendeng,324.31,Cleaned
75,3,3,2025-01-15,50.64,28046.2,Rendeng,324.31,Cleaned
76,3,4,2025-01-15,44.44,36336.56,Rendeng,324.31,Cleaned
77,3,5,2025-01-15,25.3,23187.6,Rendeng,324.31,Cleaned
78,3,6,2025-01-15,12.43,26625.86,Rendeng,324.31,Cleaned
79,4,1,2025-01-15,82.47,30959.9,Rendeng,324.31,Cleaned
80,4,2,2025-01-15,75.8,31903.33,Rendeng,324.31,Cleaned
81,4,3,2025-01-15,51.47,28451.11,Rendeng,324.31,Cleaned
82,4,4,2025-01-15,48.42,32151.72,Rendeng,324.31,Cleaned
83,4,5,2025-01-15,24.12,24246.05,Rendeng,324.31,Cleaned
84,4,6,2025-01-15,12.82,28742.76,Rendeng,324.31,Cleaned
85,5,1,2025-01-15,84.34,27504.84,Rendeng,324.31,Cleaned
86,5,2,2025-01-15,76.95,27969.77,Rendeng,324.31,Cleaned
87,5,3,2025-01-15,50.15,27055.18,Rendeng,324.31,Cleaned
88,5,4,2025-01-15,46.63,32210.3,Rendeng,324.31,Cleaned
89,5,5,2025-01-15,25.05,25959.48,Rendeng,324.31,Cleaned
90,5,6,2025-01-15,12.12,28335.79,Rendeng,324.31,Cleaned
91,1,1,2025-01-22,63.78,28952.4,Rendeng,256.07,Cleaned
92,1,2,2025-01-22,60.46,31478.95,Rendeng,256.07,Cleaned
93,1,3,2025-01-22,40.51,30945.68,Rendeng,256.07,Cleaned
94,1,4,2025-01-22,36.55,35478.16,Rendeng,256.07,Cleaned
95,1,5,2025-01-22,19.56,23826.01,Rendeng,256.07,Cleaned
96,1,6,2025-01-22,9.63,26091.94,Rendeng,256.07,Cleaned
97,2,1,2025-01-22,65.51,32352.28,Rendeng,256.07,Cleaned
98,2,2,2025-01-22,59.68,30786.83,Rendeng,256.07,Cleaned
99,2,3,2025-01-22,39.41,30461.42,Rendeng,256.07,Cleaned
100,2,4,2025-01-22,37.65,34947.62,Rendeng,256.07,Cleaned
101,2,5,2025-01-22,20.06,23903.86,Rendeng,256.07,Cleaned
102,2,6,2025-01-22,9.6,24883.74,Rendeng,256.07,Cleaned
103,3,1,2025-01-22,63.6,32642.75,Rendeng,256.07,Cleaned
104,3,2,2025-01-22,59.93,32723.57,Rendeng,256.07,Cleaned
105,3,3,2025-01-22,39.14,27092.74,Rendeng,256.07,Cleaned
106,3,4,2025-01-22,36.87,37998.23,Rendeng,256.07,Cleaned
107,3,5,2025-01-22,19.97,27318.1,Rendeng,256.07,Cleaned
108,3,6,2025-01-22,9.83,29441.55,Rendeng,256.07,Cleaned
109,4,1,2025-01-22,64.03,32106.82,Rendeng,256.07,Cleaned
110,4,2,2025-01-22,56.47,28901.53,Rendeng,256.07,Cleaned
111,4,3,2025-01-22,39.64,32616.93,Rendeng,256.07,Cleaned
112,4,4,2025-01-22,34.79,36372.21,Rendeng,256.07,Cleaned
113,4,5,2025-01-22,19.19,25575.04,Rendeng,256.07,Cleaned
114,4,6,2025-01-22,9.89,30195.3,Rendeng,256.07,Cleaned
115,5,1,2025-01-22,65.77,32264.24,Rendeng,256.07,Cleaned
116,5,2,2025-01-22,57.11,31444.61,Rendeng,256.07,Cleaned
117,5,3,2025-01-22,40.65,29156.95,Rendeng,256.07,Cleaned
118,5,4,2025-01-22,37.23,33555.14,Rendeng,256.07,Cleaned
119,5,5,2025-01-22,19.99,26835.36,Rendeng,256.07,Cleaned
120,5,6,2025-01-22,10.0,29772.82,Rendeng,256.07,Cleaned
121,1,1,2025-01-29,86.83,30899.78,Rendeng,327.84,Cleaned
122,1,2,2025-01-29,75.67,31211.8,Rendeng,327.84,Cleaned
123,1,3,2025-01-29,50.7,29027.97,Rendeng,327.84,Cleaned
124,1,4,2025-01-29,46.42,34129.08,Rendeng,327.84,Cleaned
125,1,5,2025-01-29,25.31,22679.71,Rendeng,327.84,Cleaned
126,1,6,2025-01-29,12.36,27310.79,Rendeng,327.84,Cleaned
127,2,1,2025-01-29,80.62,30545.0,Rendeng,327.84,Cleaned
128,2,2,2025-01-29,76.27,27183.0,Rendeng,327.84,Cleaned
129,2,3,2025-01-29,49.41,30133.46,Rendeng,327.84,Cleaned
130,2,4,2025-01-29,45.88,36889.95,Rendeng,327.84,Cleaned
131,2,5,2025-01-29,25.54,22926.74,Rendeng,327.84,Cleaned
132,2,6,2025-01-29,12.24,25034.25,Rendeng,327.84,Cleaned
133,3,1,2025-01-29,88.66,30824.58,Rendeng,327.84,Cleaned
134,3,2,2025-01-29,78.85,31356.55,Rendeng,327.84,Cleaned
135,3,3,2025-01-29,50.45,28937.74,Rendeng,327.84,Cleaned
136,3,4,2025-01-29,46.7,37066.3,Rendeng,327.84,Cleaned
137,3,5,2025-01-29,24.96,22892.28,Rendeng,327.84,Cleaned
138,3,6,2025-01-29,12.13,24889.43,Rendeng,327.84,Cleaned
139,4,1,2025-01-29,82.58,28039.77,Rendeng,327.84,Cleaned
140,4,2,2025-01-29,78.53,27938.62,Rendeng,327.84,Cleaned
141,4,3,2025-01-29,50.8,31287.58,Rendeng,327.84,Cleaned
142,4,4,2025-01-29,44.53,36121.38,Rendeng,327.84,Cleaned
143,4,5,2025-01-29,25.44,25558.6,Rendeng,327.84,Cleaned
144,4,6,2025-01-29,13.09,27057.8,Rendeng,327.84,Cleaned
145,5,1,2025-01-29,82.66,31547.08,Rendeng,327.84,Cleaned
146,5,2,2025-01-29,73.44,27086.36,Rendeng,327.84,Cleaned
147,5,3,2025-01-29,50.16,27587.0,Rendeng,327.84,Cleaned
148,5,4,2025-01-29,48.21,34941.31,Rendeng,327.84,Cleaned
149,5,5,2025-01-29,24.47,24669.26,Rendeng,327.84,Cleaned
150,5,6,2025-01-29,12.58,26941.78,Rendeng,327.84,Cleaned
151,1,1,2025-02-05,89.91,29247.68,Rendeng,353.96,Cleaned
152,1,2,2025-02-05,81.91,30755.16,Rendeng,353.96,Cleaned
153,1,3,2025-02-05,55.8,30952.16,Rendeng,353.96,Cleaned
154,1,4,2025-02-05,49.93,32640.54,Rendeng,353.96,Cleaned
155,1,5,2025-02-05,27.34,22632.56,Rendeng,353.96,Cleaned
156,1,6,2025-02-05,13.44,27971.77,Rendeng,353.96,Cleaned
157,2,1,2025-02-05,90.98,29329.02,Rendeng,353.96,Cleaned
158,2,2,2025-02-05,82.83,30859.73,Rendeng,353.96,Cleaned
159,2,3,2025-02-05,56.92,32648.79,Rendeng,353.96,Cleaned
160,2,4,2025-02-05,47.85,34202.72,Rendeng,353.96,Cleaned
161,2,5,2025-02-05,27.39,22855.94,Rendeng,353.96,Cleaned
162,2,6,2025-02-05,13.43,26504.37,Rendeng,353.96,Cleaned
163,3,1,2025-02-05,89.63,27708.99,Rendeng,353.96,Cleaned
164,3,2,2025-02-05,83.15,31180.42,Rendeng,353.96,Cleaned
165,3,3,2025-02-05,55.49,31410.43,Rendeng,353.96,Cleaned
166,3,4,2025-02-05,50.24,37124.37,Rendeng,353.96,Cleaned
167,3,5,2025-02-05,26.75,26253.07,Rendeng,353.96,Cleaned
168,3,6,2025-02-05,13.45,29187.59,Rendeng,353.96,Cleaned
169,4,1,2025-02-05,90.72,29232.11,Rendeng,353.96,Cleaned
170,4,2,2025-02-05,81.89,31658.48,Rendeng,353.96,Cleaned
171,4,3,2025-02-05,55.09,32150.48,Rendeng,353.96,Cleaned
172,4,4,2025-02-05,49.7,34502.96,Rendeng,353.96,Cleaned
173,4,5,2025-02-05,27.7,23015.62,Rendeng,353.96,Cleaned
174,4,6,2025-02-05,13.85,29714.04,Rendeng,353.96,Cleaned
175,5,1,2025-02-05,93.27,28920.3,Rendeng,353.96,Cleaned
176,5,2,2025-02-05,81.72,32373.14,Rendeng,353.96,Cleaned
177,5,3,2025-02-05,54.83,32703.64,Rendeng,353.96,Cleaned
178,5,4,2025-02-05,49.78,35514.07,Rendeng,353.96,Cleaned
179,5,5,2025-02-05,26.76,23966.05,Rendeng,353.96,Cleaned
180,5,6,2025-02-05,14.22,26557.65,Rendeng,353.96,Cleaned
181,1,1,2025-02-12,95.87,31737.71,Rendeng,368.13,Cleaned
182,1,2,2025-02-12,86.11,27547.24,Rendeng,368.13,Cleaned
183,1,3,2025-02-12,55.83,30297.17,Rendeng,368.13,Cleaned
184,1,4,2025-02-12,51.91,34590.71,Rendeng,368.13,Cleaned
185,1,5,2025-02-12,28.14,23085.34,Rendeng,368.13,Cleaned
186,1,6,2025-02-12,14.39,25536.45,Rendeng,368.13,Cleaned
187,2,1,2025-02-12,95.57,27606.74,Rendeng,368.13,Cleaned
188,2,2,2025-02-12,87.3,27504.64,Rendeng,368.13,Cleaned
189,2,3,2025-02-12,56.14,31931.16,Rendeng,368.13,Cleaned
190,2,4,2025-02-12,52.13,36443.7,Rendeng,368.13,Cleaned
191,2,5,2025-02-12,28.98,27236.24,Rendeng,368.13,Cleaned
192,2,6,2025-02-12,14.02,30173.01,Rendeng,368.13,Cleaned
193,3,1,2025-02-12,93.11,27501.0,Rendeng,368.13,Cleaned
194,3,2,2025-02-12,87.31,31662.88,Rendeng,368.13,Cleaned
195,3,3,2025-02-12,54.28,32438.13,Rendeng,368.13,Cleaned
196,3,4,2025-02-12,53.58,32278.38,Rendeng,368.13,Cleaned
197,3,5,2025-02-12,28.14,24843.3,Rendeng,368.13,Cleaned
198,3,6,2025-02-12,14.16,25059.67,Rendeng,368.13,Cleaned
199,4,1,2025-02-12,96.84,30500.21,Rendeng,368.13,Cleaned
200,4,2,2025-02-12,86.29,32773.04,Rendeng,368.13,Cleaned
201,4,3,2025-02-12,54.97,32211.59,Rendeng,368.13,Cleaned
202,4,4,2025-02-12,51.02,33065.17,Rendeng,368.13,Cleaned
203,4,5,2025-02-12,28.36,27464.82,Rendeng,368.13,Cleaned
204,4,6,2025-02-12,14.44,25155.88,Rendeng,368.13,Cleaned
205,5,1,2025-02-12,95.3,30138.59,Rendeng,368.13,Cleaned
206,5,2,2025-02-12,85.05,30776.39,Rendeng,368.13,Cleaned
207,5,3,2025-02-12,56.14,30765.35,Rendeng,368.13,Cleaned
208,5,4,2025-02-12,53.88,35590.2,Rendeng,368.13,Cleaned
209,5,5,2025-02-12,28.25,25600.66,Rendeng,368.13,Cleaned
210,5,6,2025-02-12,14.44,26275.6,Rendeng,368.13,Cleaned
211,1,1,2025-02-19,59.26,30501.94,Rendeng,247.03,Cleaned
212,1,2,2025-02-19,56.1,27466.41,Rendeng,247.03,Cleaned
213,1,3,2025-02-19,38.4,28857.17,Rendeng,247.03,Cleaned
214,1,4,2025-02-19,36.82,37196.57,Rendeng,247.03,Cleaned
215,1,5,2025-02-19,18.48,27054.64,Rendeng,247.03,Cleaned
216,1,6,2025-02-19,9.64,29273.95,Rendeng,247.03,Cleaned
217,2,1,2025-02-19,60.8,32596.37,Rendeng,247.03,Cleaned
218,2,2,2025-02-19,60.18,32196.38,Rendeng,247.03,Cleaned
219,2,3,2025-02-19,39.37,32923.66,Rendeng,247.03,Cleaned
220,2,4,2025-02-19,34.34,32552.92,Rendeng,247.03,Cleaned
221,2,5,2025-02-19,18.01,27349.57,Rendeng,247.03,Cleaned
222,2,6,2025-02-19,9.89,29381.65,Rendeng,247.03,Cleaned
223,3,1,2025-02-19,63.12,29488.92,Rendeng,247.03,Cleaned
224,3,2,2025-02-19,59.15,28640.44,Rendeng,247.03,Cleaned
225,3,3,2025-02-19,38.01,31613.92,Rendeng,247.03,Cleaned
226,3,4,2025-02-19,34.89,38113.36,Rendeng,247.03,Cleaned
227,3,5,2025-02-19,18.74,24752.72,Rendeng,247.03,Cleaned
228,3,6,2025-02-19,9.68,25460.38,Rendeng,247.03,Cleaned
229,4,1,2025-02-19,63.57,28371.86,Rendeng,247.03,Cleaned
230,4,2,2025-02-19,57.9,31030.2,Rendeng,247.03,Cleaned
231,4,3,2025-02-19,36.23,27681.35,Rendeng,247.03,Cleaned
232,4,4,2025-02-19,36.19,36201.01,Rendeng,247.03,Cleaned
233,4,5,2025-02-19,19.9,25100.82,Rendeng,247.03,Cleaned
234,4,6,2025-02-19,9.53,29437.0,Rendeng,247.03,Cleaned
235,5,1,2025-02-19,67.3,32259.92,Rendeng,247.03,Cleaned
236,5,2,2025-02-19,60.05,29420.9,Rendeng,247.03,Cleaned
237,5,3,2025-02-19,38.75,31224.48,Rendeng,247.03,Cleaned
238,5,4,2025-02-19,36.29,32990.75,Rendeng,247.03,Cleaned
239,5,5,2025-02-19,19.61,24461.22,Rendeng,247.03,Cleaned
240,5,6,2025-02-19,8.99,27156.11,Rendeng,247.03,Cleaned
241,1,1,2025-02-26,109.63,31701.92,Rendeng,426.04,Cleaned
242,1,2,2025-02-26,94.56,29379.26,Rendeng,426.04,Cleaned
243,1,3,2025-02-26,66.68,32697.12,Rendeng,426.04,Cleaned
244,1,4,2025-02-26,60.43,32529.51,Rendeng,426.04,Cleaned
245,1,5,2025-02-26,32.76,23791.22,Rendeng,426.04,Cleaned
246,1,6,2025-02-26,16.62,27275.25,Rendeng,426.04,Cleaned
247,2,1,2025-02-26,109.23,28972.51,Rendeng,426.04,Cleaned
248,2,2,2025-02-26,99.01,30800.41,Rendeng,426.04,Cleaned
249,2,3,2025-02-26,65.4,27773.28,Rendeng,426.04,Cleaned
250,2,4,2025-02-26,60.0,32396.32,Rendeng,426.04,Cleaned
251,2,5,2025-02-26,32.14,24228.34,Rendeng,426.04,Cleaned
252,2,6,2025-02-26,16.53,29682.34,Rendeng,426.04,Cleaned
253,3,1,2025-02-26,113.19,28033.92,Rendeng,426.04,Cleaned
254,3,2,2025-02-26,97.76,28153.73,Rendeng,426.04,Cleaned
255,3,3,2025-02-26,64.6,27532.22,Rendeng,426.04,Cleaned
256,3,4,2025-02-26,59.49,32344.45,Rendeng,426.04,Cleaned
257,3,5,2025-02-26,31.94,24321.35,Rendeng,426.04,Cleaned
258,3,6,2025-02-26,16.33,27518.79,Rendeng,426.04,Cleaned
259,4,1,2025-02-26,109.04,31796.46,Rendeng,426.04,Cleaned
260,4,2,2025-02-26,98.39,30767.4,Rendeng,426.04,Cleaned
261,4,3,2025-02-26,66.53,31489.56,Rendeng,426.04,Cleaned
262,4,4,2025-02-26,59.43,32791.65,Rendeng,426.04,Cleaned
263,4,5,2025-02-26,32.46,24922.61,Rendeng,426.04,Cleaned
264,4,6,2025-02-26,16.03,28150.4,Rendeng,426.04,Cleaned
265,5,1,2025-02-26,108.04,31484.83,Rendeng,426.04,Cleaned
266,5,2,2025-02-26,94.52,27220.1,Rendeng,426.04,Cleaned
267,5,3,2025-02-26,66.53,32371.24,Rendeng,426.04,Cleaned
268,5,4,2025-02-26,59.04,35081.74,Rendeng,426.04,Cleaned
269,5,5,2025-02-26,32.21,24737.06,Rendeng,426.04,Cleaned
270,5,6,2025-02-26,16.41,27679.39,Rendeng,426.04,Cleaned
271,1,1,2025-03-05,5.46,27120.43,Gadu,26.97,Cleaned
272,1,2,2025-03-05,3.76,28932.47,Gadu,26.97,Cleaned
273,1,3,2025-03-05,3.4,27718.57,Gadu,26.97,Cleaned
274,1,4,2025-03-05,2.66,37733.69,Gadu,26.97,Cleaned
275,1,5,2025-03-05,3.05,26445.86,Gadu,26.97,Cleaned
276,1,6,2025-03-05,1.29,27491.43,Gadu,26.97,Cleaned
277,2,1,2025-03-05,7.06,30521.05,Gadu,26.97,Cleaned
278,2,2,2025-03-05,4.73,31472.64,Gadu,26.97,Cleaned
279,2,3,2025-03-05,2.95,28702.66,Gadu,26.97,Cleaned
280,2,4,2025-03-05,3.6,34041.58,Gadu,26.97,Cleaned
281,2,5,2025-03-05,2.61,24280.48,Gadu,26.97,Cleaned
282,2,6,2025-03-05,1.59,30175.83,Gadu,26.97,Cleaned
283,3,1,2025-03-05,4.23,27610.69,Gadu,26.97,Cleaned
284,3,2,2025-03-05,7.2,27917.15,Gadu,26.97,Cleaned
285,3,3,2025-03-05,3.4,28119.4,Gadu,26.97,Cleaned
286,3,4,2025-03-05,3.29,33495.67,Gadu,26.97,Cleaned
287,3,5,2025-03-05,2.1,24551.98,Gadu,26.97,Cleaned
288,3,6,2025-03-05,1.0,30153.08,Gadu,26.97,Cleaned
289,4,1,2025-03-05,6.46,32816.82,Gadu,26.97,Cleaned
290,4,2,2025-03-05,4.65,32193.04,Gadu,26.97,Cleaned
291,4,3,2025-03-05,3.48,28025.33,Gadu,26.97,Cleaned
292,4,4,2025-03-05,4.6,36180.5,Gadu,26.97,Cleaned
293,4,5,2025-03-05,2.13,25358.06,Gadu,26.97,Cleaned
294,4,6,2025-03-05,1.25,26289.89,Gadu,26.97,Cleaned
295,5,1,2025-03-05,5.64,28942.08,Gadu,26.97,Cleaned
296,5,2,2025-03-05,7.21,29552.62,Gadu,26.97,Cleaned
297,5,3,2025-03-05,2.27,27689.02,Gadu,26.97,Cleaned
298,5,4,2025-03-05,3.85,35774.34,Gadu,26.97,Cleaned
299,5,5,2025-03-05,2.44,23271.81,Gadu,26.97,Cleaned
300,5,6,2025-03-05,1.0,27396.27,Gadu,26.97,Cleaned
301,1,1,2025-03-12,11.84,27806.49,Gadu,47.28,Cleaned
302,1,2,2025-03-12,10.21,27380.25,Gadu,47.28,Cleaned
303,1,3,2025-03-12,6.58,31089.02,Gadu,47.28,Cleaned
304,1,4,2025-03-12,7.47,36821.6,Gadu,47.28,Cleaned
305,1,5,2025-03-12,3.22,24559.2,Gadu,47.28,Cleaned
306,1,6,2025-03-12,2.52,26668.78,Gadu,47.28,Cleaned
307,2,1,2025-03-12,12.45,28087.4,Gadu,47.28,Cleaned
308,2,2,2025-03-12,11.07,27398.98,Gadu,47.28,Cleaned
309,2,3,2025-03-12,7.84,32050.97,Gadu,47.28,Cleaned
310,2,4,2025-03-12,8.34,32478.41,Gadu,47.28,Cleaned
311,2,5,2025-03-12,3.29,23318.28,Gadu,47.28,Cleaned
312,2,6,2025-03-12,1.99,25653.46,Gadu,47.28,Cleaned
313,3,1,2025-03-12,13.17,30138.39,Gadu,47.28,Cleaned
314,3,2,2025-03-12,12.7,29152.98,Gadu,47.28,Cleaned
315,3,3,2025-03-12,6.96,31899.6,Gadu,47.28,Cleaned
316,3,4,2025-03-12,7.67,34573.94,Gadu,47.28,Cleaned
317,3,5,2025-03-12,3.25,24006.89,Gadu,47.28,Cleaned
318,3,6,2025-03-12,1.18,28861.85,Gadu,47.28,Cleaned
319,4,1,2025-03-12,9.08,32397.45,Gadu,47.28,Cleaned
320,4,2,2025-03-12,10.94,29303.35,Gadu,47.28,Cleaned
321,4,3,2025-03-12,8.3,30745.43,Gadu,47.28,Cleaned
322,4,4,2025-03-12,6.77,32318.29,Gadu,47.28,Cleaned
323,4,5,2025-03-12,3.73,24174.53,Gadu,47.28,Cleaned
324,4,6,2025-03-12,1.98,25516.0,Gadu,47.28,Cleaned
325,5,1,2025-03-12,13.1,30200.77,Gadu,47.28,Cleaned
326,5,2,2025-03-12,13.07,32363.36,Gadu,47.28,Cleaned
327,5,3,2025-03-12,6.71,28870.33,Gadu,47.28,Cleaned
328,5,4,2025-03-12,7.09,33239.42,Gadu,47.28,Cleaned
329,5,5,2025-03-12,4.51,26883.83,Gadu,47.28,Cleaned
330,5,6,2025-03-12,1.93,26631.45,Gadu,47.28,Cleaned
331,1,1,2025-03-19,16.79,31783.77,Gadu,67.49,Cleaned
332,1,2,2025-03-19,13.88,27899.5,Gadu,67.49,Cleaned
333,1,3,2025-03-19,11.26,31320.22,Gadu,67.49,Cleaned
334,1,4,2025-03-19,8.54,35988.03,Gadu,67.49,Cleaned
335,1,5,2025-03-19,5.43,23759.0,Gadu,67.49,Cleaned
336,1,6,2025-03-19,3.14,26651.33,Gadu,67.49,Cleaned
337,2,1,2025-03-19,13.88,29772.03,Gadu,67.49,Cleaned
338,2,2,2025-03-19,18.16,32683.7,Gadu,67.49,Cleaned
339,2,3,2025-03-19,10.71,30035.33,Gadu,67.49,Cleaned
340,2,4,2025-03-19,8.33,35780.18,Gadu,67.49,Cleaned
341,2,5,2025-03-19,5.25,25983.25,Gadu,67.49,Cleaned
342,2,6,2025-03-19,2.81,29823.75,Gadu,67.49,Cleaned
343,3,1,2025-03-19,15.78,30457.73,Gadu,67.49,Cleaned
344,3,2,2025-03-19,16.39,30640.29,Gadu,67.49,Cleaned
345,3,3,2025-03-19,12.22,32606.2,Gadu,67.49,Cleaned
346,3,4,2025-03-19,8.98,37978.98,Gadu,67.49,Cleaned
347,3,5,2025-03-19,4.62,27424.21,Gadu,67.49,Cleaned
348,3,6,2025-03-19,2.56,29363.94,Gadu,67.49,Cleaned
349,4,1,2025-03-19,17.41,30547.65,Gadu,67.49,Cleaned
350,4,2,2025-03-19,17.47,29394.02,Gadu,67.49,Cleaned
351,4,3,2025-03-19,10.2,31817.12,Gadu,67.49,Cleaned
352,4,4,2025-03-19,9.07,31532.42,Gadu,67.49,Cleaned
353,4,5,2025-03-19,4.61,25186.98,Gadu,67.49,Cleaned
354,4,6,2025-03-19,2.12,29809.21,Gadu,67.49,Cleaned
355,5,1,2025-03-19,14.82,31425.01,Gadu,67.49,Cleaned
356,5,2,2025-03-19,13.33,29713.31,Gadu,67.49,Cleaned
357,5,3,2025-03-19,10.08,27845.14,Gadu,67.49,Cleaned
358,5,4,2025-03-19,7.93,32734.71,Gadu,67.49,Cleaned
359,5,5,2025-03-19,3.64,27074.23,Gadu,67.49,Cleaned
360,5,6,2025-03-19,2.58,26743.17,Gadu,67.49,Cleaned
361,1,1,2025-03-26,11.03,32766.42,Gadu,50.64,Cleaned
362,1,2,2025-03-26,12.58,27891.98,Gadu,50.64,Cleaned
363,1,3,2025-03-26,6.87,32981.25,Gadu,50.64,Cleaned
364,1,4,2025-03-26,6.97,35015.37,Gadu,50.64,Cleaned
365,1,5,2025-03-26,3.5,26249.8,Gadu,50.64,Cleaned
366,1,6,2025-03-26,1.99,25904.48,Gadu,50.64,Cleaned
367,2,1,2025-03-26,12.76,28144.13,Gadu,50.64,Cleaned
368,2,2,2025-03-26,11.95,27219.3,Gadu,50.64,Cleaned
369,2,3,2025-03-26,10.76,27394.25,Gadu,50.64,Cleaned
370,2,4,2025-03-26,5.97,36928.69,Gadu,50.64,Cleaned
371,2,5,2025-03-26,4.7,24703.81,Gadu,50.64,Cleaned
372,2,6,2025-03-26,1.18,26954.2,Gadu,50.64,Cleaned
373,3,1,2025-03-26,10.72,28091.57,Gadu,50.64,Cleaned
374,3,2,2025-03-26,12.04,32170.71,Gadu,50.64,Cleaned
375,3,3,2025-03-26,7.62,28624.47,Gadu,50.64,Cleaned
376,3,4,2025-03-26,7.7,36008.0,Gadu,50.64,Cleaned
377,3,5,2025-03-26,3.69,23280.76,Gadu,50.64,Cleaned
378,3,6,2025-03-26,1.93,28687.85,Gadu,50.64,Cleaned
379,4,1,2025-03-26,12.81,28331.83,Gadu,50.64,Cleaned
380,4,2,2025-03-26,11.74,28386.45,Gadu,50.64,Cleaned
381,4,3,2025-03-26,7.9,28071.27,Gadu,50.64,Cleaned
382,4,4,2025-03-26,7.0,36069.22,Gadu,50.64,Cleaned
383,4,5,2025-03-26,3.69,23715.86,Gadu,50.64,Cleaned
384,4,6,2025-03-26,1.88,28722.47,Gadu,50.64,Cleaned
385,5,1,2025-03-26,13.44,29383.1,Gadu,50.64,Cleaned
386,5,2,2025-03-26,12.12,31008.51,Gadu,50.64,Cleaned
387,5,3,2025-03-26,7.03,32378.01,Gadu,50.64,Cleaned
388,5,4,2025-03-26,6.15,31591.01,Gadu,50.64,Cleaned
389,5,5,2025-03-26,2.93,26963.36,Gadu,50.64,Cleaned
390,5,6,2025-03-26,2.46,29245.94,Gadu,50.64,Cleaned
391,1,1,2025-04-02,7.35,30541.77,Gadu,33.93,Cleaned
392,1,2,2025-04-02,5.39,28608.38,Gadu,33.93,Cleaned
393,1,3,2025-04-02,3.74,30312.28,Gadu,33.93,Cleaned
394,1,4,2025-04-02,6.64,34552.89,Gadu,33.93,Cleaned
395,1,5,2025-04-02,2.73,26318.03,Gadu,33.93,Cleaned
396,1,6,2025-04-02,1.28,25520.62,Gadu,33.93,Cleaned
397,2,1,2025-04-02,8.63,32367.31,Gadu,33.93,Cleaned
398,2,2,2025-04-02,9.74,31799.13,Gadu,33.93,Cleaned
399,2,3,2025-04-02,4.8,28612.06,Gadu,33.93,Cleaned
400,2,4,2025-04-02,4.72,35291.44,Gadu,33.93,Cleaned
401,2,5,2025-04-02,1.83,23196.78,Gadu,33.93,Cleaned
402,2,6,2025-04-02,1.52,29342.12,Gadu,33.93,Cleaned
403,3,1,2025-04-02,8.74,28030.08,Gadu,33.93,Cleaned
404,3,2,2025-04-02,8.43,28633.84,Gadu,33.93,Cleaned
405,3,3,2025-04-02,5.45,28644.33,Gadu,33.93,Cleaned
406,3,4,2025-04-02,3.75,35379.25,Gadu,33.93,Cleaned
407,3,5,2025-04-02,3.2,23532.11,Gadu,33.93,Cleaned
408,3,6,2025-04-02,1.44,24810.48,Gadu,33.93,Cleaned
409,4,1,2025-04-02,9.19,30603.1,Gadu,33.93,Cleaned
410,4,2,2025-04-02,9.53,30990.22,Gadu,33.93,Cleaned
411,4,3,2025-04-02,3.1,30113.51,Gadu,33.93,Cleaned
412,4,4,2025-04-02,3.43,31828.76,Gadu,33.93,Cleaned
413,4,5,2025-04-02,2.91,22913.99,Gadu,33.93,Cleaned
414,4,6,2025-04-02,1.1,28067.34,Gadu,33.93,Cleaned
415,5,1,2025-04-02,7.52,28732.16,Gadu,33.93,Cleaned
416,5,2,2025-04-02,5.4,29134.04,Gadu,33.93,Cleaned
417,5,3,2025-04-02,4.09,30398.43,Gadu,33.93,Cleaned
418,5,4,2025-04-02,5.9,34832.35,Gadu,33.93,Cleaned
419,5,5,2025-04-02,2.89,26162.86,Gadu,33.93,Cleaned
420,5,6,2025-04-02,1.36,25932.17,Gadu,33.93,Cleaned
421,1,1,2025-04-09,4.29,27308.55,Gadu,12.18,Cleaned
422,1,2,2025-04-09,1.0,29978.2,Gadu,12.18,Cleaned
423,1,3,2025-04-09,1.0,31625.47,Gadu,12.18,Cleaned
424,1,4,2025-04-09,2.76,32246.19,Gadu,12.18,Cleaned
425,1,5,2025-04-09,1.04,24977.46,Gadu,12.18,Cleaned
426,1,6,2025-04-09,1.0,28536.21,Gadu,12.18,Cleaned
427,2,1,2025-04-09,1.0,31914.61,Gadu,12.18,Cleaned
428,2,2,2025-04-09,2.12,31796.5,Gadu,12.18,Cleaned
429,2,3,2025-04-09,1.0,30541.38,Gadu,12.18,Cleaned
430,2,4,2025-04-09,2.7,34026.82,Gadu,12.18,Cleaned
431,2,5,2025-04-09,1.0,25209.5,Gadu,12.18,Cleaned
432,2,6,2025-04-09,1.0,29551.2,Gadu,12.18,Cleaned
433,3,1,2025-04-09,4.69,30952.7,Gadu,12.18,Cleaned
434,3,2,2025-04-09,3.88,31153.66,Gadu,12.18,Cleaned
435,3,3,2025-04-09,1.35,29936.55,Gadu,12.18,Cleaned
436,3,4,2025-04-09,2.39,33048.47,Gadu,12.18,Cleaned
437,3,5,2025-04-09,1.41,22669.73,Gadu,12.18,Cleaned
438,3,6,2025-04-09,1.0,28585.81,Gadu,12.18,Cleaned
439,4,1,2025-04-09,3.98,32826.35,Gadu,12.18,Cleaned
440,4,2,2025-04-09,2.44,32665.6,Gadu,12.18,Cleaned
441,4,3,2025-04-09,3.18,32067.3,Gadu,12.18,Cleaned
442,4,4,2025-04-09,1.63,33733.7,Gadu,12.18,Cleaned
443,4,5,2025-04-09,1.0,23102.83,Gadu,12.18,Cleaned
444,4,6,2025-04-09,1.0,25173.24,Gadu,12.18,Cleaned
445,5,1,2025-04-09,1.12,31348.6,Gadu,12.18,Cleaned
446,5,2,2025-04-09,5.02,27392.14,Gadu,12.18,Cleaned
447,5,3,2025-04-09,2.35,31744.34,Gadu,12.18,Cleaned
448,5,4,2025-04-09,1.0,33731.27,Gadu,12.18,Cleaned
449,5,5,2025-04-09,1.44,25579.32,Gadu,12.18,Cleaned
450,5,6,2025-04-09,1.0,26031.28,Gadu,12.18,Cleaned
451,1,1,2025-04-16,3.16,32634.41,Gadu,11.71,Cleaned
452,1,2,2025-04-16,4.55,31792.7,Gadu,11.71,Cleaned
453,1,3,2025-04-16,1.2,29879.25,Gadu,11.71,Cleaned
454,1,4,2025-04-16,3.14,35892.54,Gadu,11.71,Cleaned
455,1,5,2025-04-16,1.0,24606.79,Gadu,11.71,Cleaned
456,1,6,2025-04-16,1.0,28806.7,Gadu,11.71,Cleaned
457,2,1,2025-04-16,2.19,29127.73,Gadu,11.71,Cleaned
458,2,2,2025-04-16,2.21,28723.43,Gadu,11.71,Cleaned
459,2,3,2025-04-16,1.0,27252.56,Gadu,11.71,Cleaned
460,2,4,2025-04-16,1.0,31625.12,Gadu,11.71,Cleaned
461,2,5,2025-04-16,1.0,24421.63,Gadu,11.71,Cleaned
462,2,6,2025-04-16,1.0,28488.06,Gadu,11.71,Cleaned
463,3,1,2025-04-16,4.9,32668.39,Gadu,11.71,Cleaned
464,3,2,2025-04-16,2.33,29804.41,Gadu,11.71,Cleaned
465,3,3,2025-04-16,1.0,32947.01,Gadu,11.71,Cleaned
466,3,4,2025-04-16,2.06,33121.7,Gadu,11.71,Cleaned
467,3,5,2025-04-16,1.0,25538.68,Gadu,11.71,Cleaned
468,3,6,2025-04-16,1.0,27569.79,Gadu,11.71,Cleaned
469,4,1,2025-04-16,1.78,28322.92,Gadu,11.71,Cleaned
470,4,2,2025-04-16,1.78,28118.63,Gadu,11.71,Cleaned
471,4,3,2025-04-16,1.07,27347.06,Gadu,11.71,Cleaned
472,4,4,2025-04-16,2.91,38283.72,Gadu,11.71,Cleaned
473,4,5,2025-04-16,1.72,25980.1,Gadu,11.71,Cleaned
474,4,6,2025-04-16,1.0,25596.43,Gadu,11.71,Cleaned
475,5,1,2025-04-16,1.94,28342.91,Gadu,11.71,Cleaned
476,5,2,2025-04-16,3.8,30221.85,Gadu,11.71,Cleaned
477,5,3,2025-04-16,3.59,27548.92,Gadu,11.71,Cleaned
478,5,4,2025-04-16,3.55,37642.23,Gadu,11.71,Cleaned
479,5,5,2025-04-16,1.0,26943.74,Gadu,11.71,Cleaned
480,5,6,2025-04-16,1.0,30006.08,Gadu,11.71,Cleaned
481,1,1,2025-04-23,19.08,30305.14,Gadu,70.35,Cleaned
482,1,2,2025-04-23,18.11,27521.92,Gadu,70.35,Cleaned
483,1,3,2025-04-23,8.81,28558.52,Gadu,70.35,Cleaned
484,1,4,2025-04-23,8.59,36563.94,Gadu,70.35,Cleaned
485,1,5,2025-04-23,4.93,23600.92,Gadu,70.35,Cleaned
486,1,6,2025-04-23,2.7,28507.92,Gadu,70.35,Cleaned
487,2,1,2025-04-23,11.34,30554.45,Gadu,70.35,Cleaned
488,2,2,2025-04-23,14.73,31948.09,Gadu,70.35,Cleaned
489,2,3,2025-04-23,12.35,30394.39,Gadu,70.35,Cleaned
490,2,4,2025-04-23,8.72,33369.2,Gadu,70.35,Cleaned
491,2,5,2025-04-23,5.55,25792.26,Gadu,70.35,Cleaned
492,2,6,2025-04-23,2.79,29428.2,Gadu,70.35,Cleaned
493,3,1,2025-04-23,18.82,32022.08,Gadu,70.35,Cleaned
494,3,2,2025-04-23,17.47,31184.83,Gadu,70.35,Cleaned
495,3,3,2025-04-23,11.99,31516.3,Gadu,70.35,Cleaned
496,3,4,2025-04-23,11.54,32610.24,Gadu,70.35,Cleaned
497,3,5,2025-04-23,5.2,26217.54,Gadu,70.35,Cleaned
498,3,6,2025-04-23,2.47,25634.18,Gadu,70.35,Cleaned
499,4,1,2025-04-23,18.84,30044.81,Gadu,70.35,Cleaned
500,4,2,2025-04-23,16.93,27038.32,Gadu,70.35,Cleaned
501,4,3,2025-04-23,11.77,32887.12,Gadu,70.35,Cleaned
502,4,4,2025-04-23,8.35,35922.69,Gadu,70.35,Cleaned
503,4,5,2025-04-23,5.85,25199.93,Gadu,70.35,Cleaned
504,4,6,2025-04-23,2.32,29039.15,Gadu,70.35,Cleaned
505,5,1,2025-04-23,18.55,30247.6,Gadu,70.35,Cleaned
506,5,2,2025-04-23,15.54,32777.95,Gadu,70.35,Cleaned
507,5,3,2025-04-23,12.22,32592.17,Gadu,70.35,Cleaned
508,5,4,2025-04-23,8.4,32217.57,Gadu,70.35,Cleaned
509,5,5,2025-04-23,5.51,22839.19,Gadu,70.35,Cleaned
510,5,6,2025-04-23,2.82,26405.3,Gadu,70.35,Cleaned
511,1,1,2025-04-30,15.53,29075.3,Gadu,59.57,Cleaned
512,1,2,2025-04-30,12.54,30725.49,Gadu,59.57,Cleaned
513,1,3,2025-04-30,8.52,31549.58,Gadu,59.57,Cleaned
514,1,4,2025-04-30,8.8,31672.11,Gadu,59.57,Cleaned
515,1,5,2025-04-30,5.49,25916.48,Gadu,59.57,Cleaned
516,1,6,2025-04-30,2.27,27202.46,Gadu,59.57,Cleaned
517,2,1,2025-04-30,12.49,27981.74,Gadu,59.57,Cleaned
518,2,2,2025-04-30,9.94,31768.86,Gadu,59.57,Cleaned
519,2,3,2025-04-30,7.99,27494.29,Gadu,59.57,Cleaned
520,2,4,2025-04-30,9.15,36263.5,Gadu,59.57,Cleaned
521,2,5,2025-04-30,3.84,27254.32,Gadu,59.57,Cleaned
522,2,6,2025-04-30,2.54,25580.82,Gadu,59.57,Cleaned
523,3,1,2025-04-30,16.52,29518.36,Gadu,59.57,Cleaned
524,3,2,2025-04-30,13.58,30831.16,Gadu,59.57,Cleaned
525,3,3,2025-04-30,7.4,32903.87,Gadu,59.57,Cleaned
526,3,4,2025-04-30,7.67,34365.34,Gadu,59.57,Cleaned
527,3,5,2025-04-30,4.44,23565.52,Gadu,59.57,Cleaned
528,3,6,2025-04-30,2.39,24921.24,Gadu,59.57,Cleaned
529,4,1,2025-04-30,12.87,32186.15,Gadu,59.57,Cleaned
530,4,2,2025-04-30,16.25,29839.26,Gadu,59.57,Cleaned
531,4,3,2025-04-30,9.56,31625.53,Gadu,59.57,Cleaned
532,4,4,2025-04-30,8.88,37413.48,Gadu,59.57,Cleaned
533,4,5,2025-04-30,4.95,23156.22,Gadu,59.57,Cleaned
534,4,6,2025-04-30,2.67,24928.89,Gadu,59.57,Cleaned
535,5,1,2025-04-30,15.65,31779.22,Gadu,59.57,Cleaned
536,5,2,2025-04-30,14.97,29889.13,Gadu,59.57,Cleaned
537,5,3,2025-04-30,8.38,28203.15,Gadu,59.57,Cleaned
538,5,4,2025-04-30,10.31,34941.16,Gadu,59.57,Cleaned
539,5,5,2025-04-30,4.66,23844.97,Gadu,59.57,Cleaned
540,5,6,2025-04-30,2.09,29136.58,Gadu,59.57,Cleaned
541,1,1,2025-05-07,7.6,27434.68,Gadu,31.73,Cleaned
542,1,2,2025-05-07,7.28,29354.96,Gadu,31.73,Cleaned
543,1,3,2025-05-07,7.73,28749.98,Gadu,31.73,Cleaned
544,1,4,2025-05-07,3.95,36364.87,Gadu,31.73,Cleaned
545,1,5,2025-05-07,2.66,22698.09,Gadu,31.73,Cleaned
546,1,6,2025-05-07,1.36,27392.79,Gadu,31.73,Cleaned
547,2,1,2025-05-07,7.63,32919.98,Gadu,31.73,Cleaned
548,2,2,2025-05-07,6.62,27854.97,Gadu,31.73,Cleaned
549,2,3,2025-05-07,7.65,31214.79,Gadu,31.73,Cleaned
550,2,4,2025-05-07,4.45,35417.54,Gadu,31.73,Cleaned
551,2,5,2025-05-07,1.94,24253.13,Gadu,31.73,Cleaned
552,2,6,2025-05-07,1.23,24932.62,Gadu,31.73,Cleaned
553,3,1,2025-05-07,7.79,27796.29,Gadu,31.73,Cleaned
554,3,2,2025-05-07,6.06,30405.25,Gadu,31.73,Cleaned
555,3,3,2025-05-07,6.02,28200.9,Gadu,31.73,Cleaned
556,3,4,2025-05-07,5.13,32672.38,Gadu,31.73,Cleaned
557,3,5,2025-05-07,2.6,26032.38,Gadu,31.73,Cleaned
558,3,6,2025-05-07,1.0,24923.72,Gadu,31.73,Cleaned
559,4,1,2025-05-07,11.62,32225.81,Gadu,31.73,Cleaned
560,4,2,2025-05-07,7.94,31284.52,Gadu,31.73,Cleaned
561,4,3,2025-05-07,4.21,31888.95,Gadu,31.73,Cleaned
562,4,4,2025-05-07,5.63,32060.8,Gadu,31.73,Cleaned
563,4,5,2025-05-07,2.51,26586.49,Gadu,31.73,Cleaned
564,4,6,2025-05-07,1.49,27237.75,Gadu,31.73,Cleaned
565,5,1,2025-05-07,8.91,31389.54,Gadu,31.73,Cleaned
566,5,2,2025-05-07,11.1,27489.78,Gadu,31.73,Cleaned
567,5,3,2025-05-07,3.69,31738.19,Gadu,31.73,Cleaned
568,5,4,2025-05-07,3.91,36110.95,Gadu,31.73,Cleaned
569,5,5,2025-05-07,4.15,26096.01,Gadu,31.73,Cleaned
570,5,6,2025-05-07,1.19,26006.5,Gadu,31.73,Cleaned
571,1,1,2025-05-14,20.52,28197.25,Gadu,79.74,Cleaned
572,1,2,2025-05-14,18.61,31081.37,Gadu,79.74,Cleaned
573,1,3,2025-05-14,11.97,32209.64,Gadu,79.74,Cleaned
574,1,4,2025-05-14,9.48,36590.18,Gadu,79.74,Cleaned
575,1,5,2025-05-14,5.86,24229.67,Gadu,79.74,Cleaned
576,1,6,2025-05-14,3.52,26790.71,Gadu,79.74,Cleaned
577,2,1,2025-05-14,20.88,29631.69,Gadu,79.74,Cleaned
578,2,2,2025-05-14,20.21,31351.55,Gadu,79.74,Cleaned
579,2,3,2025-05-14,13.51,32404.21,Gadu,79.74,Cleaned
580,2,4,2025-05-14,11.2,34452.05,Gadu,79.74,Cleaned
581,2,5,2025-05-14,6.51,27061.82,Gadu,79.74,Cleaned
582,2,6,2025-05-14,2.61,25908.64,Gadu,79.74,Cleaned
583,3,1,2025-05-14,23.29,31398.68,Gadu,79.74,Cleaned
584,3,2,2025-05-14,20.79,27789.41,Gadu,79.74,Cleaned
585,3,3,2025-05-14,12.84,28078.1,Gadu,79.74,Cleaned
586,3,4,2025-05-14,11.52,33162.8,Gadu,79.74,Cleaned
587,3,5,2025-05-14,6.12,23736.16,Gadu,79.74,Cleaned
588,3,6,2025-05-14,3.41,29539.12,Gadu,79.74,Cleaned
589,4,1,2025-05-14,21.93,29155.4,Gadu,79.74,Cleaned
590,4,2,2025-05-14,13.47,30557.71,Gadu,79.74,Cleaned
591,4,3,2025-05-14,11.85,32816.47,Gadu,79.74,Cleaned
592,4,4,2025-05-14,10.06,33306.93,Gadu,79.74,Cleaned
593,4,5,2025-05-14,5.39,26367.37,Gadu,79.74,Cleaned
594,4,6,2025-05-14,3.4,25469.81,Gadu,79.74,Cleaned
595,5,1,2025-05-14,20.36,28416.3,Gadu,79.74,Cleaned
596,5,2,2025-05-14,19.23,27440.98,Gadu,79.74,Cleaned
597,5,3,2025-05-14,12.36,29022.02,Gadu,79.74,Cleaned
598,5,4,2025-05-14,9.89,37302.18,Gadu,79.74,Cleaned
599,5,5,2025-05-14,5.24,25585.72,Gadu,79.74,Cleaned
600,5,6,2025-05-14,2.94,28637.27,Gadu,79.74,Cleaned
601,1,1,2025-05-21,7.19,29847.79,Gadu,21.69,Cleaned
602,1,2,2025-05-21,7.12,32065.02,Gadu,21.69,Cleaned
603,1,3,2025-05-21,3.76,32209.63,Gadu,21.69,Cleaned
604,1,4,2025-05-21,4.43,32940.89,Gadu,21.69,Cleaned
605,1,5,2025-05-21,1.48,22785.43,Gadu,21.69,Cleaned
606,1,6,2025-05-21,1.0,27671.43,Gadu,21.69,Cleaned
607,2,1,2025-05-21,5.31,32603.25,Gadu,21.69,Cleaned
608,2,2,2025-05-21,3.21,28896.94,Gadu,21.69,Cleaned
609,2,3,2025-05-21,2.66,27890.06,Gadu,21.69,Cleaned
610,2,4,2025-05-21,3.07,38406.41,Gadu,21.69,Cleaned
611,2,5,2025-05-21,1.75,26839.59,Gadu,21.69,Cleaned
612,2,6,2025-05-21,1.0,27251.07,Gadu,21.69,Cleaned
613,3,1,2025-05-21,1.52,31001.19,Gadu,21.69,Cleaned
614,3,2,2025-05-21,10.09,27837.91,Gadu,21.69,Cleaned
615,3,3,2025-05-21,2.25,31040.59,Gadu,21.69,Cleaned
616,3,4,2025-05-21,3.74,38289.38,Gadu,21.69,Cleaned
617,3,5,2025-05-21,1.83,24718.75,Gadu,21.69,Cleaned
618,3,6,2025-05-21,1.0,29524.78,Gadu,21.69,Cleaned
619,4,1,2025-05-21,6.61,32028.69,Gadu,21.69,Cleaned
620,4,2,2025-05-21,3.42,32667.69,Gadu,21.69,Cleaned
621,4,3,2025-05-21,3.3,30707.08,Gadu,21.69,Cleaned
622,4,4,2025-05-21,5.18,37582.33,Gadu,21.69,Cleaned
623,4,5,2025-05-21,1.41,27154.74,Gadu,21.69,Cleaned
624,4,6,2025-05-21,1.0,28542.4,Gadu,21.69,Cleaned
625,5,1,2025-05-21,3.49,30953.31,Gadu,21.69,Cleaned
626,5,2,2025-05-21,6.16,29363.19,Gadu,21.69,Cleaned
627,5,3,2025-05-21,2.45,30947.07,Gadu,21.69,Cleaned
628,5,4,2025-05-21,3.37,38495.9,Gadu,21.69,Cleaned
629,5,5,2025-05-21,2.25,26411.93,Gadu,21.69,Cleaned
630,5,6,2025-05-21,1.0,27868.59,Gadu,21.69,Cleaned
631,1,1,2025-05-28,15.35,28962.2,Gadu,61.69,Cleaned
632,1,2,2025-05-28,15.9,31005.56,Gadu,61.69,Cleaned
633,1,3,2025-05-28,10.18,31786.88,Gadu,61.69,Cleaned
634,1,4,2025-05-28,9.44,34549.08,Gadu,61.69,Cleaned
635,1,5,2025-05-28,4.66,25222.45,Gadu,61.69,Cleaned
636,1,6,2025-05-28,2.41,24781.67,Gadu,61.69,Cleaned
637,2,1,2025-05-28,13.71,29377.04,Gadu,61.69,Cleaned
638,2,2,2025-05-28,11.74,31172.8,Gadu,61.69,Cleaned
639,2,3,2025-05-28,8.35,28425.26,Gadu,61.69,Cleaned
640,2,4,2025-05-28,6.42,34112.76,Gadu,61.69,Cleaned
641,2,5,2025-05-28,5.69,25597.45,Gadu,61.69,Cleaned
642,2,6,2025-05-28,2.66,27299.22,Gadu,61.69,Cleaned
643,3,1,2025-05-28,17.71,30114.49,Gadu,61.69,Cleaned
644,3,2,2025-05-28,13.67,29875.09,Gadu,61.69,Cleaned
645,3,3,2025-05-28,7.89,30481.03,Gadu,61.69,Cleaned
646,3,4,2025-05-28,6.96,35235.22,Gadu,61.69,Cleaned
647,3,5,2025-05-28,5.54,26564.93,Gadu,61.69,Cleaned
648,3,6,2025-05-28,2.54,28699.68,Gadu,61.69,Cleaned
649,4,1,2025-05-28,17.28,28460.89,Gadu,61.69,Cleaned
650,4,2,2025-05-28,14.72,32562.21,Gadu,61.69,Cleaned
651,4,3,2025-05-28,8.62,29915.23,Gadu,61.69,Cleaned
652,4,4,2025-05-28,8.4,33297.44,Gadu,61.69,Cleaned
653,4,5,2025-05-28,4.18,26515.13,Gadu,61.69,Cleaned
654,4,6,2025-05-28,2.05,27715.39,Gadu,61.69,Cleaned
655,5,1,2025-05-28,17.58,31296.9,Gadu,61.69,Cleaned
656,5,2,2025-05-28,11.52,28635.74,Gadu,61.69,Cleaned
657,5,3,2025-05-28,8.36,28086.9,Gadu,61.69,Cleaned
658,5,4,2025-05-28,8.46,36267.82,Gadu,61.69,Cleaned
659,5,5,2025-05-28,4.81,26045.23,Gadu,61.69,Cleaned
660,5,6,2025-05-28,1.99,25337.82,Gadu,61.69,Cleaned
661,1,1,2025-06-04,15.43,30301.36,Gadu,49.71,Cleaned
662,1,2,2025-06-04,11.34,27260.48,Gadu,49.71,Cleaned
663,1,3,2025-06-04,8.19,30609.67,Gadu,49.71,Cleaned
664,1,4,2025-06-04,7.16,37234.32,Gadu,49.71,Cleaned
665,1,5,2025-06-04,3.66,23560.22,Gadu,49.71,Cleaned
666,1,6,2025-06-04,2.03,28110.4,Gadu,49.71,Cleaned
667,2,1,2025-06-04,14.96,32400.14,Gadu,49.71,Cleaned
668,2,2,2025-06-04,10.95,29120.53,Gadu,49.71,Cleaned
669,2,3,2025-06-04,8.51,28648.84,Gadu,49.71,Cleaned
670,2,4,2025-06-04,6.27,37258.3,Gadu,49.71,Cleaned
671,2,5,2025-06-04,4.87,22977.68,Gadu,49.71,Cleaned
672,2,6,2025-06-04,1.67,28181.23,Gadu,49.71,Cleaned
673,3,1,2025-06-04,17.02,28008.09,Gadu,49.71,Cleaned
674,3,2,2025-06-04,9.33,31421.24,Gadu,49.71,Cleaned
675,3,3,2025-06-04,7.24,27574.29,Gadu,49.71,Cleaned
676,3,4,2025-06-04,7.49,31665.47,Gadu,49.71,Cleaned
677,3,5,2025-06-04,4.53,25233.49,Gadu,49.71,Cleaned
678,3,6,2025-06-04,2.38,26025.71,Gadu,49.71,Cleaned
679,4,1,2025-06-04,15.55,29980.6,Gadu,49.71,Cleaned
680,4,2,2025-06-04,8.55,32926.71,Gadu,49.71,Cleaned
681,4,3,2025-06-04,8.13,29425.91,Gadu,49.71,Cleaned
682,4,4,2025-06-04,6.19,34497.4,Gadu,49.71,Cleaned
683,4,5,2025-06-04,4.39,27456.28,Gadu,49.71,Cleaned
684,4,6,2025-06-04,2.23,25456.17,Gadu,49.71,Cleaned
685,5,1,2025-06-04,13.33,30470.32,Gadu,49.71,Cleaned
686,5,2,2025-06-04,10.55,28644.96,Gadu,49.71,Cleaned
687,5,3,2025-06-04,6.38,29129.98,Gadu,49.71,Cleaned
688,5,4,2025-06-04,6.26,31985.97,Gadu,49.71,Cleaned
689,5,5,2025-06-04,3.39,26501.78,Gadu,49.71,Cleaned
690,5,6,2025-06-04,1.92,26035.42,Gadu,49.71,Cleaned
691,1,1,2025-06-11,12.89,30197.75,Gadu,47.8,Cleaned
692,1,2,2025-06-11,12.47,28946.0,Gadu,47.8,Cleaned
693,1,3,2025-06-11,8.77,32964.84,Gadu,47.8,Cleaned
694,1,4,2025-06-11,5.46,36132.87,Gadu,47.8,Cleaned
695,1,5,2025-06-11,4.64,24826.03,Gadu,47.8,Cleaned
696,1,6,2025-06-11,1.96,25080.78,Gadu,47.8,Cleaned
697,2,1,2025-06-11,13.33,28051.82,Gadu,47.8,Cleaned
698,2,2,2025-06-11,11.16,31140.03,Gadu,47.8,Cleaned
699,2,3,2025-06-11,7.55,27580.06,Gadu,47.8,Cleaned
700,2,4,2025-06-11,5.25,34652.6,Gadu,47.8,Cleaned
701,2,5,2025-06-11,3.25,25824.56,Gadu,47.8,Cleaned
702,2,6,2025-06-11,2.2,29124.97,Gadu,47.8,Cleaned
703,3,1,2025-06-11,10.16,32954.9,Gadu,47.8,Cleaned
704,3,2,2025-06-11,10.48,32562.01,Gadu,47.8,Cleaned
705,3,3,2025-06-11,8.75,30125.75,Gadu,47.8,Cleaned
706,3,4,2025-06-11,6.89,35865.1,Gadu,47.8,Cleaned
707,3,5,2025-06-11,3.79,23138.57,Gadu,47.8,Cleaned
708,3,6,2025-06-11,1.75,29293.37,Gadu,47.8,Cleaned
709,4,1,2025-06-11,13.62,27216.96,Gadu,47.8,Cleaned
710,4,2,2025-06-11,12.69,28818.77,Gadu,47.8,Cleaned
711,4,3,2025-06-11,6.45,27525.86,Gadu,47.8,Cleaned
712,4,4,2025-06-11,5.33,38058.7,Gadu,47.8,Cleaned
713,4,5,2025-06-11,2.62,24484.91,Gadu,47.8,Cleaned
714,4,6,2025-06-11,1.98,27209.61,Gadu,47.8,Cleaned
715,5,1,2025-06-11,13.0,32516.35,Gadu,47.8,Cleaned
716,5,2,2025-06-11,15.35,29981.78,Gadu,47.8,Cleaned
717,5,3,2025-06-11,7.45,29283.74,Gadu,47.8,Cleaned
718,5,4,2025-06-11,6.64,37645.82,Gadu,47.8,Cleaned
719,5,5,2025-06-11,3.83,26450.15,Gadu,47.8,Cleaned
720,5,6,2025-06-11,1.93,26425.74,Gadu,47.8,Cleaned
721,1,1,2025-06-18,1.73,31169.71,Gadu,15.66,Cleaned
722,1,2,2025-06-18,3.0,29076.6,Gadu,15.66,Cleaned
723,1,3,2025-06-18,2.47,31934.88,Gadu,15.66,Cleaned
724,1,4,2025-06-18,2.39,32427.67,Gadu,15.66,Cleaned
725,1,5,2025-06-18,2.63,26324.05,Gadu,15.66,Cleaned
726,1,6,2025-06-18,1.0,25711.61,Gadu,15.66,Cleaned
727,2,1,2025-06-18,1.0,27878.24,Gadu,15.66,Cleaned
728,2,2,2025-06-18,3.72,29205.21,Gadu,15.66,Cleaned
729,2,3,2025-06-18,3.0,29594.99,Gadu,15.66,Cleaned
730,2,4,2025-06-18,2.27,33682.71,Gadu,15.66,Cleaned
731,2,5,2025-06-18,1.0,23028.32,Gadu,15.66,Cleaned
732,2,6,2025-06-18,1.0,28274.54,Gadu,15.66,Cleaned
733,3,1,2025-06-18,5.05,30901.21,Gadu,15.66,Cleaned
734,3,2,2025-06-18,1.39,27912.15,Gadu,15.66,Cleaned
735,3,3,2025-06-18,1.61,32969.2,Gadu,15.66,Cleaned
736,3,4,2025-06-18,2.14,31904.46,Gadu,15.66,Cleaned
737,3,5,2025-06-18,1.0,23106.92,Gadu,15.66,Cleaned
738,3,6,2025-06-18,1.0,26418.01,Gadu,15.66,Cleaned
739,4,1,2025-06-18,4.6,27373.75,Gadu,15.66,Cleaned
740,4,2,2025-06-18,2.53,30056.53,Gadu,15.66,Cleaned
741,4,3,2025-06-18,1.0,30743.38,Gadu,15.66,Cleaned
742,4,4,2025-06-18,3.17,35189.29,Gadu,15.66,Cleaned
743,4,5,2025-06-18,1.0,26933.02,Gadu,15.66,Cleaned
744,4,6,2025-06-18,1.0,27223.82,Gadu,15.66,Cleaned
745,5,1,2025-06-18,3.04,29484.78,Gadu,15.66,Cleaned
746,5,2,2025-06-18,1.59,31965.23,Gadu,15.66,Cleaned
747,5,3,2025-06-18,3.42,27066.19,Gadu,15.66,Cleaned
748,5,4,2025-06-18,3.01,34413.08,Gadu,15.66,Cleaned
749,5,5,2025-06-18,1.0,23799.07,Gadu,15.66,Cleaned
750,5,6,2025-06-18,1.0,28931.59,Gadu,15.66,Cleaned
751,1,1,2025-06-25,2.18,27072.72,Gadu,19.6,Cleaned
752,1,2,2025-06-25,4.84,28447.21,Gadu,19.6,Cleaned
753,1,3,2025-06-25,3.0,27658.42,Gadu,19.6,Cleaned
754,1,4,2025-06-25,3.38,35335.72,Gadu,19.6,Cleaned
755,1,5,2025-06-25,2.2,22990.41,Gadu,19.6,Cleaned
756,1,6,2025-06-25,1.0,27435.33,Gadu,19.6,Cleaned
757,2,1,2025-06-25,4.17,31424.14,Gadu,19.6,Cleaned
758,2,2,2025-06-25,2.99,29856.11,Gadu,19.6,Cleaned
759,2,3,2025-06-25,1.43,29756.68,Gadu,19.6,Cleaned
760,2,4,2025-06-25,1.06,36995.12,Gadu,19.6,Cleaned
761,2,5,2025-06-25,1.12,25940.67,Gadu,19.6,Cleaned
762,2,6,2025-06-25,1.05,27156.82,Gadu,19.6,Cleaned
763,3,1,2025-06-25,6.33,27230.56,Gadu,19.6,Cleaned
764,3,2,2025-06-25,3.68,32410.57,Gadu,19.6,Cleaned
765,3,3,2025-06-25,5.5,30956.12,Gadu,19.6,Cleaned
766,3,4,2025-06-25,2.12,37765.82,Gadu,19.6,Cleaned
767,3,5,2025-06-25,2.26,22833.26,Gadu,19.6,Cleaned
768,3,6,2025-06-25,1.2,27601.24,Gadu,19.6,Cleaned
769,4,1,2025-06-25,5.91,30073.33,Gadu,19.6,Cleaned
770,4,2,2025-06-25,3.35,31081.37,Gadu,19.6,Cleaned
771,4,3,2025-06-25,2.59,27427.54,Gadu,19.6,Cleaned
772,4,4,2025-06-25,2.96,31584.76,Gadu,19.6,Cleaned
773,4,5,2025-06-25,1.0,24248.52,Gadu,19.6,Cleaned
774,4,6,2025-06-25,1.0,29010.59,Gadu,19.6,Cleaned
775,5,1,2025-06-25,3.01,28044.66,Gadu,19.6,Cleaned
776,5,2,2025-06-25,5.45,27590.37,Gadu,19.6,Cleaned
777,5,3,2025-06-25,4.38,28590.28,Gadu,19.6,Cleaned
778,5,4,2025-06-25,3.52,31646.61,Gadu,19.6,Cleaned
779,5,5,2025-06-25,2.08,25623.32,Gadu,19.6,Cleaned
780,5,6,2025-06-25,1.0,26850.67,Gadu,19.6,Cleaned
781,1,1,2025-07-02,18.64,31647.8,Bera,70.57,Cleaned
782,1,2,2025-07-02,14.68,30863.43,Bera,70.57,Cleaned
783,1,3,2025-07-02,10.18,32810.93,Bera,70.57,Cleaned
784,1,4,2025-07-02,9.99,37091.0,Bera,70.57,Cleaned
785,1,5,2025-07-02,6.27,26240.37,Bera,70.57,Cleaned
786,1,6,2025-07-02,3.23,29214.73,Bera,70.57,Cleaned
787,2,1,2025-07-02,16.45,29029.61,Bera,70.57,Cleaned
788,2,2,2025-07-02,16.91,32568.5,Bera,70.57,Cleaned
789,2,3,2025-07-02,10.17,29592.46,Bera,70.57,Cleaned
790,2,4,2025-07-02,8.6,34575.83,Bera,70.57,Cleaned
791,2,5,2025-07-02,5.76,23703.46,Bera,70.57,Cleaned
792,2,6,2025-07-02,2.76,25418.26,Bera,70.57,Cleaned
793,3,1,2025-07-02,18.5,30874.86,Bera,70.57,Cleaned
794,3,2,2025-07-02,16.0,28715.44,Bera,70.57,Cleaned
795,3,3,2025-07-02,11.21,32079.09,Bera,70.57,Cleaned
796,3,4,2025-07-02,10.23,37932.49,Bera,70.57,Cleaned
797,3,5,2025-07-02,5.91,24802.7,Bera,70.57,Cleaned
798,3,6,2025-07-02,2.48,29380.99,Bera,70.57,Cleaned
799,4,1,2025-07-02,19.8,30936.97,Bera,70.57,Cleaned
800,4,2,2025-07-02,17.56,28064.57,Bera,70.57,Cleaned
801,4,3,2025-07-02,11.23,32624.33,Bera,70.57,Cleaned
802,4,4,2025-07-02,9.98,31802.22,Bera,70.57,Cleaned
803,4,5,2025-07-02,5.37,26129.9,Bera,70.57,Cleaned
804,4,6,2025-07-02,2.69,29247.82,Bera,70.57,Cleaned
805,5,1,2025-07-02,18.15,32044.22,Bera,70.57,Cleaned
806,5,2,2025-07-02,13.7,31396.81,Bera,70.57,Cleaned
807,5,3,2025-07-02,13.51,30050.16,Bera,70.57,Cleaned
808,5,4,2025-07-02,11.09,33582.84,Bera,70.57,Cleaned
809,5,5,2025-07-02,6.47,26866.61,Bera,70.57,Cleaned
810,5,6,2025-07-02,2.89,28249.6,Bera,70.57,Cleaned
811,1,1,2025-07-09,32.07,27055.99,Bera,126.11,Cleaned
812,1,2,2025-07-09,26.98,28480.07,Bera,126.11,Cleaned
813,1,3,2025-07-09,19.16,31800.43,Bera,126.11,Cleaned
814,1,4,2025-07-09,16.89,32928.25,Bera,126.11,Cleaned
815,1,5,2025-07-09,10.66,25579.93,Bera,126.11,Cleaned
816,1,6,2025-07-09,4.96,25784.14,Bera,126.11,Cleaned
817,2,1,2025-07-09,34.64,30325.36,Bera,126.11,Cleaned
818,2,2,2025-07-09,28.05,27031.38,Bera,126.11,Cleaned
819,2,3,2025-07-09,18.5,32748.44,Bera,126.11,Cleaned
820,2,4,2025-07-09,18.47,34075.59,Bera,126.11,Cleaned
821,2,5,2025-07-09,9.19,24028.02,Bera,126.11,Cleaned
822,2,6,2025-07-09,4.72,29571.58,Bera,126.11,Cleaned
823,3,1,2025-07-09,35.66,32317.17,Bera,126.11,Cleaned
824,3,2,2025-07-09,28.41,30558.27,Bera,126.11,Cleaned
825,3,3,2025-07-09,17.76,31173.71,Bera,126.11,Cleaned
826,3,4,2025-07-09,15.92,31522.53,Bera,126.11,Cleaned
827,3,5,2025-07-09,8.82,26470.99,Bera,126.11,Cleaned
828,3,6,2025-07-09,5.21,25261.45,Bera,126.11,Cleaned
829,4,1,2025-07-09,31.27,30853.95,Bera,126.11,Cleaned
830,4,2,2025-07-09,33.53,27389.12,Bera,126.11,Cleaned
831,4,3,2025-07-09,21.18,30363.96,Bera,126.11,Cleaned
832,4,4,2025-07-09,19.91,35724.41,Bera,126.11,Cleaned
833,4,5,2025-07-09,10.29,23849.1,Bera,126.11,Cleaned
834,4,6,2025-07-09,5.02,29287.77,Bera,126.11,Cleaned
835,5,1,2025-07-09,30.76,27351.31,Bera,126.11,Cleaned
836,5,2,2025-07-09,29.1,29005.43,Bera,126.11,Cleaned
837,5,3,2025-07-09,20.21,31731.69,Bera,126.11,Cleaned
838,5,4,2025-07-09,18.8,35120.88,Bera,126.11,Cleaned
839,5,5,2025-07-09,9.04,24140.96,Bera,126.11,Cleaned
840,5,6,2025-07-09,4.79,27137.11,Bera,126.11,Cleaned
841,1,1,2025-07-16,16.02,31413.98,Bera,58.86,Cleaned
842,1,2,2025-07-16,11.22,32990.09,Bera,58.86,Cleaned
843,1,3,2025-07-16,9.27,29527.49,Bera,58.86,Cleaned
844,1,4,2025-07-16,8.91,35953.24,Bera,58.86,Cleaned
845,1,5,2025-07-16,4.33,24549.52,Bera,58.86,Cleaned
846,1,6,2025-07-16,2.34,29368.91,Bera,58.86,Cleaned
847,2,1,2025-07-16,17.4,30526.62,Bera,58.86,Cleaned
848,2,2,2025-07-16,10.23,28106.86,Bera,58.86,Cleaned
849,2,3,2025-07-16,7.43,27157.18,Bera,58.86,Cleaned
850,2,4,2025-07-16,7.06,31669.34,Bera,58.86,Cleaned
851,2,5,2025-07-16,4.22,25090.39,Bera,58.86,Cleaned
852,2,6,2025-07-16,2.49,26392.99,Bera,58.86,Cleaned
853,3,1,2025-07-16,17.08,32051.6,Bera,58.86,Cleaned
854,3,2,2025-07-16,13.25,28116.61,Bera,58.86,Cleaned
855,3,3,2025-07-16,8.83,29897.81,Bera,58.86,Cleaned
856,3,4,2025-07-16,9.77,32434.36,Bera,58.86,Cleaned
857,3,5,2025-07-16,4.65,24982.31,Bera,58.86,Cleaned
858,3,6,2025-07-16,2.15,27152.68,Bera,58.86,Cleaned
859,4,1,2025-07-16,16.82,27953.45,Bera,58.86,Cleaned
860,4,2,2025-07-16,14.93,30661.35,Bera,58.86,Cleaned
861,4,3,2025-07-16,9.51,30941.73,Bera,58.86,Cleaned
862,4,4,2025-07-16,7.69,38196.3,Bera,58.86,Cleaned
863,4,5,2025-07-16,3.96,23734.89,Bera,58.86,Cleaned
864,4,6,2025-07-16,2.01,29734.4,Bera,58.86,Cleaned
865,5,1,2025-07-16,13.48,31556.39,Bera,58.86,Cleaned
866,5,2,2025-07-16,11.99,29698.44,Bera,58.86,Cleaned
867,5,3,2025-07-16,8.45,27375.92,Bera,58.86,Cleaned
868,5,4,2025-07-16,8.29,37845.06,Bera,58.86,Cleaned
869,5,5,2025-07-16,4.59,24555.48,Bera,58.86,Cleaned
870,5,6,2025-07-16,1.94,26660.39,Bera,58.86,Cleaned
871,1,1,2025-07-23,36.02,32620.93,Bera,139.98,Cleaned
872,1,2,2025-07-23,33.2,27313.55,Bera,139.98,Cleaned
873,1,3,2025-07-23,19.73,31384.93,Bera,139.98,Cleaned
874,1,4,2025-07-23,19.18,38369.08,Bera,139.98,Cleaned
875,1,5,2025-07-23,11.23,23490.49,Bera,139.98,Cleaned
876,1,6,2025-07-23,5.02,27859.32,Bera,139.98,Cleaned
877,2,1,2025-07-23,36.79,30651.16,Bera,139.98,Cleaned
878,2,2,2025-07-23,32.24,29097.04,Bera,139.98,Cleaned
879,2,3,2025-07-23,20.69,32103.7,Bera,139.98,Cleaned
880,2,4,2025-07-23,18.88,35428.56,Bera,139.98,Cleaned
881,2,5,2025-07-23,10.18,26800.7,Bera,139.98,Cleaned
882,2,6,2025-07-23,5.4,28725.48,Bera,139.98,Cleaned
883,3,1,2025-07-23,36.23,30261.23,Bera,139.98,Cleaned
884,3,2,2025-07-23,31.67,27490.35,Bera,139.98,Cleaned
885,3,3,2025-07-23,20.3,27994.65,Bera,139.98,Cleaned
886,3,4,2025-07-23,16.65,38119.89,Bera,139.98,Cleaned
887,3,5,2025-07-23,11.02,24811.48,Bera,139.98,Cleaned
888,3,6,2025-07-23,5.64,27014.71,Bera,139.98,Cleaned
889,4,1,2025-07-23,37.08,27373.64,Bera,139.98,Cleaned
890,4,2,2025-07-23,35.86,30075.02,Bera,139.98,Cleaned
891,4,3,2025-07-23,21.32,27311.74,Bera,139.98,Cleaned
892,4,4,2025-07-23,21.19,37003.95,Bera,139.98,Cleaned
893,4,5,2025-07-23,10.4,23323.53,Bera,139.98,Cleaned
894,4,6,2025-07-23,5.15,26566.18,Bera,139.98,Cleaned
895,5,1,2025-07-23,36.13,28229.29,Bera,139.98,Cleaned
896,5,2,2025-07-23,35.12,32266.98,Bera,139.98,Cleaned
897,5,3,2025-07-23,21.2,32909.94,Bera,139.98,Cleaned
898,5,4,2025-07-23,18.09,36904.09,Bera,139.98,Cleaned
899,5,5,2025-07-23,11.28,25193.51,Bera,139.98,Cleaned
900,5,6,2025-07-23,5.36,27487.97,Bera,139.98,Cleaned
901,1,1,2025-07-30,17.52,29282.52,Bera,60.55,Cleaned
902,1,2,2025-07-30,14.85,31653.67,Bera,60.55,Cleaned
903,1,3,2025-07-30,7.2,31757.13,Bera,60.55,Cleaned
904,1,4,2025-07-30,8.75,35543.15,Bera,60.55,Cleaned
905,1,5,2025-07-30,5.34,24479.85,Bera,60.55,Cleaned
906,1,6,2025-07-30,2.48,29783.0,Bera,60.55,Cleaned
907,2,1,2025-07-30,13.18,31175.39,Bera,60.55,Cleaned
908,2,2,2025-07-30,14.18,31759.57,Bera,60.55,Cleaned
909,2,3,2025-07-30,10.28,32436.86,Bera,60.55,Cleaned
910,2,4,2025-07-30,8.09,33438.33,Bera,60.55,Cleaned
911,2,5,2025-07-30,4.34,26969.95,Bera,60.55,Cleaned
912,2,6,2025-07-30,2.18,28348.61,Bera,60.55,Cleaned
913,3,1,2025-07-30,15.14,30691.79,Bera,60.55,Cleaned
914,3,2,2025-07-30,11.96,27500.78,Bera,60.55,Cleaned
915,3,3,2025-07-30,9.54,30031.24,Bera,60.55,Cleaned
916,3,4,2025-07-30,8.79,38269.89,Bera,60.55,Cleaned
917,3,5,2025-07-30,4.81,25839.6,Bera,60.55,Cleaned
918,3,6,2025-07-30,2.32,28240.69,Bera,60.55,Cleaned
919,4,1,2025-07-30,13.24,27075.65,Bera,60.55,Cleaned
920,4,2,2025-07-30,13.53,30358.53,Bera,60.55,Cleaned
921,4,3,2025-07-30,11.38,32341.55,Bera,60.55,Cleaned
922,4,4,2025-07-30,8.78,32055.85,Bera,60.55,Cleaned
923,4,5,2025-07-30,4.19,26790.89,Bera,60.55,Cleaned
924,4,6,2025-07-30,2.5,29254.85,Bera,60.55,Cleaned
925,5,1,2025-07-30,19.0,28886.1,Bera,60.55,Cleaned
926,5,2,2025-07-30,14.58,29827.01,Bera,60.55,Cleaned
927,5,3,2025-07-30,9.12,29146.79,Bera,60.55,Cleaned
928,5,4,2025-07-30,9.92,34959.49,Bera,60.55,Cleaned
929,5,5,2025-07-30,4.37,23368.81,Bera,60.55,Cleaned
930,5,6,2025-07-30,2.62,28666.08,Bera,60.55,Cleaned
931,1,1,2025-08-06,33.54,27851.83,Bera,132.6,Cleaned
932,1,2,2025-08-06,29.97,29087.65,Bera,132.6,Cleaned
933,1,3,2025-08-06,22.26,30906.89,Bera,132.6,Cleaned
934,1,4,2025-08-06,18.36,35846.5,Bera,132.6,Cleaned
935,1,5,2025-08-06,10.78,24856.44,Bera,132.6,Cleaned
936,1,6,2025-08-06,4.98,30135.08,Bera,132.6,Cleaned
937,2,1,2025-08-06,32.26,31057.07,Bera,132.6,Cleaned
938,2,2,2025-08-06,31.16,28950.62,Bera,132.6,Cleaned
939,2,3,2025-08-06,19.86,28049.29,Bera,132.6,Cleaned
940,2,4,2025-08-06,18.91,37490.16,Bera,132.6,Cleaned
941,2,5,2025-08-06,10.54,23896.38,Bera,132.6,Cleaned
942,2,6,2025-08-06,4.96,28285.85,Bera,132.6,Cleaned
943,3,1,2025-08-06,34.24,28831.86,Bera,132.6,Cleaned
944,3,2,2025-08-06,33.96,28275.87,Bera,132.6,Cleaned
945,3,3,2025-08-06,20.99,32227.23,Bera,132.6,Cleaned
946,3,4,2025-08-06,18.89,36862.45,Bera,132.6,Cleaned
947,3,5,2025-08-06,10.57,23801.43,Bera,132.6,Cleaned
948,3,6,2025-08-06,5.42,29739.57,Bera,132.6,Cleaned
949,4,1,2025-08-06,35.29,27665.94,Bera,132.6,Cleaned
950,4,2,2025-08-06,33.89,29682.33,Bera,132.6,Cleaned
951,4,3,2025-08-06,21.68,30279.89,Bera,132.6,Cleaned
952,4,4,2025-08-06,18.57,34162.8,Bera,132.6,Cleaned
953,4,5,2025-08-06,9.89,26199.52,Bera,132.6,Cleaned
954,4,6,2025-08-06,5.07,29799.42,Bera,132.6,Cleaned
955,5,1,2025-08-06,35.36,28753.31,Bera,132.6,Cleaned
956,5,2,2025-08-06,29.85,32464.62,Bera,132.6,Cleaned
957,5,3,2025-08-06,21.25,27108.04,Bera,132.6,Cleaned
958,5,4,2025-08-06,19.35,38239.67,Bera,132.6,Cleaned
959,5,5,2025-08-06,9.66,26646.97,Bera,132.6,Cleaned
960,5,6,2025-08-06,5.41,26298.37,Bera,132.6,Cleaned
961,1,1,2025-08-13,35.85,30244.19,Bera,137.28,Cleaned
962,1,2,2025-08-13,30.56,27579.21,Bera,137.28,Cleaned
963,1,3,2025-08-13,18.94,30590.14,Bera,137.28,Cleaned
964,1,4,2025-08-13,19.05,33580.66,Bera,137.28,Cleaned
965,1,5,2025-08-13,11.17,22740.71,Bera,137.28,Cleaned
966,1,6,2025-08-13,5.03,29715.92,Bera,137.28,Cleaned
967,2,1,2025-08-13,36.02,30559.33,Bera,137.28,Cleaned
968,2,2,2025-08-13,33.24,32353.81,Bera,137.28,Cleaned
969,2,3,2025-08-13,21.97,27208.02,Bera,137.28,Cleaned
970,2,4,2025-08-13,18.67,35579.65,Bera,137.28,Cleaned
971,2,5,2025-08-13,10.14,26656.87,Bera,137.28,Cleaned
972,2,6,2025-08-13,5.29,28044.38,Bera,137.28,Cleaned
973,3,1,2025-08-13,35.71,31975.72,Bera,137.28,Cleaned
974,3,2,2025-08-13,32.79,32273.87,Bera,137.28,Cleaned
975,3,3,2025-08-13,21.87,29582.56,Bera,137.28,Cleaned
976,3,4,2025-08-13,22.2,33718.63,Bera,137.28,Cleaned
977,3,5,2025-08-13,11.41,25509.62,Bera,137.28,Cleaned
978,3,6,2025-08-13,5.18,29658.88,Bera,137.28,Cleaned
979,4,1,2025-08-13,39.25,30787.85,Bera,137.28,Cleaned
980,4,2,2025-08-13,29.75,30550.18,Bera,137.28,Cleaned
981,4,3,2025-08-13,19.95,30074.18,Bera,137.28,Cleaned
982,4,4,2025-08-13,20.19,32229.57,Bera,137.28,Cleaned
983,4,5,2025-08-13,10.41,25761.12,Bera,137.28,Cleaned
984,4,6,2025-08-13,4.59,29977.92,Bera,137.28,Cleaned
985,5,1,2025-08-13,38.04,30037.6,Bera,137.28,Cleaned
986,5,2,2025-08-13,32.74,30804.62,Bera,137.28,Cleaned
987,5,3,2025-08-13,21.0,29171.12,Bera,137.28,Cleaned
988,5,4,2025-08-13,19.17,34807.45,Bera,137.28,Cleaned
989,5,5,2025-08-13,10.43,23480.49,Bera,137.28,Cleaned
990,5,6,2025-08-13,4.68,28109.29,Bera,137.28,Cleaned
991,1,1,2025-08-20,20.18,27033.03,Bera,78.07,Cleaned
992,1,2,2025-08-20,15.49,27045.98,Bera,78.07,Cleaned
993,1,3,2025-08-20,11.65,31815.51,Bera,78.07,Cleaned
994,1,4,2025-08-20,10.21,35504.34,Bera,78.07,Cleaned
995,1,5,2025-08-20,4.92,27158.77,Bera,78.07,Cleaned
996,1,6,2025-08-20,3.04,26933.58,Bera,78.07,Cleaned
997,2,1,2025-08-20,20.43,27683.03,Bera,78.07,Cleaned
998,2,2,2025-08-20,16.71,29071.34,Bera,78.07,Cleaned
999,2,3,2025-08-20,13.25,29961.28,Bera,78.07,Cleaned
1000,2,4,2025-08-20,11.03,36415.81,Bera,78.07,Cleaned
1001,2,5,2025-08-20,5.6,24609.14,Bera,78.07,Cleaned
1002,2,6,2025-08-20,2.57,27010.62,Bera,78.07,Cleaned
1003,3,1,2025-08-20,20.53,30647.43,Bera,78.07,Cleaned
1004,3,2,2025-08-20,18.9,28856.24,Bera,78.07,Cleaned
1005,3,3,2025-08-20,11.45,28545.64,Bera,78.07,Cleaned
1006,3,4,2025-08-20,11.17,31916.67,Bera,78.07,Cleaned
1007,3,5,2025-08-20,6.94,23072.44,Bera,78.07,Cleaned
1008,3,6,2025-08-20,3.26,26861.11,Bera,78.07,Cleaned
1009,4,1,2025-08-20,15.88,27726.15,Bera,78.07,Cleaned
1010,4,2,2025-08-20,16.77,29513.69,Bera,78.07,Cleaned
1011,4,3,2025-08-20,11.86,27481.08,Bera,78.07,Cleaned
1012,4,4,2025-08-20,11.09,33983.4,Bera,78.07,Cleaned
1013,4,5,2025-08-20,6.1,25893.35,Bera,78.07,Cleaned
1014,4,6,2025-08-20,3.13,26740.56,Bera,78.07,Cleaned
1015,5,1,2025-08-20,19.83,30816.58,Bera,78.07,Cleaned
1016,5,2,2025-08-20,18.05,32479.72,Bera,78.07,Cleaned
1017,5,3,2025-08-20,13.11,31343.84,Bera,78.07,Cleaned
1018,5,4,2025-08-20,11.31,32343.91,Bera,78.07,Cleaned
1019,5,5,2025-08-20,5.35,22558.53,Bera,78.07,Cleaned
1020,5,6,2025-08-20,3.03,27071.19,Bera,78.07,Cleaned
1021,1,1,2025-08-27,25.53,27262.43,Bera,79.5,Cleaned
1022,1,2,2025-08-27,17.51,27738.02,Bera,79.5,Cleaned
1023,1,3,2025-08-27,9.97,31375.04,Bera,79.5,Cleaned
1024,1,4,2025-08-27,11.99,36066.04,Bera,79.5,Cleaned
1025,1,5,2025-08-27,6.39,24649.66,Bera,79.5,Cleaned
1026,1,6,2025-08-27,3.3,28451.32,Bera,79.5,Cleaned
1027,2,1,2025-08-27,18.57,31733.91,Bera,79.5,Cleaned
1028,2,2,2025-08-27,16.45,29678.52,Bera,79.5,Cleaned
1029,2,3,2025-08-27,12.84,32145.37,Bera,79.5,Cleaned
1030,2,4,2025-08-27,11.73,37916.45,Bera,79.5,Cleaned
1031,2,5,2025-08-27,5.07,25410.99,Bera,79.5,Cleaned
1032,2,6,2025-08-27,2.86,26791.45,Bera,79.5,Cleaned
1033,3,1,2025-08-27,23.43,31130.43,Bera,79.5,Cleaned
1034,3,2,2025-08-27,19.7,29247.32,Bera,79.5,Cleaned
1035,3,3,2025-08-27,11.94,27855.56,Bera,79.5,Cleaned
1036,3,4,2025-08-27,9.93,37730.68,Bera,79.5,Cleaned
1037,3,5,2025-08-27,5.56,22627.24,Bera,79.5,Cleaned
1038,3,6,2025-08-27,2.93,28302.02,Bera,79.5,Cleaned
1039,4,1,2025-08-27,17.67,27430.27,Bera,79.5,Cleaned
1040,4,2,2025-08-27,20.45,29457.77,Bera,79.5,Cleaned
1041,4,3,2025-08-27,13.51,30634.68,Bera,79.5,Cleaned
1042,4,4,2025-08-27,9.96,34052.16,Bera,79.5,Cleaned
1043,4,5,2025-08-27,7.21,23202.76,Bera,79.5,Cleaned
1044,4,6,2025-08-27,2.92,27420.74,Bera,79.5,Cleaned
1045,5,1,2025-08-27,20.4,32784.1,Bera,79.5,Cleaned
1046,5,2,2025-08-27,17.52,29305.24,Bera,79.5,Cleaned
1047,5,3,2025-08-27,10.96,27140.11,Bera,79.5,Cleaned
1048,5,4,2025-08-27,10.83,36793.5,Bera,79.5,Cleaned
1049,5,5,2025-08-27,5.07,27000.42,Bera,79.5,Cleaned
1050,5,6,2025-08-27,2.96,25388.76,Bera,79.5,Cleaned
1051,1,1,2025-09-03,38.67,30617.66,Bera,145.59,Cleaned
1052,1,2,2025-09-03,33.02,31960.24,Bera,145.59,Cleaned
1053,1,3,2025-09-03,22.27,29313.07,Bera,145.59,Cleaned
1054,1,4,2025-09-03,21.01,33882.71,Bera,145.59,Cleaned
1055,1,5,2025-09-03,10.51,25268.56,Bera,145.59,Cleaned
1056,1,6,2025-09-03,5.64,27729.38,Bera,145.59,Cleaned
1057,2,1,2025-09-03,38.56,29642.65,Bera,145.59,Cleaned
1058,2,2,2025-09-03,34.46,28814.0,Bera,145.59,Cleaned
1059,2,3,2025-09-03,21.49,27345.89,Bera,145.59,Cleaned
1060,2,4,2025-09-03,19.88,33897.14,Bera,145.59,Cleaned
1061,2,5,2025-09-03,10.06,25402.34,Bera,145.59,Cleaned
1062,2,6,2025-09-03,5.82,25515.58,Bera,145.59,Cleaned
1063,3,1,2025-09-03,41.32,29933.39,Bera,145.59,Cleaned
1064,3,2,2025-09-03,32.01,29410.67,Bera,145.59,Cleaned
1065,3,3,2025-09-03,23.67,30723.96,Bera,145.59,Cleaned
1066,3,4,2025-09-03,22.6,32909.18,Bera,145.59,Cleaned
1067,3,5,2025-09-03,10.93,24877.73,Bera,145.59,Cleaned
1068,3,6,2025-09-03,5.57,27736.64,Bera,145.59,Cleaned
1069,4,1,2025-09-03,37.82,30200.32,Bera,145.59,Cleaned
1070,4,2,2025-09-03,34.41,32219.81,Bera,145.59,Cleaned
1071,4,3,2025-09-03,22.75,27748.92,Bera,145.59,Cleaned
1072,4,4,2025-09-03,20.12,37059.47,Bera,145.59,Cleaned
1073,4,5,2025-09-03,11.56,27220.21,Bera,145.59,Cleaned
1074,4,6,2025-09-03,5.49,25568.38,Bera,145.59,Cleaned
1075,5,1,2025-09-03,38.06,29900.44,Bera,145.59,Cleaned
1076,5,2,2025-09-03,33.55,32181.29,Bera,145.59,Cleaned
1077,5,3,2025-09-03,20.35,28714.7,Bera,145.59,Cleaned
1078,5,4,2025-09-03,21.87,32922.56,Bera,145.59,Cleaned
1079,5,5,2025-09-03,10.86,25056.38,Bera,145.59,Cleaned
1080,5,6,2025-09-03,6.0,27457.79,Bera,145.59,Cleaned
1081,1,1,2025-09-10,29.92,31587.17,Bera,107.73,Cleaned
1082,1,2,2025-09-10,24.28,30441.17,Bera,107.73,Cleaned
1083,1,3,2025-09-10,17.92,32358.54,Bera,107.73,Cleaned
1084,1,4,2025-09-10,14.98,31937.2,Bera,107.73,Cleaned
1085,1,5,2025-09-10,8.21,25052.16,Bera,107.73,Cleaned
1086,1,6,2025-09-10,4.43,28196.26,Bera,107.73,Cleaned
1087,2,1,2025-09-10,31.39,31336.24,Bera,107.73,Cleaned
1088,2,2,2025-09-10,24.44,31155.19,Bera,107.73,Cleaned
1089,2,3,2025-09-10,16.1,29152.29,Bera,107.73,Cleaned
1090,2,4,2025-09-10,14.4,37131.06,Bera,107.73,Cleaned
1091,2,5,2025-09-10,7.77,27287.24,Bera,107.73,Cleaned
1092,2,6,2025-09-10,3.95,24798.75,Bera,107.73,Cleaned
1093,3,1,2025-09-10,26.59,27085.89,Bera,107.73,Cleaned
1094,3,2,2025-09-10,26.34,31427.22,Bera,107.73,Cleaned
1095,3,3,2025-09-10,17.17,27857.1,Bera,107.73,Cleaned
1096,3,4,2025-09-10,15.95,36774.0,Bera,107.73,Cleaned
1097,3,5,2025-09-10,8.69,26330.58,Bera,107.73,Cleaned
1098,3,6,2025-09-10,4.48,29402.57,Bera,107.73,Cleaned
1099,4,1,2025-09-10,26.15,29925.77,Bera,107.73,Cleaned
1100,4,2,2025-09-10,25.23,27465.9,Bera,107.73,Cleaned
1101,4,3,2025-09-10,14.68,27396.06,Bera,107.73,Cleaned
1102,4,4,2025-09-10,13.47,33941.74,Bera,107.73,Cleaned
1103,4,5,2025-09-10,8.35,27238.44,Bera,107.73,Cleaned
1104,4,6,2025-09-10,4.1,25147.74,Bera,107.73,Cleaned
1105,5,1,2025-09-10,27.68,28797.39,Bera,107.73,Cleaned
1106,5,2,2025-09-10,25.91,27461.17,Bera,107.73,Cleaned
1107,5,3,2025-09-10,18.25,31242.52,Bera,107.73,Cleaned
1108,5,4,2025-09-10,15.2,31851.58,Bera,107.73,Cleaned
1109,5,5,2025-09-10,8.19,23976.45,Bera,107.73,Cleaned
1110,5,6,2025-09-10,3.94,26028.11,Bera,107.73,Cleaned
1111,1,1,2025-09-17,21.62,28928.97,Bera,78.1,Cleaned
1112,1,2,2025-09-17,17.69,29858.62,Bera,78.1,Cleaned
1113,1,3,2025-09-17,12.75,32873.89,Bera,78.1,Cleaned
1114,1,4,2025-09-17,9.7,35724.45,Bera,78.1,Cleaned
1115,1,5,2025-09-17,6.79,23114.6,Bera,78.1,Cleaned
1116,1,6,2025-09-17,2.63,29637.62,Bera,78.1,Cleaned
1117,2,1,2025-09-17,14.22,30515.19,Bera,78.1,Cleaned
1118,2,2,2025-09-17,18.34,30748.7,Bera,78.1,Cleaned
1119,2,3,2025-09-17,12.26,28451.59,Bera,78.1,Cleaned
1120,2,4,2025-09-17,10.49,36497.67,Bera,78.1,Cleaned
1121,2,5,2025-09-17,6.28,25262.5,Bera,78.1,Cleaned
1122,2,6,2025-09-17,3.15,27610.93,Bera,78.1,Cleaned
1123,3,1,2025-09-17,20.78,28628.46,Bera,78.1,Cleaned
1124,3,2,2025-09-17,17.14,29980.17,Bera,78.1,Cleaned
1125,3,3,2025-09-17,11.21,30777.35,Bera,78.1,Cleaned
1126,3,4,2025-09-17,10.58,31880.32,Bera,78.1,Cleaned
1127,3,5,2025-09-17,5.53,22500.67,Bera,78.1,Cleaned
1128,3,6,2025-09-17,3.33,27561.21,Bera,78.1,Cleaned
1129,4,1,2025-09-17,19.4,32036.03,Bera,78.1,Cleaned
1130,4,2,2025-09-17,18.29,27022.92,Bera,78.1,Cleaned
1131,4,3,2025-09-17,12.97,28897.62,Bera,78.1,Cleaned
1132,4,4,2025-09-17,10.1,32213.25,Bera,78.1,Cleaned
1133,4,5,2025-09-17,5.23,26713.56,Bera,78.1,Cleaned
1134,4,6,2025-09-17,2.77,26473.41,Bera,78.1,Cleaned
1135,5,1,2025-09-17,20.53,29602.9,Bera,78.1,Cleaned
1136,5,2,2025-09-17,18.36,32459.66,Bera,78.1,Cleaned
1137,5,3,2025-09-17,12.47,27535.74,Bera,78.1,Cleaned
1138,5,4,2025-09-17,10.9,36309.13,Bera,78.1,Cleaned
1139,5,5,2025-09-17,4.6,25663.56,Bera,78.1,Cleaned
1140,5,6,2025-09-17,2.97,28621.21,Bera,78.1,Cleaned
1141,1,1,2025-09-24,13.94,30998.31,Bera,50.44,Cleaned
1142,1,2,2025-09-24,10.23,32796.29,Bera,50.44,Cleaned
1143,1,3,2025-09-24,6.54,27632.19,Bera,50.44,Cleaned
1144,1,4,2025-09-24,8.23,36972.77,Bera,50.44,Cleaned
1145,1,5,2025-09-24,3.63,24300.25,Bera,50.44,Cleaned
1146,1,6,2025-09-24,1.98,30012.4,Bera,50.44,Cleaned
1147,2,1,2025-09-24,7.49,29746.2,Bera,50.44,Cleaned
1148,2,2,2025-09-24,11.67,28253.3,Bera,50.44,Cleaned
1149,2,3,2025-09-24,6.14,27314.13,Bera,50.44,Cleaned
1150,2,4,2025-09-24,5.62,36872.97,Bera,50.44,Cleaned
1151,2,5,2025-09-24,4.59,26751.74,Bera,50.44,Cleaned
1152,2,6,2025-09-24,1.85,25915.97,Bera,50.44,Cleaned
1153,3,1,2025-09-24,12.22,32280.94,Bera,50.44,Cleaned
1154,3,2,2025-09-24,15.28,28294.44,Bera,50.44,Cleaned
1155,3,3,2025-09-24,8.88,28771.81,Bera,50.44,Cleaned
1156,3,4,2025-09-24,8.81,32456.21,Bera,50.44,Cleaned
1157,3,5,2025-09-24,4.62,24078.14,Bera,50.44,Cleaned
1158,3,6,2025-09-24,2.17,28296.58,Bera,50.44,Cleaned
1159,4,1,2025-09-24,15.91,28195.29,Bera,50.44,Cleaned
1160,4,2,2025-09-24,10.32,32341.29,Bera,50.44,Cleaned
1161,4,3,2025-09-24,6.75,27348.55,Bera,50.44,Cleaned
1162,4,4,2025-09-24,5.62,32280.59,Bera,50.44,Cleaned
1163,4,5,2025-09-24,2.87,26677.4,Bera,50.44,Cleaned
1164,4,6,2025-09-24,1.97,24830.81,Bera,50.44,Cleaned
1165,5,1,2025-09-24,10.0,27115.97,Bera,50.44,Cleaned
1166,5,2,2025-09-24,9.68,27746.21,Bera,50.44,Cleaned
1167,5,3,2025-09-24,7.51,29425.74,Bera,50.44,Cleaned
1168,5,4,2025-09-24,4.32,35216.56,Bera,50.44,Cleaned
1169,5,5,2025-09-24,3.84,24820.48,Bera,50.44,Cleaned
1170,5,6,2025-09-24,1.94,30049.25,Bera,50.44,Cleaned
1171,1,1,2025-10-01,23.86,31643.95,Bera,101.9,Cleaned
1172,1,2,2025-10-01,25.44,31637.53,Bera,101.9,Cleaned
1173,1,3,2025-10-01,16.18,27753.3,Bera,101.9,Cleaned
1174,1,4,2025-10-01,14.39,31618.63,Bera,101.9,Cleaned
1175,1,5,2025-10-01,8.23,23101.04,Bera,101.9,Cleaned
1176,1,6,2025-10-01,4.09,26210.71,Bera,101.9,Cleaned
1177,2,1,2025-10-01,26.32,29088.57,Bera,101.9,Cleaned
1178,2,2,2025-10-01,26.2,29230.44,Bera,101.9,Cleaned
1179,2,3,2025-10-01,15.87,32082.36,Bera,101.9,Cleaned
1180,2,4,2025-10-01,14.42,31665.16,Bera,101.9,Cleaned
1181,2,5,2025-10-01,7.94,26401.88,Bera,101.9,Cleaned
1182,2,6,2025-10-01,3.99,27268.98,Bera,101.9,Cleaned
1183,3,1,2025-10-01,23.05,27394.17,Bera,101.9,Cleaned
1184,3,2,2025-10-01,22.08,28369.41,Bera,101.9,Cleaned
1185,3,3,2025-10-01,15.56,31484.67,Bera,101.9,Cleaned
1186,3,4,2025-10-01,12.63,34816.67,Bera,101.9,Cleaned
1187,3,5,2025-10-01,7.85,27313.84,Bera,101.9,Cleaned
1188,3,6,2025-10-01,3.99,25165.83,Bera,101.9,Cleaned
1189,4,1,2025-10-01,23.7,28175.0,Bera,101.9,Cleaned
1190,4,2,2025-10-01,22.45,27844.82,Bera,101.9,Cleaned
1191,4,3,2025-10-01,17.16,30469.79,Bera,101.9,Cleaned
1192,4,4,2025-10-01,14.96,32528.74,Bera,101.9,Cleaned
1193,4,5,2025-10-01,8.13,24440.83,Bera,101.9,Cleaned
1194,4,6,2025-10-01,4.25,28457.72,Bera,101.9,Cleaned
1195,5,1,2025-10-01,24.57,32504.92,Bera,101.9,Cleaned
1196,5,2,2025-10-01,21.34,28743.03,Bera,101.9,Cleaned
1197,5,3,2025-10-01,16.82,31246.33,Bera,101.9,Cleaned
1198,5,4,2025-10-01,14.29,31935.42,Bera,101.9,Cleaned
1199,5,5,2025-10-01,7.36,23171.37,Bera,101.9,Cleaned
1200,5,6,2025-10-01,4.52,30018.64,Bera,101.9,Cleaned
1201,1,1,2025-10-08,26.41,31077.72,Bera,102.97,Cleaned
1202,1,2,2025-10-08,20.95,27457.44,Bera,102.97,Cleaned
1203,1,3,2025-10-08,16.81,29757.99,Bera,102.97,Cleaned
1204,1,4,2025-10-08,13.87,35326.04,Bera,102.97,Cleaned
1205,1,5,2025-10-08,7.6,23328.75,Bera,102.97,Cleaned
1206,1,6,2025-10-08,3.94,27200.48,Bera,102.97,Cleaned
1207,2,1,2025-10-08,27.26,28451.86,Bera,102.97,Cleaned
1208,2,2,2025-10-08,24.4,32763.76,Bera,102.97,Cleaned
1209,2,3,2025-10-08,15.9,28557.25,Bera,102.97,Cleaned
1210,2,4,2025-10-08,14.87,34558.97,Bera,102.97,Cleaned
1211,2,5,2025-10-08,7.51,25611.72,Bera,102.97,Cleaned
1212,2,6,2025-10-08,4.01,30146.48,Bera,102.97,Cleaned
1213,3,1,2025-10-08,27.46,32447.39,Bera,102.97,Cleaned
1214,3,2,2025-10-08,22.76,32662.21,Bera,102.97,Cleaned
1215,3,3,2025-10-08,15.87,32863.85,Bera,102.97,Cleaned
1216,3,4,2025-10-08,15.13,36801.17,Bera,102.97,Cleaned
1217,3,5,2025-10-08,7.87,26091.66,Bera,102.97,Cleaned
1218,3,6,2025-10-08,3.6,26110.37,Bera,102.97,Cleaned
1219,4,1,2025-10-08,29.08,27976.2,Bera,102.97,Cleaned
1220,4,2,2025-10-08,25.8,30390.51,Bera,102.97,Cleaned
1221,4,3,2025-10-08,15.83,27072.62,Bera,102.97,Cleaned
1222,4,4,2025-10-08,16.17,31563.27,Bera,102.97,Cleaned
1223,4,5,2025-10-08,8.28,23643.38,Bera,102.97,Cleaned
1224,4,6,2025-10-08,3.9,28239.0,Bera,102.97,Cleaned
1225,5,1,2025-10-08,25.06,32088.25,Bera,102.97,Cleaned
1226,5,2,2025-10-08,21.89,31373.17,Bera,102.97,Cleaned
1227,5,3,2025-10-08,15.66,27175.02,Bera,102.97,Cleaned
1228,5,4,2025-10-08,13.6,34866.23,Bera,102.97,Cleaned
1229,5,5,2025-10-08,7.46,23944.42,Bera,102.97,Cleaned
1230,5,6,2025-10-08,4.06,26938.1,Bera,102.97,Cleaned
1231,1,1,2025-10-15,35.15,29354.75,Bera,141.95,Cleaned
1232,1,2,2025-10-15,35.04,31525.59,Bera,141.95,Cleaned
1233,1,3,2025-10-15,19.68,31725.29,Bera,141.95,Cleaned
1234,1,4,2025-10-15,21.08,33257.01,Bera,141.95,Cleaned
1235,1,5,2025-10-15,9.78,25783.16,Bera,141.95,Cleaned
1236,1,6,2025-10-15,5.72,26072.19,Bera,141.95,Cleaned
1237,2,1,2025-10-15,36.42,28325.12,Bera,141.95,Cleaned
1238,2,2,2025-10-15,31.11,27233.58,Bera,141.95,Cleaned
1239,2,3,2025-10-15,21.37,32702.76,Bera,141.95,Cleaned
1240,2,4,2025-10-15,20.74,35571.36,Bera,141.95,Cleaned
1241,2,5,2025-10-15,12.06,25083.49,Bera,141.95,Cleaned
1242,2,6,2025-10-15,5.01,28923.27,Bera,141.95,Cleaned
1243,3,1,2025-10-15,34.67,32364.57,Bera,141.95,Cleaned
1244,3,2,2025-10-15,30.46,32678.74,Bera,141.95,Cleaned
1245,3,3,2025-10-15,21.62,31682.19,Bera,141.95,Cleaned
1246,3,4,2025-10-15,20.99,34834.35,Bera,141.95,Cleaned
1247,3,5,2025-10-15,10.08,25455.65,Bera,141.95,Cleaned
1248,3,6,2025-10-15,5.46,25773.75,Bera,141.95,Cleaned
1249,4,1,2025-10-15,38.1,28242.45,Bera,141.95,Cleaned
1250,4,2,2025-10-15,32.03,27426.95,Bera,141.95,Cleaned
1251,4,3,2025-10-15,18.83,31865.27,Bera,141.95,Cleaned
1252,4,4,2025-10-15,20.23,37350.78,Bera,141.95,Cleaned
1253,4,5,2025-10-15,11.63,26355.61,Bera,141.95,Cleaned
1254,4,6,2025-10-15,5.15,28350.58,Bera,141.95,Cleaned
1255,5,1,2025-10-15,32.98,29551.37,Bera,141.95,Cleaned
1256,5,2,2025-10-15,33.31,27225.43,Bera,141.95,Cleaned
1257,5,3,2025-10-15,22.24,27000.07,Bera,141.95,Cleaned
1258,5,4,2025-10-15,19.5,34415.96,Bera,141.95,Cleaned
1259,5,5,2025-10-15,10.53,27365.39,Bera,141.95,Cleaned
1260,5,6,2025-10-15,5.47,25993.69,Bera,141.95,Cleaned
1261,1,1,2025-10-22,18.64,27008.84,Bera,80.42,Cleaned
1262,1,2,2025-10-22,17.26,31376.07,Bera,80.42,Cleaned
1263,1,3,2025-10-22,13.78,32090.55,Bera,80.42,Cleaned
1264,1,4,2025-10-22,12.21,34458.4,Bera,80.42,Cleaned
1265,1,5,2025-10-22,5.57,26063.11,Bera,80.42,Cleaned
1266,1,6,2025-10-22,2.75,29242.29,Bera,80.42,Cleaned
1267,2,1,2025-10-22,19.74,32411.64,Bera,80.42,Cleaned
1268,2,2,2025-10-22,16.59,31840.16,Bera,80.42,Cleaned
1269,2,3,2025-10-22,14.06,30966.09,Bera,80.42,Cleaned
1270,2,4,2025-10-22,9.52,32049.19,Bera,80.42,Cleaned
1271,2,5,2025-10-22,7.23,23336.61,Bera,80.42,Cleaned
1272,2,6,2025-10-22,3.2,29043.47,Bera,80.42,Cleaned
1273,3,1,2025-10-22,21.71,27254.53,Bera,80.42,Cleaned
1274,3,2,2025-10-22,18.74,28591.96,Bera,80.42,Cleaned
1275,3,3,2025-10-22,10.54,31286.54,Bera,80.42,Cleaned
1276,3,4,2025-10-22,12.18,36813.04,Bera,80.42,Cleaned
1277,3,5,2025-10-22,6.21,25044.45,Bera,80.42,Cleaned
1278,3,6,2025-10-22,2.82,26781.04,Bera,80.42,Cleaned
1279,4,1,2025-10-22,22.7,29770.3,Bera,80.42,Cleaned
1280,4,2,2025-10-22,20.28,32525.97,Bera,80.42,Cleaned
1281,4,3,2025-10-22,13.63,32170.15,Bera,80.42,Cleaned
1282,4,4,2025-10-22,12.32,33418.5,Bera,80.42,Cleaned
1283,4,5,2025-10-22,5.88,24226.71,Bera,80.42,Cleaned
1284,4,6,2025-10-22,3.25,26595.86,Bera,80.42,Cleaned
1285,5,1,2025-10-22,22.66,30372.44,Bera,80.42,Cleaned
1286,5,2,2025-10-22,20.18,32682.54,Bera,80.42,Cleaned
1287,5,3,2025-10-22,9.61,27978.21,Bera,80.42,Cleaned
1288,5,4,2025-10-22,11.26,37003.44,Bera,80.42,Cleaned
1289,5,5,2025-10-22,5.78,22625.97,Bera,80.42,Cleaned
1290,5,6,2025-10-22,3.51,29364.49,Bera,80.42,Cleaned
1291,1,1,2025-10-29,10.19,31229.23,Bera,51.14,Cleaned
1292,1,2,2025-10-29,11.18,31902.77,Bera,51.14,Cleaned
1293,1,3,2025-10-29,8.45,27310.01,Bera,51.14,Cleaned
1294,1,4,2025-10-29,7.26,35033.57,Bera,51.14,Cleaned
1295,1,5,2025-10-29,4.34,23396.28,Bera,51.14,Cleaned
1296,1,6,2025-10-29,2.09,29150.02,Bera,51.14,Cleaned
1297,2,1,2025-10-29,8.97,27790.29,Bera,51.14,Cleaned
1298,2,2,2025-10-29,13.7,32191.77,Bera,51.14,Cleaned
1299,2,3,2025-10-29,7.32,28740.27,Bera,51.14,Cleaned
1300,2,4,2025-10-29,6.3,37599.9,Bera,51.14,Cleaned
1301,2,5,2025-10-29,4.55,23752.34,Bera,51.14,Cleaned
1302,2,6,2025-10-29,2.14,28186.81,Bera,51.14,Cleaned
1303,3,1,2025-10-29,15.44,32436.52,Bera,51.14,Cleaned
1304,3,2,2025-10-29,12.25,27072.94,Bera,51.14,Cleaned
1305,3,3,2025-10-29,7.44,30293.15,Bera,51.14,Cleaned
1306,3,4,2025-10-29,7.36,33513.43,Bera,51.14,Cleaned
1307,3,5,2025-10-29,3.34,25606.46,Bera,51.14,Cleaned
1308,3,6,2025-10-29,1.58,26587.27,Bera,51.14,Cleaned
1309,4,1,2025-10-29,11.9,27410.12,Bera,51.14,Cleaned
1310,4,2,2025-10-29,14.46,31702.56,Bera,51.14,Cleaned
1311,4,3,2025-10-29,7.25,31112.66,Bera,51.14,Cleaned
1312,4,4,2025-10-29,5.41,33827.19,Bera,51.14,Cleaned
1313,4,5,2025-10-29,3.84,27222.24,Bera,51.14,Cleaned
1314,4,6,2025-10-29,1.81,28279.54,Bera,51.14,Cleaned
1315,5,1,2025-10-29,15.26,28193.95,Bera,51.14,Cleaned
1316,5,2,2025-10-29,14.31,29510.0,Bera,51.14,Cleaned
1317,5,3,2025-10-29,7.39,28667.12,Bera,51.14,Cleaned
1318,5,4,2025-10-29,7.49,33434.23,Bera,51.14,Cleaned
1319,5,5,2025-10-29,4.13,22837.51,Bera,51.14,Cleaned
1320,5,6,2025-10-29,1.95,27602.86,Bera,51.14,Cleaned
1321,1,1,2025-11-05,65.69,31227.33,Rendeng,244.84,Cleaned
1322,1,2,2025-11-05,55.44,29536.37,Rendeng,244.84,Cleaned
1323,1,3,2025-11-05,36.39,28585.66,Rendeng,244.84,Cleaned
1324,1,4,2025-11-05,32.77,32937.33,Rendeng,244.84,Cleaned
1325,1,5,2025-11-05,17.83,23937.31,Rendeng,244.84,Cleaned
1326,1,6,2025-11-05,9.38,28362.16,Rendeng,244.84,Cleaned
1327,2,1,2025-11-05,62.95,27461.88,Rendeng,244.84,Cleaned
1328,2,2,2025-11-05,57.19,27453.5,Rendeng,244.84,Cleaned
1329,2,3,2025-11-05,37.57,27552.4,Rendeng,244.84,Cleaned
1330,2,4,2025-11-05,34.73,35693.31,Rendeng,244.84,Cleaned
1331,2,5,2025-11-05,19.7,23837.01,Rendeng,244.84,Cleaned
1332,2,6,2025-11-05,9.78,24833.11,Rendeng,244.84,Cleaned
1333,3,1,2025-11-05,65.07,30660.04,Rendeng,244.84,Cleaned
1334,3,2,2025-11-05,58.26,28877.44,Rendeng,244.84,Cleaned
1335,3,3,2025-11-05,38.42,32196.57,Rendeng,244.84,Cleaned
1336,3,4,2025-11-05,32.9,38127.14,Rendeng,244.84,Cleaned
1337,3,5,2025-11-05,18.71,25437.93,Rendeng,244.84,Cleaned
1338,3,6,2025-11-05,9.5,28606.27,Rendeng,244.84,Cleaned
1339,4,1,2025-11-05,61.12,27092.37,Rendeng,244.84,Cleaned
1340,4,2,2025-11-05,59.44,30497.56,Rendeng,244.84,Cleaned
1341,4,3,2025-11-05,37.29,32745.49,Rendeng,244.84,Cleaned
1342,4,4,2025-11-05,32.81,34293.25,Rendeng,244.84,Cleaned
1343,4,5,2025-11-05,18.61,25862.3,Rendeng,244.84,Cleaned
1344,4,6,2025-11-05,9.54,30123.54,Rendeng,244.84,Cleaned
1345,5,1,2025-11-05,61.12,31490.31,Rendeng,244.84,Cleaned
1346,5,2,2025-11-05,56.26,32487.29,Rendeng,244.84,Cleaned
1347,5,3,2025-11-05,35.82,29606.42,Rendeng,244.84,Cleaned
1348,5,4,2025-11-05,34.06,36564.13,Rendeng,244.84,Cleaned
1349,5,5,2025-11-05,18.84,25566.46,Rendeng,244.84,Cleaned
1350,5,6,2025-11-05,9.39,28257.29,Rendeng,244.84,Cleaned
1351,1,1,2025-11-12,65.83,28195.62,Rendeng,260.51,Cleaned
1352,1,2,2025-11-12,60.57,32264.82,Rendeng,260.51,Cleaned
1353,1,3,2025-11-12,39.17,28624.84,Rendeng,260.51,Cleaned
1354,1,4,2025-11-12,36.01,33232.92,Rendeng,260.51,Cleaned
1355,1,5,2025-11-12,20.0,26163.67,Rendeng,260.51,Cleaned
1356,1,6,2025-11-12,9.81,28087.02,Rendeng,260.51,Cleaned
1357,2,1,2025-11-12,65.68,32708.94,Rendeng,260.51,Cleaned
1358,2,2,2025-11-12,60.53,32030.95,Rendeng,260.51,Cleaned
1359,2,3,2025-11-12,40.66,32596.26,Rendeng,260.51,Cleaned
1360,2,4,2025-11-12,37.24,35309.78,Rendeng,260.51,Cleaned
1361,2,5,2025-11-12,20.32,26214.41,Rendeng,260.51,Cleaned
1362,2,6,2025-11-12,9.66,28808.55,Rendeng,260.51,Cleaned
1363,3,1,2025-11-12,65.33,29226.68,Rendeng,260.51,Cleaned
1364,3,2,2025-11-12,60.18,32524.6,Rendeng,260.51,Cleaned
1365,3,3,2025-11-12,41.32,28613.12,Rendeng,260.51,Cleaned
1366,3,4,2025-11-12,39.24,34079.14,Rendeng,260.51,Cleaned
1367,3,5,2025-11-12,20.21,26436.94,Rendeng,260.51,Cleaned
1368,3,6,2025-11-12,10.23,27248.9,Rendeng,260.51,Cleaned
1369,4,1,2025-11-12,64.22,31232.76,Rendeng,260.51,Cleaned
1370,4,2,2025-11-12,61.32,29565.61,Rendeng,260.51,Cleaned
1371,4,3,2025-11-12,42.38,32617.68,Rendeng,260.51,Cleaned
1372,4,4,2025-11-12,35.93,31948.04,Rendeng,260.51,Cleaned
1373,4,5,2025-11-12,19.72,24719.6,Rendeng,260.51,Cleaned
1374,4,6,2025-11-12,10.27,24870.52,Rendeng,260.51,Cleaned
1375,5,1,2025-11-12,66.85,27337.06,Rendeng,260.51,Cleaned
1376,5,2,2025-11-12,56.8,29946.57,Rendeng,260.51,Cleaned
1377,5,3,2025-11-12,39.51,30931.04,Rendeng,260.51,Cleaned
1378,5,4,2025-11-12,38.27,33321.66,Rendeng,260.51,Cleaned
1379,5,5,2025-11-12,19.88,22852.46,Rendeng,260.51,Cleaned
1380,5,6,2025-11-12,9.94,25771.06,Rendeng,260.51,Cleaned
1381,1,1,2025-11-19,94.12,31110.81,Rendeng,366.05,Cleaned
1382,1,2,2025-11-19,84.76,27662.59,Rendeng,366.05,Cleaned
1383,1,3,2025-11-19,55.15,28499.74,Rendeng,366.05,Cleaned
1384,1,4,2025-11-19,50.44,35105.04,Rendeng,366.05,Cleaned
1385,1,5,2025-11-19,26.92,24268.95,Rendeng,366.05,Cleaned
1386,1,6,2025-11-19,14.23,29307.06,Rendeng,366.05,Cleaned
1387,2,1,2025-11-19,92.57,32482.73,Rendeng,366.05,Cleaned
1388,2,2,2025-11-19,86.21,32716.89,Rendeng,366.05,Cleaned
1389,2,3,2025-11-19,54.99,30033.8,Rendeng,366.05,Cleaned
1390,2,4,2025-11-19,50.18,38087.85,Rendeng,366.05,Cleaned
1391,2,5,2025-11-19,28.77,25015.66,Rendeng,366.05,Cleaned
1392,2,6,2025-11-19,13.46,25816.25,Rendeng,366.05,Cleaned
1393,3,1,2025-11-19,94.66,32027.45,Rendeng,366.05,Cleaned
1394,3,2,2025-11-19,85.94,32152.59,Rendeng,366.05,Cleaned
1395,3,3,2025-11-19,55.87,30663.28,Rendeng,366.05,Cleaned
1396,3,4,2025-11-19,53.31,32622.56,Rendeng,366.05,Cleaned
1397,3,5,2025-11-19,27.59,25969.75,Rendeng,366.05,Cleaned
1398,3,6,2025-11-19,14.23,26012.79,Rendeng,366.05,Cleaned
1399,4,1,2025-11-19,94.07,27968.18,Rendeng,366.05,Cleaned
1400,4,2,2025-11-19,87.49,27501.33,Rendeng,366.05,Cleaned
1401,4,3,2025-11-19,55.99,29125.63,Rendeng,366.05,Cleaned
1402,4,4,2025-11-19,52.07,32237.42,Rendeng,366.05,Cleaned
1403,4,5,2025-11-19,28.22,25538.76,Rendeng,366.05,Cleaned
1404,4,6,2025-11-19,13.64,26099.44,Rendeng,366.05,Cleaned
1405,5,1,2025-11-19,93.58,28405.22,Rendeng,366.05,Cleaned
1406,5,2,2025-11-19,83.45,28317.32,Rendeng,366.05,Cleaned
1407,5,3,2025-11-19,56.45,30341.27,Rendeng,366.05,Cleaned
1408,5,4,2025-11-19,52.09,34410.43,Rendeng,366.05,Cleaned
1409,5,5,2025-11-19,28.93,25982.15,Rendeng,366.05,Cleaned
1410,5,6,2025-11-19,13.41,28611.8,Rendeng,366.05,Cleaned
1411,1,1,2025-11-26,57.22,32223.16,Rendeng,242.92,Cleaned
1412,1,2,2025-11-26,56.06,30788.51,Rendeng,242.92,Cleaned
1413,1,3,2025-11-26,36.2,30633.83,Rendeng,242.92,Cleaned
1414,1,4,2025-11-26,34.35,32320.43,Rendeng,242.92,Cleaned
1415,1,5,2025-11-26,18.17,25960.37,Rendeng,242.92,Cleaned
1416,1,6,2025-11-26,9.23,25884.39,Rendeng,242.92,Cleaned
1417,2,1,2025-11-26,63.94,28225.9,Rendeng,242.92,Cleaned
1418,2,2,2025-11-26,55.65,30046.83,Rendeng,242.92,Cleaned
1419,2,3,2025-11-26,37.03,31756.55,Rendeng,242.92,Cleaned
1420,2,4,2025-11-26,34.2,31983.32,Rendeng,242.92,Cleaned
1421,2,5,2025-11-26,20.2,25642.13,Rendeng,242.92,Cleaned
1422,2,6,2025-11-26,9.02,28537.47,Rendeng,242.92,Cleaned
1423,3,1,2025-11-26,62.83,32016.71,Rendeng,242.92,Cleaned
1424,3,2,2025-11-26,59.1,31928.33,Rendeng,242.92,Cleaned
1425,3,3,2025-11-26,37.31,29001.77,Rendeng,242.92,Cleaned
1426,3,4,2025-11-26,35.55,37040.91,Rendeng,242.92,Cleaned
1427,3,5,2025-11-26,17.93,26774.87,Rendeng,242.92,Cleaned
1428,3,6,2025-11-26,9.28,29604.08,Rendeng,242.92,Cleaned
1429,4,1,2025-11-26,60.75,29326.96,Rendeng,242.92,Cleaned
1430,4,2,2025-11-26,55.95,31821.23,Rendeng,242.92,Cleaned
1431,4,3,2025-11-26,37.32,27401.84,Rendeng,242.92,Cleaned
1432,4,4,2025-11-26,34.32,37641.45,Rendeng,242.92,Cleaned
1433,4,5,2025-11-26,19.18,27340.33,Rendeng,242.92,Cleaned
1434,4,6,2025-11-26,8.69,25116.11,Rendeng,242.92,Cleaned
1435,5,1,2025-11-26,61.12,29252.81,Rendeng,242.92,Cleaned
1436,5,2,2025-11-26,56.42,31822.89,Rendeng,242.92,Cleaned
1437,5,3,2025-11-26,35.21,28320.67,Rendeng,242.92,Cleaned
1438,5,4,2025-11-26,34.91,33953.64,Rendeng,242.92,Cleaned
1439,5,5,2025-11-26,18.33,24347.87,Rendeng,242.92,Cleaned
1440,5,6,2025-11-26,9.29,27303.31,Rendeng,242.92,Cleaned
1441,1,1,2025-12-03,100.09,27050.18,Rendeng,380.68,Cleaned
1442,1,2,2025-12-03,89.52,28306.0,Rendeng,380.68,Cleaned
1443,1,3,2025-12-03,58.33,27031.88,Rendeng,380.68,Cleaned
1444,1,4,2025-12-03,55.92,37131.46,Rendeng,380.68,Cleaned
1445,1,5,2025-12-03,29.44,22832.32,Rendeng,380.68,Cleaned
1446,1,6,2025-12-03,15.08,28965.83,Rendeng,380.68,Cleaned
1447,2,1,2025-12-03,100.3,31510.48,Rendeng,380.68,Cleaned
1448,2,2,2025-12-03,88.57,31818.01,Rendeng,380.68,Cleaned
1449,2,3,2025-12-03,57.25,31026.94,Rendeng,380.68,Cleaned
1450,2,4,2025-12-03,53.75,35843.32,Rendeng,380.68,Cleaned
1451,2,5,2025-12-03,28.87,23474.88,Rendeng,380.68,Cleaned
1452,2,6,2025-12-03,14.79,29647.25,Rendeng,380.68,Cleaned
1453,3,1,2025-12-03,98.29,31552.29,Rendeng,380.68,Cleaned
1454,3,2,2025-12-03,88.23,30582.93,Rendeng,380.68,Cleaned
1455,3,3,2025-12-03,59.47,30472.84,Rendeng,380.68,Cleaned
1456,3,4,2025-12-03,54.01,35926.74,Rendeng,380.68,Cleaned
1457,3,5,2025-12-03,29.23,26081.99,Rendeng,380.68,Cleaned
1458,3,6,2025-12-03,14.29,26240.18,Rendeng,380.68,Cleaned
1459,4,1,2025-12-03,96.4,28449.0,Rendeng,380.68,Cleaned
1460,4,2,2025-12-03,86.1,28289.48,Rendeng,380.68,Cleaned
1461,4,3,2025-12-03,59.55,30042.36,Rendeng,380.68,Cleaned
1462,4,4,2025-12-03,53.52,32815.44,Rendeng,380.68,Cleaned
1463,4,5,2025-12-03,29.41,24413.99,Rendeng,380.68,Cleaned
1464,4,6,2025-12-03,14.5,29270.07,Rendeng,380.68,Cleaned
1465,5,1,2025-12-03,99.74,28631.68,Rendeng,380.68,Cleaned
1466,5,2,2025-12-03,88.88,31154.15,Rendeng,380.68,Cleaned
1467,5,3,2025-12-03,58.68,30818.25,Rendeng,380.68,Cleaned
1468,5,4,2025-12-03,53.63,33771.58,Rendeng,380.68,Cleaned
1469,5,5,2025-12-03,28.81,25973.2,Rendeng,380.68,Cleaned
1470,5,6,2025-12-03,14.47,25952.94,Rendeng,380.68,Cleaned
1471,1,1,2025-12-10,91.07,31889.64,Rendeng,348.83,Cleaned
1472,1,2,2025-12-10,78.37,31668.15,Rendeng,348.83,Cleaned
1473,1,3,2025-12-10,52.86,27530.31,Rendeng,348.83,Cleaned
1474,1,4,2025-12-10,49.81,36392.64,Rendeng,348.83,Cleaned
1475,1,5,2025-12-10,26.25,22655.75,Rendeng,348.83,Cleaned
1476,1,6,2025-12-10,12.85,26177.67,Rendeng,348.83,Cleaned
1477,2,1,2025-12-10,90.12,27233.88,Rendeng,348.83,Cleaned
1478,2,2,2025-12-10,77.79,31001.08,Rendeng,348.83,Cleaned
1479,2,3,2025-12-10,54.45,32328.71,Rendeng,348.83,Cleaned
1480,2,4,2025-12-10,48.87,33777.03,Rendeng,348.83,Cleaned
1481,2,5,2025-12-10,27.03,23745.04,Rendeng,348.83,Cleaned
1482,2,6,2025-12-10,13.51,27921.86,Rendeng,348.83,Cleaned
1483,3,1,2025-12-10,90.9,32148.14,Rendeng,348.83,Cleaned
1484,3,2,2025-12-10,81.56,32985.77,Rendeng,348.83,Cleaned
1485,3,3,2025-12-10,52.49,27134.56,Rendeng,348.83,Cleaned
1486,3,4,2025-12-10,48.94,34022.99,Rendeng,348.83,Cleaned
1487,3,5,2025-12-10,27.03,24063.89,Rendeng,348.83,Cleaned
1488,3,6,2025-12-10,13.83,28348.88,Rendeng,348.83,Cleaned
1489,4,1,2025-12-10,90.64,31573.82,Rendeng,348.83,Cleaned
1490,4,2,2025-12-10,82.8,27233.63,Rendeng,348.83,Cleaned
1491,4,3,2025-12-10,54.11,30380.37,Rendeng,348.83,Cleaned
1492,4,4,2025-12-10,50.35,35872.3,Rendeng,348.83,Cleaned
1493,4,5,2025-12-10,26.98,25404.75,Rendeng,348.83,Cleaned
1494,4,6,2025-12-10,13.72,30198.74,Rendeng,348.83,Cleaned
1495,5,1,2025-12-10,88.77,31244.38,Rendeng,348.83,Cleaned
1496,5,2,2025-12-10,83.21,29335.38,Rendeng,348.83,Cleaned
1497,5,3,2025-12-10,54.24,32569.09,Rendeng,348.83,Cleaned
1498,5,4,2025-12-10,47.71,38003.98,Rendeng,348.83,Cleaned
1499,5,5,2025-12-10,27.05,23558.18,Rendeng,348.83,Cleaned
1500,5,6,2025-12-10,12.81,30225.97,Rendeng,348.83,Cleaned
1501,1,1,2025-12-17,116.33,31290.6,Rendeng,445.28,Cleaned
1502,1,2,2025-12-17,103.71,30558.95,Rendeng,445.28,Cleaned
1503,1,3,2025-12-17,68.43,31048.72,Rendeng,445.28,Cleaned
1504,1,4,2025-12-17,62.11,36242.72,Rendeng,445.28,Cleaned
1505,1,5,2025-12-17,34.57,23336.79,Rendeng,445.28,Cleaned
1506,1,6,2025-12-17,17.08,27501.98,Rendeng,445.28,Cleaned
1507,2,1,2025-12-17,116.31,30891.83,Rendeng,445.28,Cleaned
1508,2,2,2025-12-17,104.62,28651.73,Rendeng,445.28,Cleaned
1509,2,3,2025-12-17,68.97,30595.81,Rendeng,445.28,Cleaned
1510,2,4,2025-12-17,61.71,32755.49,Rendeng,445.28,Cleaned
1511,2,5,2025-12-17,34.02,25838.8,Rendeng,445.28,Cleaned
1512,2,6,2025-12-17,17.65,29355.52,Rendeng,445.28,Cleaned
1513,3,1,2025-12-17,115.18,31197.84,Rendeng,445.28,Cleaned
1514,3,2,2025-12-17,105.06,32028.93,Rendeng,445.28,Cleaned
1515,3,3,2025-12-17,67.37,29411.32,Rendeng,445.28,Cleaned
1516,3,4,2025-12-17,66.03,32575.84,Rendeng,445.28,Cleaned
1517,3,5,2025-12-17,33.3,27106.54,Rendeng,445.28,Cleaned
1518,3,6,2025-12-17,17.28,27957.55,Rendeng,445.28,Cleaned
1519,4,1,2025-12-17,110.83,27311.94,Rendeng,445.28,Cleaned
1520,4,2,2025-12-17,104.68,27190.46,Rendeng,445.28,Cleaned
1521,4,3,2025-12-17,67.57,30641.08,Rendeng,445.28,Cleaned
1522,4,4,2025-12-17,62.64,37666.81,Rendeng,445.28,Cleaned
1523,4,5,2025-12-17,34.44,23556.16,Rendeng,445.28,Cleaned
1524,4,6,2025-12-17,17.36,29496.48,Rendeng,445.28,Cleaned
1525,5,1,2025-12-17,113.85,31424.56,Rendeng,445.28,Cleaned
1526,5,2,2025-12-17,103.12,28719.12,Rendeng,445.28,Cleaned
1527,5,3,2025-12-17,68.84,29790.06,Rendeng,445.28,Cleaned
1528,5,4,2025-12-17,62.87,37431.72,Rendeng,445.28,Cleaned
1529,5,5,2025-12-17,34.15,22835.08,Rendeng,445.28,Cleaned
1530,5,6,2025-12-17,16.99,30114.39,Rendeng,445.28,Cleaned
1531,1,1,2025-12-24,103.26,27426.21,Rendeng,404.24,Cleaned
1532,1,2,2025-12-24,91.99,28264.76,Rendeng,404.24,Cleaned
1533,1,3,2025-12-24,61.99,28611.37,Rendeng,404.24,Cleaned
1534,1,4,2025-12-24,55.37,32206.85,Rendeng,404.24,Cleaned
1535,1,5,2025-12-24,30.95,27365.38,Rendeng,404.24,Cleaned
1536,1,6,2025-12-24,15.48,28926.11,Rendeng,404.24,Cleaned
1537,2,1,2025-12-24,103.53,28670.21,Rendeng,404.24,Cleaned
1538,2,2,2025-12-24,94.12,31789.76,Rendeng,404.24,Cleaned
1539,2,3,2025-12-24,60.8,28395.04,Rendeng,404.24,Cleaned
1540,2,4,2025-12-24,55.91,32407.75,Rendeng,404.24,Cleaned
1541,2,5,2025-12-24,30.65,25869.97,Rendeng,404.24,Cleaned
1542,2,6,2025-12-24,15.17,25094.11,Rendeng,404.24,Cleaned
1543,3,1,2025-12-24,104.8,27881.53,Rendeng,404.24,Cleaned
1544,3,2,2025-12-24,92.32,29055.87,Rendeng,404.24,Cleaned
1545,3,3,2025-12-24,62.15,28814.52,Rendeng,404.24,Cleaned
1546,3,4,2025-12-24,56.11,35443.86,Rendeng,404.24,Cleaned
1547,3,5,2025-12-24,30.89,25403.5,Rendeng,404.24,Cleaned
1548,3,6,2025-12-24,15.63,27530.3,Rendeng,404.24,Cleaned
1549,4,1,2025-12-24,104.32,28641.84,Rendeng,404.24,Cleaned
1550,4,2,2025-12-24,91.55,29927.01,Rendeng,404.24,Cleaned
1551,4,3,2025-12-24,62.1,28838.78,Rendeng,404.24,Cleaned
1552,4,4,2025-12-24,56.13,37256.67,Rendeng,404.24,Cleaned
1553,4,5,2025-12-24,31.03,24792.16,Rendeng,404.24,Cleaned
1554,4,6,2025-12-24,15.36,28737.53,Rendeng,404.24,Cleaned
1555,5,1,2025-12-24,107.18,31662.3,Rendeng,404.24,Cleaned
1556,5,2,2025-12-24,94.7,32173.22,Rendeng,404.24,Cleaned
1557,5,3,2025-12-24,62.65,32040.65,Rendeng,404.24,Cleaned
1558,5,4,2025-12-24,54.97,38426.16,Rendeng,404.24,Cleaned
1559,5,5,2025-12-24,30.93,23475.83,Rendeng,404.24,Cleaned
1560,5,6,2025-12-24,15.79,27441.66,Rendeng,404.24,Cleaned
1561,1,1,2025-12-31,92.43,32029.38,Rendeng,385.41,Cleaned
1562,1,2,2025-12-31,86.4,29168.42,Rendeng,385.41,Cleaned
1563,1,3,2025-12-31,58.98,28969.4,Rendeng,385.41,Cleaned
1564,1,4,2025-12-31,55.47,34677.93,Rendeng,385.41,Cleaned
1565,1,5,2025-12-31,29.36,23482.1,Rendeng,385.41,Cleaned
1566,1,6,2025-12-31,14.92,29982.95,Rendeng,385.41,Cleaned
1567,2,1,2025-12-31,99.33,30475.89,Rendeng,385.41,Cleaned
1568,2,2,2025-12-31,86.77,29937.75,Rendeng,385.41,Cleaned
1569,2,3,2025-12-31,57.87,30315.97,Rendeng,385.41,Cleaned
1570,2,4,2025-12-31,55.05,34105.21,Rendeng,385.41,Cleaned
1571,2,5,2025-12-31,29.13,25354.39,Rendeng,385.41,Cleaned
1572,2,6,2025-12-31,14.94,25768.99,Rendeng,385.41,Cleaned
1573,3,1,2025-12-31,97.08,28097.03,Rendeng,385.41,Cleaned
1574,3,2,2025-12-31,87.7,31954.27,Rendeng,385.41,Cleaned
1575,3,3,2025-12-31,59.73,32819.56,Rendeng,385.41,Cleaned
1576,3,4,2025-12-31,54.15,35498.82,Rendeng,385.41,Cleaned
1577,3,5,2025-12-31,29.44,26488.66,Rendeng,385.41,Cleaned
1578,3,6,2025-12-31,14.54,26770.65,Rendeng,385.41,Cleaned
1579,4,1,2025-12-31,99.05,32070.73,Rendeng,385.41,Cleaned
1580,4,2,2025-12-31,87.48,31775.56,Rendeng,385.41,Cleaned
1581,4,3,2025-12-31,59.89,28323.03,Rendeng,385.41,Cleaned
1582,4,4,2025-12-31,53.32,33027.45,Rendeng,385.41,Cleaned
1583,4,5,2025-12-31,29.44,23816.24,Rendeng,385.41,Cleaned
1584,4,6,2025-12-31,14.98,24753.59,Rendeng,385.41,Cleaned
1585,5,1,2025-12-31,99.39,30763.97,Rendeng,385.41,Cleaned
1586,5,2,2025-12-31,89.59,31501.59,Rendeng,385.41,Cleaned
1587,5,3,2025-12-31,59.13,29107.32,Rendeng,385.41,Cleaned
1588,5,4,2025-12-31,53.1,32156.44,Rendeng,385.41,Cleaned
1589,5,5,2025-12-31,30.13,22700.3,Rendeng,385.41,Cleaned
1590,5,6,2025-12-31,14.82,26353.04,Rendeng,385.41,Cleaned
1591,1,1,2026-01-07,65.15,29808.41,Rendeng,251.89,Cleaned
1592,1,2,2026-01-07,57.8,29797.8,Rendeng,251.89,Cleaned
1593,1,3,2026-01-07,38.05,29923.59,Rendeng,251.89,Cleaned
1594,1,4,2026-01-07,36.01,34509.9,Rendeng,251.89,Cleaned
1595,1,5,2026-01-07,19.07,26637.77,Rendeng,251.89,Cleaned
1596,1,6,2026-01-07,10.09,25688.9,Rendeng,251.89,Cleaned
1597,2,1,2026-01-07,64.86,30690.77,Rendeng,251.89,Cleaned
1598,2,2,2026-01-07,54.44,32463.63,Rendeng,251.89,Cleaned
1599,2,3,2026-01-07,39.34,27301.46,Rendeng,251.89,Cleaned
1600,2,4,2026-01-07,39.68,31744.38,Rendeng,251.89,Cleaned
1601,2,5,2026-01-07,18.17,26695.9,Rendeng,251.89,Cleaned
1602,2,6,2026-01-07,10.19,25633.74,Rendeng,251.89,Cleaned
1603,3,1,2026-01-07,64.5,28424.87,Rendeng,251.89,Cleaned
1604,3,2,2026-01-07,57.39,27297.69,Rendeng,251.89,Cleaned
1605,3,3,2026-01-07,38.09,30649.92,Rendeng,251.89,Cleaned
1606,3,4,2026-01-07,35.87,33467.35,Rendeng,251.89,Cleaned
1607,3,5,2026-01-07,19.14,26507.23,Rendeng,251.89,Cleaned
1608,3,6,2026-01-07,9.36,26906.51,Rendeng,251.89,Cleaned
1609,4,1,2026-01-07,63.56,31636.63,Rendeng,251.89,Cleaned
1610,4,2,2026-01-07,58.75,28421.6,Rendeng,251.89,Cleaned
1611,4,3,2026-01-07,39.54,32574.87,Rendeng,251.89,Cleaned
1612,4,4,2026-01-07,37.48,34211.26,Rendeng,251.89,Cleaned
1613,4,5,2026-01-07,19.43,26376.22,Rendeng,251.89,Cleaned
1614,4,6,2026-01-07,10.06,26039.34,Rendeng,251.89,Cleaned
1615,5,1,2026-01-07,64.21,32768.95,Rendeng,251.89,Cleaned
1616,5,2,2026-01-07,58.02,31007.21,Rendeng,251.89,Cleaned
1617,5,3,2026-01-07,38.62,30668.78,Rendeng,251.89,Cleaned
1618,5,4,2026-01-07,35.75,36249.5,Rendeng,251.89,Cleaned
1619,5,5,2026-01-07,19.88,27235.81,Rendeng,251.89,Cleaned
1620,5,6,2026-01-07,9.56,29616.7,Rendeng,251.89,Cleaned
1621,1,1,2026-01-14,96.81,32780.16,Rendeng,384.77,Cleaned
1622,1,2,2026-01-14,87.1,27061.71,Rendeng,384.77,Cleaned
1623,1,3,2026-01-14,60.34,30736.14,Rendeng,384.77,Cleaned
1624,1,4,2026-01-14,55.36,38430.76,Rendeng,384.77,Cleaned
1625,1,5,2026-01-14,28.97,22894.7,Rendeng,384.77,Cleaned
1626,1,6,2026-01-14,14.43,27185.39,Rendeng,384.77,Cleaned
1627,2,1,2026-01-14,97.08,32007.43,Rendeng,384.77,Cleaned
1628,2,2,2026-01-14,86.63,32612.91,Rendeng,384.77,Cleaned
1629,2,3,2026-01-14,58.65,32571.78,Rendeng,384.77,Cleaned
1630,2,4,2026-01-14,53.04,31932.66,Rendeng,384.77,Cleaned
1631,2,5,2026-01-14,28.97,27340.38,Rendeng,384.77,Cleaned
1632,2,6,2026-01-14,14.88,27206.93,Rendeng,384.77,Cleaned
1633,3,1,2026-01-14,95.49,29825.76,Rendeng,384.77,Cleaned
1634,3,2,2026-01-14,88.81,30971.48,Rendeng,384.77,Cleaned
1635,3,3,2026-01-14,60.15,30467.35,Rendeng,384.77,Cleaned
1636,3,4,2026-01-14,55.13,37830.52,Rendeng,384.77,Cleaned
1637,3,5,2026-01-14,29.92,22778.03,Rendeng,384.77,Cleaned
1638,3,6,2026-01-14,15.0,24787.83,Rendeng,384.77,Cleaned
1639,4,1,2026-01-14,99.88,29467.18,Rendeng,384.77,Cleaned
1640,4,2,2026-01-14,86.86,29414.44,Rendeng,384.77,Cleaned
1641,4,3,2026-01-14,58.88,31146.33,Rendeng,384.77,Cleaned
1642,4,4,2026-01-14,54.89,33401.43,Rendeng,384.77,Cleaned
1643,4,5,2026-01-14,29.31,24210.54,Rendeng,384.77,Cleaned
1644,4,6,2026-01-14,14.66,27114.77,Rendeng,384.77,Cleaned
1645,5,1,2026-01-14,99.1,28727.67,Rendeng,384.77,Cleaned
1646,5,2,2026-01-14,91.76,29956.92,Rendeng,384.77,Cleaned
1647,5,3,2026-01-14,60.1,29603.06,Rendeng,384.77,Cleaned
1648,5,4,2026-01-14,52.54,32650.84,Rendeng,384.77,Cleaned
1649,5,5,2026-01-14,29.67,27012.07,Rendeng,384.77,Cleaned
1650,5,6,2026-01-14,14.51,26641.77,Rendeng,384.77,Cleaned
1651,1,1,2026-01-21,99.31,31925.89,Rendeng,383.25,Cleaned
1652,1,2,2026-01-21,88.79,30399.63,Rendeng,383.25,Cleaned
1653,1,3,2026-01-21,59.81,29397.11,Rendeng,383.25,Cleaned
1654,1,4,2026-01-21,54.35,33787.56,Rendeng,383.25,Cleaned
1655,1,5,2026-01-21,29.41,25384.29,Rendeng,383.25,Cleaned
1656,1,6,2026-01-21,14.77,27301.9,Rendeng,383.25,Cleaned
1657,2,1,2026-01-21,101.19,27194.66,Rendeng,383.25,Cleaned
1658,2,2,2026-01-21,89.48,30952.31,Rendeng,383.25,Cleaned
1659,2,3,2026-01-21,57.86,28035.14,Rendeng,383.25,Cleaned
1660,2,4,2026-01-21,54.13,35475.82,Rendeng,383.25,Cleaned
1661,2,5,2026-01-21,29.67,26593.7,Rendeng,383.25,Cleaned
1662,2,6,2026-01-21,14.7,30159.62,Rendeng,383.25,Cleaned
1663,3,1,2026-01-21,94.6,27302.1,Rendeng,383.25,Cleaned
1664,3,2,2026-01-21,86.95,27316.59,Rendeng,383.25,Cleaned
1665,3,3,2026-01-21,58.48,28359.13,Rendeng,383.25,Cleaned
1666,3,4,2026-01-21,56.04,35797.79,Rendeng,383.25,Cleaned
1667,3,5,2026-01-21,29.76,24296.04,Rendeng,383.25,Cleaned
1668,3,6,2026-01-21,14.29,29279.54,Rendeng,383.25,Cleaned
1669,4,1,2026-01-21,98.09,29104.91,Rendeng,383.25,Cleaned
1670,4,2,2026-01-21,90.74,29175.36,Rendeng,383.25,Cleaned
1671,4,3,2026-01-21,58.29,28254.36,Rendeng,383.25,Cleaned
1672,4,4,2026-01-21,55.15,32092.82,Rendeng,383.25,Cleaned
1673,4,5,2026-01-21,28.6,26704.54,Rendeng,383.25,Cleaned
1674,4,6,2026-01-21,13.92,25966.81,Rendeng,383.25,Cleaned
1675,5,1,2026-01-21,100.58,31941.74,Rendeng,383.25,Cleaned
1676,5,2,2026-01-21,87.64,29307.67,Rendeng,383.25,Cleaned
1677,5,3,2026-01-21,56.8,32595.33,Rendeng,383.25,Cleaned
1678,5,4,2026-01-21,53.64,32330.51,Rendeng,383.25,Cleaned
1679,5,5,2026-01-21,29.59,25157.86,Rendeng,383.25,Cleaned
1680,5,6,2026-01-21,14.87,24929.62,Rendeng,383.25,Cleaned
1681,1,1,2026-01-28,79.56,30938.46,Rendeng,318.9,Cleaned
1682,1,2,2026-01-28,73.05,32826.91,Rendeng,318.9,Cleaned
1683,1,3,2026-01-28,51.05,27410.7,Rendeng,318.9,Cleaned
1684,1,4,2026-01-28,45.5,34423.67,Rendeng,318.9,Cleaned
1685,1,5,2026-01-28,24.68,27192.41,Rendeng,318.9,Cleaned
1686,1,6,2026-01-28,12.0,28389.78,Rendeng,318.9,Cleaned
1687,2,1,2026-01-28,81.35,30303.98,Rendeng,318.9,Cleaned
1688,2,2,2026-01-28,72.5,29419.25,Rendeng,318.9,Cleaned
1689,2,3,2026-01-28,49.53,30670.99,Rendeng,318.9,Cleaned
1690,2,4,2026-01-28,45.43,34114.21,Rendeng,318.9,Cleaned
1691,2,5,2026-01-28,24.26,24274.49,Rendeng,318.9,Cleaned
1692,2,6,2026-01-28,12.18,27022.45,Rendeng,318.9,Cleaned
1693,3,1,2026-01-28,83.99,27420.65,Rendeng,318.9,Cleaned
1694,3,2,2026-01-28,75.82,29371.56,Rendeng,318.9,Cleaned
1695,3,3,2026-01-28,48.63,31963.81,Rendeng,318.9,Cleaned
1696,3,4,2026-01-28,44.6,31793.41,Rendeng,318.9,Cleaned
1697,3,5,2026-01-28,23.84,26896.65,Rendeng,318.9,Cleaned
1698,3,6,2026-01-28,12.18,27813.72,Rendeng,318.9,Cleaned
1699,4,1,2026-01-28,81.8,31388.92,Rendeng,318.9,Cleaned
1700,4,2,2026-01-28,70.86,32748.71,Rendeng,318.9,Cleaned
1701,4,3,2026-01-28,49.47,32605.82,Rendeng,318.9,Cleaned
1702,4,4,2026-01-28,44.7,37914.94,Rendeng,318.9,Cleaned
1703,4,5,2026-01-28,25.32,24516.05,Rendeng,318.9,Cleaned
1704,4,6,2026-01-28,12.68,28888.19,Rendeng,318.9,Cleaned
1705,5,1,2026-01-28,85.6,29570.75,Rendeng,318.9,Cleaned
1706,5,2,2026-01-28,74.2,31388.98,Rendeng,318.9,Cleaned
1707,5,3,2026-01-28,48.72,31997.58,Rendeng,318.9,Cleaned
1708,5,4,2026-01-28,45.26,35282.08,Rendeng,318.9,Cleaned
1709,5,5,2026-01-28,24.4,24395.2,Rendeng,318.9,Cleaned
1710,5,6,2026-01-28,12.6,29782.83,Rendeng,318.9,Cleaned
1711,1,1,2026-02-04,67.27,30084.57,Rendeng,262.79,Cleaned
1712,1,2,2026-02-04,62.75,28850.81,Rendeng,262.79,Cleaned
1713,1,3,2026-02-04,38.33,27235.62,Rendeng,262.79,Cleaned
1714,1,4,2026-02-04,37.86,33403.99,Rendeng,262.79,Cleaned
1715,1,5,2026-02-04,20.16,26141.85,Rendeng,262.79,Cleaned
1716,1,6,2026-02-04,10.23,26651.93,Rendeng,262.79,Cleaned
1717,2,1,2026-02-04,69.39,32680.54,Rendeng,262.79,Cleaned
1718,2,2,2026-02-04,61.65,29401.27,Rendeng,262.79,Cleaned
1719,2,3,2026-02-04,39.61,32941.99,Rendeng,262.79,Cleaned
1720,2,4,2026-02-04,37.97,31680.39,Rendeng,262.79,Cleaned
1721,2,5,2026-02-04,21.17,25940.23,Rendeng,262.79,Cleaned
1722,2,6,2026-02-04,10.42,25412.13,Rendeng,262.79,Cleaned
1723,3,1,2026-02-04,64.9,28843.3,Rendeng,262.79,Cleaned
1724,3,2,2026-02-04,61.63,30278.75,Rendeng,262.79,Cleaned
1725,3,3,2026-02-04,39.09,28025.62,Rendeng,262.79,Cleaned
1726,3,4,2026-02-04,36.76,34427.01,Rendeng,262.79,Cleaned
1727,3,5,2026-02-04,20.44,22920.64,Rendeng,262.79,Cleaned
1728,3,6,2026-02-04,10.18,26912.07,Rendeng,262.79,Cleaned
1729,4,1,2026-02-04,69.4,27978.11,Rendeng,262.79,Cleaned
1730,4,2,2026-02-04,63.51,28402.88,Rendeng,262.79,Cleaned
1731,4,3,2026-02-04,41.0,32558.78,Rendeng,262.79,Cleaned
1732,4,4,2026-02-04,36.68,34437.39,Rendeng,262.79,Cleaned
1733,4,5,2026-02-04,19.11,22643.26,Rendeng,262.79,Cleaned
1734,4,6,2026-02-04,10.49,27957.89,Rendeng,262.79,Cleaned
1735,5,1,2026-02-04,67.21,30530.11,Rendeng,262.79,Cleaned
1736,5,2,2026-02-04,60.58,29386.11,Rendeng,262.79,Cleaned
1737,5,3,2026-02-04,40.48,28651.44,Rendeng,262.79,Cleaned
1738,5,4,2026-02-04,37.53,36466.07,Rendeng,262.79,Cleaned
1739,5,5,2026-02-04,20.49,24373.61,Rendeng,262.79,Cleaned
1740,5,6,2026-02-04,10.03,27774.28,Rendeng,262.79,Cleaned
1741,1,1,2026-02-11,56.85,31833.89,Rendeng,212.64,Cleaned
1742,1,2,2026-02-11,48.61,28345.91,Rendeng,212.64,Cleaned
1743,1,3,2026-02-11,33.45,32582.39,Rendeng,212.64,Cleaned
1744,1,4,2026-02-11,29.41,32167.53,Rendeng,212.64,Cleaned
1745,1,5,2026-02-11,15.21,26853.44,Rendeng,212.64,Cleaned
1746,1,6,2026-02-11,8.0,25209.39,Rendeng,212.64,Cleaned
1747,2,1,2026-02-11,55.83,27307.76,Rendeng,212.64,Cleaned
1748,2,2,2026-02-11,47.73,29955.21,Rendeng,212.64,Cleaned
1749,2,3,2026-02-11,30.48,29367.43,Rendeng,212.64,Cleaned
1750,2,4,2026-02-11,29.27,35209.58,Rendeng,212.64,Cleaned
1751,2,5,2026-02-11,16.5,26527.16,Rendeng,212.64,Cleaned
1752,2,6,2026-02-11,7.84,28930.89,Rendeng,212.64,Cleaned
1753,3,1,2026-02-11,54.19,28609.05,Rendeng,212.64,Cleaned
1754,3,2,2026-02-11,48.78,29166.45,Rendeng,212.64,Cleaned
1755,3,3,2026-02-11,34.67,27340.08,Rendeng,212.64,Cleaned
1756,3,4,2026-02-11,29.07,31742.71,Rendeng,212.64,Cleaned
1757,3,5,2026-02-11,17.26,23467.18,Rendeng,212.64,Cleaned
1758,3,6,2026-02-11,7.93,28278.27,Rendeng,212.64,Cleaned
1759,4,1,2026-02-11,55.53,32374.14,Rendeng,212.64,Cleaned
1760,4,2,2026-02-11,48.51,28783.72,Rendeng,212.64,Cleaned
1761,4,3,2026-02-11,32.17,28443.19,Rendeng,212.64,Cleaned
1762,4,4,2026-02-11,28.48,36206.69,Rendeng,212.64,Cleaned
1763,4,5,2026-02-11,16.65,26621.75,Rendeng,212.64,Cleaned
1764,4,6,2026-02-11,8.46,26933.46,Rendeng,212.64,Cleaned
1765,5,1,2026-02-11,55.45,29162.85,Rendeng,212.64,Cleaned
1766,5,2,2026-02-11,47.87,31027.62,Rendeng,212.64,Cleaned
1767,5,3,2026-02-11,32.28,32955.49,Rendeng,212.64,Cleaned
1768,5,4,2026-02-11,29.77,32593.41,Rendeng,212.64,Cleaned
1769,5,5,2026-02-11,16.71,25389.04,Rendeng,212.64,Cleaned
1770,5,6,2026-02-11,8.5,29513.56,Rendeng,212.64,Cleaned
1771,1,1,2026-02-18,74.22,29467.14,Rendeng,272.36,Cleaned
1772,1,2,2026-02-18,61.78,29564.92,Rendeng,272.36,Cleaned
1773,1,3,2026-02-18,42.72,32103.45,Rendeng,272.36,Cleaned
1774,1,4,2026-02-18,36.42,32910.7,Rendeng,272.36,Cleaned
1775,1,5,2026-02-18,21.06,26616.37,Rendeng,272.36,Cleaned
1776,1,6,2026-02-18,10.6,27809.05,Rendeng,272.36,Cleaned
1777,2,1,2026-02-18,68.0,31592.18,Rendeng,272.36,Cleaned
1778,2,2,2026-02-18,61.68,28518.16,Rendeng,272.36,Cleaned
1779,2,3,2026-02-18,42.94,28945.98,Rendeng,272.36,Cleaned
1780,2,4,2026-02-18,38.89,36235.39,Rendeng,272.36,Cleaned
1781,2,5,2026-02-18,21.91,25912.66,Rendeng,272.36,Cleaned
1782,2,6,2026-02-18,10.91,27914.48,Rendeng,272.36,Cleaned
1783,3,1,2026-02-18,66.65,31611.49,Rendeng,272.36,Cleaned
1784,3,2,2026-02-18,61.94,28357.63,Rendeng,272.36,Cleaned
1785,3,3,2026-02-18,40.69,30751.98,Rendeng,272.36,Cleaned
1786,3,4,2026-02-18,39.21,36729.55,Rendeng,272.36,Cleaned
1787,3,5,2026-02-18,21.11,26747.23,Rendeng,272.36,Cleaned
1788,3,6,2026-02-18,10.19,24997.48,Rendeng,272.36,Cleaned
1789,4,1,2026-02-18,68.21,29871.17,Rendeng,272.36,Cleaned
1790,4,2,2026-02-18,65.02,32573.16,Rendeng,272.36,Cleaned
1791,4,3,2026-02-18,41.42,27082.09,Rendeng,272.36,Cleaned
1792,4,4,2026-02-18,36.27,32071.19,Rendeng,272.36,Cleaned
1793,4,5,2026-02-18,20.33,25240.73,Rendeng,272.36,Cleaned
1794,4,6,2026-02-18,11.03,25710.56,Rendeng,272.36,Cleaned
1795,5,1,2026-02-18,71.77,32791.82,Rendeng,272.36,Cleaned
1796,5,2,2026-02-18,60.68,27302.5,Rendeng,272.36,Cleaned
1797,5,3,2026-02-18,42.11,30383.52,Rendeng,272.36,Cleaned
1798,5,4,2026-02-18,39.4,35001.95,Rendeng,272.36,Cleaned
1799,5,5,2026-02-18,19.99,27086.34,Rendeng,272.36,Cleaned
1800,5,6,2026-02-18,10.78,26986.25,Rendeng,272.36,Cleaned
1801,1,1,2026-02-25,58.55,30152.82,Rendeng,235.82,Cleaned
1802,1,2,2026-02-25,56.21,31187.0,Rendeng,235.82,Cleaned
1803,1,3,2026-02-25,36.41,31058.17,Rendeng,235.82,Cleaned
1804,1,4,2026-02-25,33.42,36257.43,Rendeng,235.82,Cleaned
1805,1,5,2026-02-25,18.07,22505.56,Rendeng,235.82,Cleaned
1806,1,6,2026-02-25,9.14,26245.75,Rendeng,235.82,Cleaned
1807,2,1,2026-02-25,61.72,30802.27,Rendeng,235.82,Cleaned
1808,2,2,2026-02-25,52.45,30560.77,Rendeng,235.82,Cleaned
1809,2,3,2026-02-25,37.62,30339.47,Rendeng,235.82,Cleaned
1810,2,4,2026-02-25,31.94,33899.12,Rendeng,235.82,Cleaned
1811,2,5,2026-02-25,17.7,24510.14,Rendeng,235.82,Cleaned
1812,2,6,2026-02-25,9.15,28759.17,Rendeng,235.82,Cleaned
1813,3,1,2026-02-25,59.74,27000.18,Rendeng,235.82,Cleaned
1814,3,2,2026-02-25,54.9,31272.82,Rendeng,235.82,Cleaned
1815,3,3,2026-02-25,34.78,27077.38,Rendeng,235.82,Cleaned
1816,3,4,2026-02-25,32.46,35282.1,Rendeng,235.82,Cleaned
1817,3,5,2026-02-25,18.49,22925.28,Rendeng,235.82,Cleaned
1818,3,6,2026-02-25,9.87,27768.8,Rendeng,235.82,Cleaned
1819,4,1,2026-02-25,63.19,29332.36,Rendeng,235.82,Cleaned
1820,4,2,2026-02-25,51.67,28441.79,Rendeng,235.82,Cleaned
1821,4,3,2026-02-25,35.95,27579.87,Rendeng,235.82,Cleaned
1822,4,4,2026-02-25,32.6,32738.28,Rendeng,235.82,Cleaned
1823,4,5,2026-02-25,18.12,25159.36,Rendeng,235.82,Cleaned
1824,4,6,2026-02-25,9.15,29554.9,Rendeng,235.82,Cleaned
1825,5,1,2026-02-25,59.39,28834.46,Rendeng,235.82,Cleaned
1826,5,2,2026-02-25,56.18,29416.22,Rendeng,235.82,Cleaned
1827,5,3,2026-02-25,37.67,28891.44,Rendeng,235.82,Cleaned
1828,5,4,2026-02-25,34.46,32432.47,Rendeng,235.82,Cleaned
1829,5,5,2026-02-25,17.61,25392.46,Rendeng,235.82,Cleaned
1830,5,6,2026-02-25,9.16,28563.82,Rendeng,235.82,Cleaned
1831,1,1,2026-03-04,16.16,29999.75,Gadu,59.04,Cleaned
1832,1,2,2026-03-04,14.25,31381.5,Gadu,59.04,Cleaned
1833,1,3,2026-03-04,7.72,27154.14,Gadu,59.04,Cleaned
1834,1,4,2026-03-04,8.8,33491.79,Gadu,59.04,Cleaned
1835,1,5,2026-03-04,5.75,26749.8,Gadu,59.04,Cleaned
1836,1,6,2026-03-04,1.98,25829.35,Gadu,59.04,Cleaned
1837,2,1,2026-03-04,15.03,30513.38,Gadu,59.04,Cleaned
1838,2,2,2026-03-04,11.92,30248.25,Gadu,59.04,Cleaned
1839,2,3,2026-03-04,9.31,30266.07,Gadu,59.04,Cleaned
1840,2,4,2026-03-04,7.37,33136.19,Gadu,59.04,Cleaned
1841,2,5,2026-03-04,5.18,22707.89,Gadu,59.04,Cleaned
1842,2,6,2026-03-04,2.41,27489.71,Gadu,59.04,Cleaned
1843,3,1,2026-03-04,13.04,28846.63,Gadu,59.04,Cleaned
1844,3,2,2026-03-04,15.07,30681.83,Gadu,59.04,Cleaned
1845,3,3,2026-03-04,10.92,29188.93,Gadu,59.04,Cleaned
1846,3,4,2026-03-04,8.93,35986.76,Gadu,59.04,Cleaned
1847,3,5,2026-03-04,3.75,26008.69,Gadu,59.04,Cleaned
1848,3,6,2026-03-04,2.23,27810.56,Gadu,59.04,Cleaned
1849,4,1,2026-03-04,16.5,27125.6,Gadu,59.04,Cleaned
1850,4,2,2026-03-04,13.2,28894.64,Gadu,59.04,Cleaned
1851,4,3,2026-03-04,7.9,31053.98,Gadu,59.04,Cleaned
1852,4,4,2026-03-04,9.63,34271.56,Gadu,59.04,Cleaned
1853,4,5,2026-03-04,4.38,24561.4,Gadu,59.04,Cleaned
1854,4,6,2026-03-04,2.73,29891.01,Gadu,59.04,Cleaned
1855,5,1,2026-03-04,14.14,30507.26,Gadu,59.04,Cleaned
1856,5,2,2026-03-04,13.03,32815.93,Gadu,59.04,Cleaned
1857,5,3,2026-03-04,8.4,29035.83,Gadu,59.04,Cleaned
1858,5,4,2026-03-04,8.15,35041.52,Gadu,59.04,Cleaned
1859,5,5,2026-03-04,4.81,27488.75,Gadu,59.04,Cleaned
1860,5,6,2026-03-04,1.99,27234.57,Gadu,59.04,Cleaned
1861,1,1,2026-03-11,7.15,32299.64,Gadu,34.83,Cleaned
1862,1,2,2026-03-11,7.62,29488.95,Gadu,34.83,Cleaned
1863,1,3,2026-03-11,7.19,29652.2,Gadu,34.83,Cleaned
1864,1,4,2026-03-11,3.73,36037.63,Gadu,34.83,Cleaned
1865,1,5,2026-03-11,2.78,27272.83,Gadu,34.83,Cleaned
1866,1,6,2026-03-11,1.49,25582.88,Gadu,34.83,Cleaned
1867,2,1,2026-03-11,13.63,30490.42,Gadu,34.83,Cleaned
1868,2,2,2026-03-11,7.1,29408.77,Gadu,34.83,Cleaned
1869,2,3,2026-03-11,4.4,29350.45,Gadu,34.83,Cleaned
1870,2,4,2026-03-11,4.53,32638.63,Gadu,34.83,Cleaned
1871,2,5,2026-03-11,2.19,22792.83,Gadu,34.83,Cleaned
1872,2,6,2026-03-11,1.53,27788.01,Gadu,34.83,Cleaned
1873,3,1,2026-03-11,10.85,30461.89,Gadu,34.83,Cleaned
1874,3,2,2026-03-11,8.48,29072.89,Gadu,34.83,Cleaned
1875,3,3,2026-03-11,5.57,27475.68,Gadu,34.83,Cleaned
1876,3,4,2026-03-11,6.38,35460.95,Gadu,34.83,Cleaned
1877,3,5,2026-03-11,2.56,23981.63,Gadu,34.83,Cleaned
1878,3,6,2026-03-11,1.57,25539.08,Gadu,34.83,Cleaned
1879,4,1,2026-03-11,8.5,30574.08,Gadu,34.83,Cleaned
1880,4,2,2026-03-11,6.05,27483.69,Gadu,34.83,Cleaned
1881,4,3,2026-03-11,6.75,27481.12,Gadu,34.83,Cleaned
1882,4,4,2026-03-11,5.25,34837.87,Gadu,34.83,Cleaned
1883,4,5,2026-03-11,3.31,26417.35,Gadu,34.83,Cleaned
1884,4,6,2026-03-11,1.46,26273.88,Gadu,34.83,Cleaned
1885,5,1,2026-03-11,10.01,27241.71,Gadu,34.83,Cleaned
1886,5,2,2026-03-11,6.63,29432.54,Gadu,34.83,Cleaned
1887,5,3,2026-03-11,8.4,32615.62,Gadu,34.83,Cleaned
1888,5,4,2026-03-11,5.47,36205.75,Gadu,34.83,Cleaned
1889,5,5,2026-03-11,3.47,27252.66,Gadu,34.83,Cleaned
1890,5,6,2026-03-11,1.32,24871.36,Gadu,34.83,Cleaned
1891,1,1,2026-03-18,18.9,29639.13,Gadu,78.78,Cleaned
1892,1,2,2026-03-18,17.48,30863.74,Gadu,78.78,Cleaned
1893,1,3,2026-03-18,11.49,30596.77,Gadu,78.78,Cleaned
1894,1,4,2026-03-18,10.95,37816.82,Gadu,78.78,Cleaned
1895,1,5,2026-03-18,5.31,24712.89,Gadu,78.78,Cleaned
1896,1,6,2026-03-18,2.88,25015.99,Gadu,78.78,Cleaned
1897,2,1,2026-03-18,21.02,30528.0,Gadu,78.78,Cleaned
1898,2,2,2026-03-18,18.9,29118.62,Gadu,78.78,Cleaned
1899,2,3,2026-03-18,12.41,31955.59,Gadu,78.78,Cleaned
1900,2,4,2026-03-18,12.57,35920.21,Gadu,78.78,Cleaned
1901,2,5,2026-03-18,6.33,24570.71,Gadu,78.78,Cleaned
1902,2,6,2026-03-18,3.42,30018.7,Gadu,78.78,Cleaned
1903,3,1,2026-03-18,24.57,28322.93,Gadu,78.78,Cleaned
1904,3,2,2026-03-18,19.72,30753.9,Gadu,78.78,Cleaned
1905,3,3,2026-03-18,10.63,27357.52,Gadu,78.78,Cleaned
1906,3,4,2026-03-18,11.42,35730.52,Gadu,78.78,Cleaned
1907,3,5,2026-03-18,6.14,23633.86,Gadu,78.78,Cleaned
1908,3,6,2026-03-18,3.49,28415.87,Gadu,78.78,Cleaned
1909,4,1,2026-03-18,19.99,27980.2,Gadu,78.78,Cleaned
1910,4,2,2026-03-18,16.79,28106.75,Gadu,78.78,Cleaned
1911,4,3,2026-03-18,11.57,27306.9,Gadu,78.78,Cleaned
1912,4,4,2026-03-18,9.78,34284.55,Gadu,78.78,Cleaned
1913,4,5,2026-03-18,4.37,24413.92,Gadu,78.78,Cleaned
1914,4,6,2026-03-18,3.62,29365.31,Gadu,78.78,Cleaned
1915,5,1,2026-03-18,20.24,27372.25,Gadu,78.78,Cleaned
1916,5,2,2026-03-18,16.15,27426.93,Gadu,78.78,Cleaned
1917,5,3,2026-03-18,14.08,32268.2,Gadu,78.78,Cleaned
1918,5,4,2026-03-18,13.12,35405.12,Gadu,78.78,Cleaned
1919,5,5,2026-03-18,6.16,25727.86,Gadu,78.78,Cleaned
1920,5,6,2026-03-18,2.64,25000.72,Gadu,78.78,Cleaned
1921,1,1,2026-03-25,18.61,27463.13,Gadu,76.22,Cleaned
1922,1,2,2026-03-25,19.01,28019.32,Gadu,76.22,Cleaned
1923,1,3,2026-03-25,9.84,29148.84,Gadu,76.22,Cleaned
1924,1,4,2026-03-25,10.88,38426.54,Gadu,76.22,Cleaned
1925,1,5,2026-03-25,6.05,23212.78,Gadu,76.22,Cleaned
1926,1,6,2026-03-25,2.97,26851.77,Gadu,76.22,Cleaned
1927,2,1,2026-03-25,18.03,27025.12,Gadu,76.22,Cleaned
1928,2,2,2026-03-25,17.77,31022.61,Gadu,76.22,Cleaned
1929,2,3,2026-03-25,10.44,29937.86,Gadu,76.22,Cleaned
1930,2,4,2026-03-25,12.62,34408.1,Gadu,76.22,Cleaned
1931,2,5,2026-03-25,5.93,26143.28,Gadu,76.22,Cleaned
1932,2,6,2026-03-25,3.08,26484.5,Gadu,76.22,Cleaned
1933,3,1,2026-03-25,16.86,27581.79,Gadu,76.22,Cleaned
1934,3,2,2026-03-25,16.61,28074.19,Gadu,76.22,Cleaned
1935,3,3,2026-03-25,12.44,30281.57,Gadu,76.22,Cleaned
1936,3,4,2026-03-25,11.85,34825.63,Gadu,76.22,Cleaned
1937,3,5,2026-03-25,5.35,26412.13,Gadu,76.22,Cleaned
1938,3,6,2026-03-25,2.55,30208.83,Gadu,76.22,Cleaned
1939,4,1,2026-03-25,20.51,31983.74,Gadu,76.22,Cleaned
1940,4,2,2026-03-25,16.99,28347.94,Gadu,76.22,Cleaned
1941,4,3,2026-03-25,9.96,32869.32,Gadu,76.22,Cleaned
1942,4,4,2026-03-25,8.95,32766.24,Gadu,76.22,Cleaned
1943,4,5,2026-03-25,5.52,26154.35,Gadu,76.22,Cleaned
1944,4,6,2026-03-25,3.24,27060.06,Gadu,76.22,Cleaned
1945,5,1,2026-03-25,21.85,31824.99,Gadu,76.22,Cleaned
1946,5,2,2026-03-25,18.08,32198.54,Gadu,76.22,Cleaned
1947,5,3,2026-03-25,11.91,27839.92,Gadu,76.22,Cleaned
1948,5,4,2026-03-25,10.36,34410.73,Gadu,76.22,Cleaned
1949,5,5,2026-03-25,4.59,25098.06,Gadu,76.22,Cleaned
1950,5,6,2026-03-25,3.25,30230.89,Gadu,76.22,Cleaned
1951,1,1,2026-04-01,3.14,27798.06,Gadu,19.47,Cleaned
1952,1,2,2026-04-01,7.31,27952.42,Gadu,19.47,Cleaned
1953,1,3,2026-04-01,2.32,31015.31,Gadu,19.47,Cleaned
1954,1,4,2026-04-01,1.5,34886.62,Gadu,19.47,Cleaned
1955,1,5,2026-04-01,1.0,25468.9,Gadu,19.47,Cleaned
1956,1,6,2026-04-01,1.0,27915.76,Gadu,19.47,Cleaned
1957,2,1,2026-04-01,4.79,30320.83,Gadu,19.47,Cleaned
1958,2,2,2026-04-01,2.35,30421.72,Gadu,19.47,Cleaned
1959,2,3,2026-04-01,3.78,27151.19,Gadu,19.47,Cleaned
1960,2,4,2026-04-01,1.89,33983.82,Gadu,19.47,Cleaned
1961,2,5,2026-04-01,1.69,23805.81,Gadu,19.47,Cleaned
1962,2,6,2026-04-01,1.17,28572.24,Gadu,19.47,Cleaned
1963,3,1,2026-04-01,7.64,31410.15,Gadu,19.47,Cleaned
1964,3,2,2026-04-01,5.04,30660.65,Gadu,19.47,Cleaned
1965,3,3,2026-04-01,1.71,28568.0,Gadu,19.47,Cleaned
1966,3,4,2026-04-01,2.71,34433.7,Gadu,19.47,Cleaned
1967,3,5,2026-04-01,1.7,23940.92,Gadu,19.47,Cleaned
1968,3,6,2026-04-01,1.47,24785.55,Gadu,19.47,Cleaned
1969,4,1,2026-04-01,1.45,31407.65,Gadu,19.47,Cleaned
1970,4,2,2026-04-01,4.44,27143.68,Gadu,19.47,Cleaned
1971,4,3,2026-04-01,3.73,28046.46,Gadu,19.47,Cleaned
1972,4,4,2026-04-01,2.88,34801.55,Gadu,19.47,Cleaned
1973,4,5,2026-04-01,1.63,25252.66,Gadu,19.47,Cleaned
1974,4,6,2026-04-01,1.0,26990.51,Gadu,19.47,Cleaned
1975,5,1,2026-04-01,6.84,28177.77,Gadu,19.47,Cleaned
1976,5,2,2026-04-01,4.58,27135.39,Gadu,19.47,Cleaned
1977,5,3,2026-04-01,3.26,32343.95,Gadu,19.47,Cleaned
1978,5,4,2026-04-01,3.88,35678.62,Gadu,19.47,Cleaned
1979,5,5,2026-04-01,1.33,26249.3,Gadu,19.47,Cleaned
1980,5,6,2026-04-01,1.13,29771.73,Gadu,19.47,Cleaned
1981,1,1,2026-04-08,11.73,28191.87,Gadu,50.05,Cleaned
1982,1,2,2026-04-08,10.18,28481.14,Gadu,50.05,Cleaned
1983,1,3,2026-04-08,8.3,30527.95,Gadu,50.05,Cleaned
1984,1,4,2026-04-08,5.12,34485.5,Gadu,50.05,Cleaned
1985,1,5,2026-04-08,3.43,22938.94,Gadu,50.05,Cleaned
1986,1,6,2026-04-08,1.98,25695.06,Gadu,50.05,Cleaned
1987,2,1,2026-04-08,9.97,28699.71,Gadu,50.05,Cleaned
1988,2,2,2026-04-08,11.71,29401.88,Gadu,50.05,Cleaned
1989,2,3,2026-04-08,9.24,31791.93,Gadu,50.05,Cleaned
1990,2,4,2026-04-08,8.31,38029.27,Gadu,50.05,Cleaned
1991,2,5,2026-04-08,3.79,25322.95,Gadu,50.05,Cleaned
1992,2,6,2026-04-08,2.21,28396.65,Gadu,50.05,Cleaned
1993,3,1,2026-04-08,13.76,32981.7,Gadu,50.05,Cleaned
1994,3,2,2026-04-08,11.89,31320.94,Gadu,50.05,Cleaned
1995,3,3,2026-04-08,8.45,27295.33,Gadu,50.05,Cleaned
1996,3,4,2026-04-08,6.67,33117.57,Gadu,50.05,Cleaned
1997,3,5,2026-04-08,3.69,23603.26,Gadu,50.05,Cleaned
1998,3,6,2026-04-08,2.06,25509.69,Gadu,50.05,Cleaned
1999,4,1,2026-04-08,12.83,31049.36,Gadu,50.05,Cleaned
2000,4,2,2026-04-08,13.54,28434.4,Gadu,50.05,Cleaned
2001,4,3,2026-04-08,8.61,28875.59,Gadu,50.05,Cleaned
2002,4,4,2026-04-08,7.89,34374.78,Gadu,50.05,Cleaned
2003,4,5,2026-04-08,4.17,24016.93,Gadu,50.05,Cleaned
2004,4,6,2026-04-08,1.98,29050.4,Gadu,50.05,Cleaned
2005,5,1,2026-04-08,14.3,32793.83,Gadu,50.05,Cleaned
2006,5,2,2026-04-08,13.37,29361.33,Gadu,50.05,Cleaned
2007,5,3,2026-04-08,8.14,31375.86,Gadu,50.05,Cleaned
2008,5,4,2026-04-08,6.19,35525.42,Gadu,50.05,Cleaned
2009,5,5,2026-04-08,3.86,24060.95,Gadu,50.05,Cleaned
2010,5,6,2026-04-08,1.5,27101.07,Gadu,50.05,Cleaned
2011,1,1,2026-04-15,12.54,29431.95,Gadu,55.17,Cleaned
2012,1,2,2026-04-15,14.05,28614.97,Gadu,55.17,Cleaned
2013,1,3,2026-04-15,9.18,32455.52,Gadu,55.17,Cleaned
2014,1,4,2026-04-15,7.11,34091.63,Gadu,55.17,Cleaned
2015,1,5,2026-04-15,4.49,26730.62,Gadu,55.17,Cleaned
2016,1,6,2026-04-15,2.2,25755.47,Gadu,55.17,Cleaned
2017,2,1,2026-04-15,13.91,29035.44,Gadu,55.17,Cleaned
2018,2,2,2026-04-15,13.52,27374.59,Gadu,55.17,Cleaned
2019,2,3,2026-04-15,7.35,28491.24,Gadu,55.17,Cleaned
2020,2,4,2026-04-15,7.74,33718.6,Gadu,55.17,Cleaned
2021,2,5,2026-04-15,4.39,24012.33,Gadu,55.17,Cleaned
2022,2,6,2026-04-15,2.18,29472.84,Gadu,55.17,Cleaned
2023,3,1,2026-04-15,14.93,27880.17,Gadu,55.17,Cleaned
2024,3,2,2026-04-15,13.68,31141.94,Gadu,55.17,Cleaned
2025,3,3,2026-04-15,8.66,28989.7,Gadu,55.17,Cleaned
2026,3,4,2026-04-15,8.17,35004.06,Gadu,55.17,Cleaned
2027,3,5,2026-04-15,4.34,23099.76,Gadu,55.17,Cleaned
2028,3,6,2026-04-15,2.76,26466.35,Gadu,55.17,Cleaned
2029,4,1,2026-04-15,14.86,27823.8,Gadu,55.17,Cleaned
2030,4,2,2026-04-15,13.27,32714.32,Gadu,55.17,Cleaned
2031,4,3,2026-04-15,9.86,31510.95,Gadu,55.17,Cleaned
2032,4,4,2026-04-15,6.45,37183.62,Gadu,55.17,Cleaned
2033,4,5,2026-04-15,4.16,26792.53,Gadu,55.17,Cleaned
2034,4,6,2026-04-15,2.22,25474.28,Gadu,55.17,Cleaned
2035,5,1,2026-04-15,16.13,31066.34,Gadu,55.17,Cleaned
2036,5,2,2026-04-15,14.24,28513.89,Gadu,55.17,Cleaned
2037,5,3,2026-04-15,8.41,27321.81,Gadu,55.17,Cleaned
2038,5,4,2026-04-15,7.86,36522.25,Gadu,55.17,Cleaned
2039,5,5,2026-04-15,4.93,24416.99,Gadu,55.17,Cleaned
2040,5,6,2026-04-15,2.1,25675.53,Gadu,55.17,Cleaned
2041,1,1,2026-04-22,14.99,31322.3,Gadu,68.55,Cleaned
2042,1,2,2026-04-22,16.19,30066.68,Gadu,68.55,Cleaned
2043,1,3,2026-04-22,9.55,31972.25,Gadu,68.55,Cleaned
2044,1,4,2026-04-22,12.09,37306.94,Gadu,68.55,Cleaned
2045,1,5,2026-04-22,4.93,26694.27,Gadu,68.55,Cleaned
2046,1,6,2026-04-22,2.73,28440.57,Gadu,68.55,Cleaned
2047,2,1,2026-04-22,15.7,32275.68,Gadu,68.55,Cleaned
2048,2,2,2026-04-22,18.25,31352.23,Gadu,68.55,Cleaned
2049,2,3,2026-04-22,10.29,32318.28,Gadu,68.55,Cleaned
2050,2,4,2026-04-22,8.69,31830.38,Gadu,68.55,Cleaned
2051,2,5,2026-04-22,5.32,25656.88,Gadu,68.55,Cleaned
2052,2,6,2026-04-22,2.69,26238.08,Gadu,68.55,Cleaned
2053,3,1,2026-04-22,19.49,29358.73,Gadu,68.55,Cleaned
2054,3,2,2026-04-22,14.56,27835.52,Gadu,68.55,Cleaned
2055,3,3,2026-04-22,10.57,32854.67,Gadu,68.55,Cleaned
2056,3,4,2026-04-22,9.39,34083.95,Gadu,68.55,Cleaned
2057,3,5,2026-04-22,4.48,25102.72,Gadu,68.55,Cleaned
2058,3,6,2026-04-22,2.28,27173.66,Gadu,68.55,Cleaned
2059,4,1,2026-04-22,17.61,30046.55,Gadu,68.55,Cleaned
2060,4,2,2026-04-22,17.63,27830.23,Gadu,68.55,Cleaned
2061,4,3,2026-04-22,10.79,30572.2,Gadu,68.55,Cleaned
2062,4,4,2026-04-22,9.07,34406.02,Gadu,68.55,Cleaned
2063,4,5,2026-04-22,6.08,23478.56,Gadu,68.55,Cleaned
2064,4,6,2026-04-22,2.53,29261.39,Gadu,68.55,Cleaned
2065,5,1,2026-04-22,15.66,29748.17,Gadu,68.55,Cleaned
2066,5,2,2026-04-22,18.98,28539.88,Gadu,68.55,Cleaned
2067,5,3,2026-04-22,10.64,28925.13,Gadu,68.55,Cleaned
2068,5,4,2026-04-22,11.41,35672.35,Gadu,68.55,Cleaned
2069,5,5,2026-04-22,5.27,27103.46,Gadu,68.55,Cleaned
2070,5,6,2026-04-22,2.64,26647.59,Gadu,68.55,Cleaned
2071,1,1,2026-04-29,2.83,28317.81,Gadu,13.83,Cleaned
2072,1,2,2026-04-29,1.0,27001.36,Gadu,13.83,Cleaned
2073,1,3,2026-04-29,1.3,27722.18,Gadu,13.83,Cleaned
2074,1,4,2026-04-29,2.5,31973.23,Gadu,13.83,Cleaned
2075,1,5,2026-04-29,1.25,24652.68,Gadu,13.83,Cleaned
2076,1,6,2026-04-29,1.0,25405.27,Gadu,13.83,Cleaned
2077,2,1,2026-04-29,1.0,29248.95,Gadu,13.83,Cleaned
2078,2,2,2026-04-29,3.5,30727.98,Gadu,13.83,Cleaned
2079,2,3,2026-04-29,1.45,27213.54,Gadu,13.83,Cleaned
2080,2,4,2026-04-29,2.3,38460.31,Gadu,13.83,Cleaned
2081,2,5,2026-04-29,1.79,24206.22,Gadu,13.83,Cleaned
2082,2,6,2026-04-29,1.0,27193.01,Gadu,13.83,Cleaned
2083,3,1,2026-04-29,3.75,32168.67,Gadu,13.83,Cleaned
2084,3,2,2026-04-29,6.73,32196.21,Gadu,13.83,Cleaned
2085,3,3,2026-04-29,2.45,29899.39,Gadu,13.83,Cleaned
2086,3,4,2026-04-29,1.93,38408.27,Gadu,13.83,Cleaned
2087,3,5,2026-04-29,1.0,25191.97,Gadu,13.83,Cleaned
2088,3,6,2026-04-29,1.0,30206.75,Gadu,13.83,Cleaned
2089,4,1,2026-04-29,1.67,27041.89,Gadu,13.83,Cleaned
2090,4,2,2026-04-29,5.45,29420.89,Gadu,13.83,Cleaned
2091,4,3,2026-04-29,2.89,29023.98,Gadu,13.83,Cleaned
2092,4,4,2026-04-29,1.37,37292.67,Gadu,13.83,Cleaned
2093,4,5,2026-04-29,1.0,22840.93,Gadu,13.83,Cleaned
2094,4,6,2026-04-29,1.0,25779.18,Gadu,13.83,Cleaned
2095,5,1,2026-04-29,1.0,29504.37,Gadu,13.83,Cleaned
2096,5,2,2026-04-29,4.01,29261.2,Gadu,13.83,Cleaned
2097,5,3,2026-04-29,1.0,27640.8,Gadu,13.83,Cleaned
2098,5,4,2026-04-29,1.86,38173.82,Gadu,13.83,Cleaned
2099,5,5,2026-04-29,1.0,23990.33,Gadu,13.83,Cleaned
2100,5,6,2026-04-29,1.0,26512.21,Gadu,13.83,Cleaned
2101,1,1,2026-05-06,4.77,30809.44,Gadu,21.5,Cleaned
2102,1,2,2026-05-06,5.46,27743.08,Gadu,21.5,Cleaned
2103,1,3,2026-05-06,3.87,30267.79,Gadu,21.5,Cleaned
2104,1,4,2026-05-06,2.54,32045.0,Gadu,21.5,Cleaned
2105,1,5,2026-05-06,1.54,26769.71,Gadu,21.5,Cleaned
2106,1,6,2026-05-06,1.0,24822.76,Gadu,21.5,Cleaned
2107,2,1,2026-05-06,8.53,32608.77,Gadu,21.5,Cleaned
2108,2,2,2026-05-06,5.08,32455.21,Gadu,21.5,Cleaned
2109,2,3,2026-05-06,2.57,28733.81,Gadu,21.5,Cleaned
2110,2,4,2026-05-06,2.09,34139.38,Gadu,21.5,Cleaned
2111,2,5,2026-05-06,2.19,23299.4,Gadu,21.5,Cleaned
2112,2,6,2026-05-06,1.0,28551.86,Gadu,21.5,Cleaned
2113,3,1,2026-05-06,4.53,30020.07,Gadu,21.5,Cleaned
2114,3,2,2026-05-06,3.41,31778.64,Gadu,21.5,Cleaned
2115,3,3,2026-05-06,4.22,27934.64,Gadu,21.5,Cleaned
2116,3,4,2026-05-06,4.41,35329.32,Gadu,21.5,Cleaned
2117,3,5,2026-05-06,1.53,24567.58,Gadu,21.5,Cleaned
2118,3,6,2026-05-06,1.0,24968.96,Gadu,21.5,Cleaned
2119,4,1,2026-05-06,5.25,27258.6,Gadu,21.5,Cleaned
2120,4,2,2026-05-06,5.67,28074.57,Gadu,21.5,Cleaned
2121,4,3,2026-05-06,3.95,27847.19,Gadu,21.5,Cleaned
2122,4,4,2026-05-06,2.89,36844.61,Gadu,21.5,Cleaned
2123,4,5,2026-05-06,2.41,24212.96,Gadu,21.5,Cleaned
2124,4,6,2026-05-06,1.0,28202.18,Gadu,21.5,Cleaned
2125,5,1,2026-05-06,4.78,32628.38,Gadu,21.5,Cleaned
2126,5,2,2026-05-06,4.39,32505.88,Gadu,21.5,Cleaned
2127,5,3,2026-05-06,3.63,31849.61,Gadu,21.5,Cleaned
2128,5,4,2026-05-06,3.94,31983.26,Gadu,21.5,Cleaned
2129,5,5,2026-05-06,1.0,25678.23,Gadu,21.5,Cleaned
2130,5,6,2026-05-06,1.0,26707.77,Gadu,21.5,Cleaned
2131,1,1,2026-05-13,7.61,29292.74,Gadu,20.4,Cleaned
2132,1,2,2026-05-13,5.36,27793.61,Gadu,20.4,Cleaned
2133,1,3,2026-05-13,2.43,28799.39,Gadu,20.4,Cleaned
2134,1,4,2026-05-13,2.13,35999.57,Gadu,20.4,Cleaned
2135,1,5,2026-05-13,2.5,24312.51,Gadu,20.4,Cleaned
2136,1,6,2026-05-13,1.02,29281.99,Gadu,20.4,Cleaned
2137,2,1,2026-05-13,4.94,31805.63,Gadu,20.4,Cleaned
2138,2,2,2026-05-13,2.23,28080.95,Gadu,20.4,Cleaned
2139,2,3,2026-05-13,4.63,27152.09,Gadu,20.4,Cleaned
2140,2,4,2026-05-13,1.71,36330.33,Gadu,20.4,Cleaned
2141,2,5,2026-05-13,1.36,25549.06,Gadu,20.4,Cleaned
2142,2,6,2026-05-13,1.0,26074.42,Gadu,20.4,Cleaned
2143,3,1,2026-05-13,3.84,27882.98,Gadu,20.4,Cleaned
2144,3,2,2026-05-13,4.37,28787.86,Gadu,20.4,Cleaned
2145,3,3,2026-05-13,3.13,27739.48,Gadu,20.4,Cleaned
2146,3,4,2026-05-13,2.65,33653.75,Gadu,20.4,Cleaned
2147,3,5,2026-05-13,1.75,26922.39,Gadu,20.4,Cleaned
2148,3,6,2026-05-13,1.26,27796.96,Gadu,20.4,Cleaned
2149,4,1,2026-05-13,2.56,27997.38,Gadu,20.4,Cleaned
2150,4,2,2026-05-13,4.98,32498.93,Gadu,20.4,Cleaned
2151,4,3,2026-05-13,1.87,31558.94,Gadu,20.4,Cleaned
2152,4,4,2026-05-13,1.31,33871.76,Gadu,20.4,Cleaned
2153,4,5,2026-05-13,2.12,22748.03,Gadu,20.4,Cleaned
2154,4,6,2026-05-13,1.0,26163.84,Gadu,20.4,Cleaned
2155,5,1,2026-05-13,2.28,31463.43,Gadu,20.4,Cleaned
2156,5,2,2026-05-13,4.37,32515.25,Gadu,20.4,Cleaned
2157,5,3,2026-05-13,1.01,32769.3,Gadu,20.4,Cleaned
2158,5,4,2026-05-13,1.94,34613.97,Gadu,20.4,Cleaned
2159,5,5,2026-05-13,1.0,27047.74,Gadu,20.4,Cleaned
2160,5,6,2026-05-13,1.0,27879.26,Gadu,20.4,Cleaned
2161,1,1,2026-05-20,15.2,29602.17,Gadu,63.35,Cleaned
2162,1,2,2026-05-20,16.47,32090.83,Gadu,63.35,Cleaned
2163,1,3,2026-05-20,11.12,32645.95,Gadu,63.35,Cleaned
2164,1,4,2026-05-20,8.35,35862.47,Gadu,63.35,Cleaned
2165,1,5,2026-05-20,5.33,26725.2,Gadu,63.35,Cleaned
2166,1,6,2026-05-20,2.62,26922.79,Gadu,63.35,Cleaned
2167,2,1,2026-05-20,16.0,31042.54,Gadu,63.35,Cleaned
2168,2,2,2026-05-20,13.63,29702.1,Gadu,63.35,Cleaned
2169,2,3,2026-05-20,8.89,30808.46,Gadu,63.35,Cleaned
2170,2,4,2026-05-20,10.3,32804.94,Gadu,63.35,Cleaned
2171,2,5,2026-05-20,5.04,23520.32,Gadu,63.35,Cleaned
2172,2,6,2026-05-20,2.9,26355.51,Gadu,63.35,Cleaned
2173,3,1,2026-05-20,16.02,28296.19,Gadu,63.35,Cleaned
2174,3,2,2026-05-20,17.5,32803.63,Gadu,63.35,Cleaned
2175,3,3,2026-05-20,8.73,32387.73,Gadu,63.35,Cleaned
2176,3,4,2026-05-20,6.2,35175.35,Gadu,63.35,Cleaned
2177,3,5,2026-05-20,4.29,24733.63,Gadu,63.35,Cleaned
2178,3,6,2026-05-20,2.68,25428.97,Gadu,63.35,Cleaned
2179,4,1,2026-05-20,17.69,32034.6,Gadu,63.35,Cleaned
2180,4,2,2026-05-20,12.56,30303.96,Gadu,63.35,Cleaned
2181,4,3,2026-05-20,10.29,30601.51,Gadu,63.35,Cleaned
2182,4,4,2026-05-20,8.17,36618.75,Gadu,63.35,Cleaned
2183,4,5,2026-05-20,3.8,25742.32,Gadu,63.35,Cleaned
2184,4,6,2026-05-20,2.69,25126.42,Gadu,63.35,Cleaned
2185,5,1,2026-05-20,18.18,30583.87,Gadu,63.35,Cleaned
2186,5,2,2026-05-20,13.67,29361.81,Gadu,63.35,Cleaned
2187,5,3,2026-05-20,11.09,29040.03,Gadu,63.35,Cleaned
2188,5,4,2026-05-20,8.84,37587.55,Gadu,63.35,Cleaned
2189,5,5,2026-05-20,4.93,26737.74,Gadu,63.35,Cleaned
2190,5,6,2026-05-20,2.39,25750.0,Gadu,63.35,Cleaned
2191,1,1,2026-05-27,11.28,30212.09,Gadu,40.12,Cleaned
2192,1,2,2026-05-27,7.81,30811.94,Gadu,40.12,Cleaned
2193,1,3,2026-05-27,5.5,27248.98,Gadu,40.12,Cleaned
2194,1,4,2026-05-27,5.01,33754.47,Gadu,40.12,Cleaned
2195,1,5,2026-05-27,3.73,25834.64,Gadu,40.12,Cleaned
2196,1,6,2026-05-27,1.6,27144.68,Gadu,40.12,Cleaned
2197,2,1,2026-05-27,10.38,28553.43,Gadu,40.12,Cleaned
2198,2,2,2026-05-27,10.59,27316.96,Gadu,40.12,Cleaned
2199,2,3,2026-05-27,5.47,28816.65,Gadu,40.12,Cleaned
2200,2,4,2026-05-27,6.04,35227.3,Gadu,40.12,Cleaned
2201,2,5,2026-05-27,4.25,23331.28,Gadu,40.12,Cleaned
2202,2,6,2026-05-27,1.92,26838.56,Gadu,40.12,Cleaned
2203,3,1,2026-05-27,10.96,31365.79,Gadu,40.12,Cleaned
2204,3,2,2026-05-27,9.41,32535.62,Gadu,40.12,Cleaned
2205,3,3,2026-05-27,6.76,28152.14,Gadu,40.12,Cleaned
2206,3,4,2026-05-27,7.19,36166.8,Gadu,40.12,Cleaned
2207,3,5,2026-05-27,3.87,24948.93,Gadu,40.12,Cleaned
2208,3,6,2026-05-27,2.02,27657.61,Gadu,40.12,Cleaned
2209,4,1,2026-05-27,10.75,28185.34,Gadu,40.12,Cleaned
2210,4,2,2026-05-27,5.65,31831.05,Gadu,40.12,Cleaned
2211,4,3,2026-05-27,8.39,29626.3,Gadu,40.12,Cleaned
2212,4,4,2026-05-27,4.84,33437.28,Gadu,40.12,Cleaned
2213,4,5,2026-05-27,1.95,27164.34,Gadu,40.12,Cleaned
2214,4,6,2026-05-27,1.76,29824.55,Gadu,40.12,Cleaned
2215,5,1,2026-05-27,6.32,31422.79,Gadu,40.12,Cleaned
2216,5,2,2026-05-27,9.31,27220.28,Gadu,40.12,Cleaned
2217,5,3,2026-05-27,3.77,32523.22,Gadu,40.12,Cleaned
2218,5,4,2026-05-27,5.32,31584.02,Gadu,40.12,Cleaned
2219,5,5,2026-05-27,4.03,24925.09,Gadu,40.12,Cleaned
2220,5,6,2026-05-27,1.65,25219.72,Gadu,40.12,Cleaned
2221,1,1,2026-06-03,24.62,28419.66,Gadu,78.07,Cleaned
2222,1,2,2026-06-03,18.67,29900.99,Gadu,78.07,Cleaned
2223,1,3,2026-06-03,11.13,27636.96,Gadu,78.07,Cleaned
2224,1,4,2026-06-03,10.88,37362.31,Gadu,78.07,Cleaned
2225,1,5,2026-06-03,5.59,25024.56,Gadu,78.07,Cleaned
2226,1,6,2026-06-03,2.83,28978.11,Gadu,78.07,Cleaned
2227,2,1,2026-06-03,20.25,27715.26,Gadu,78.07,Cleaned
2228,2,2,2026-06-03,16.85,27218.77,Gadu,78.07,Cleaned
2229,2,3,2026-06-03,13.37,28574.45,Gadu,78.07,Cleaned
2230,2,4,2026-06-03,10.79,34451.99,Gadu,78.07,Cleaned
2231,2,5,2026-06-03,5.97,25388.07,Gadu,78.07,Cleaned
2232,2,6,2026-06-03,2.84,27889.99,Gadu,78.07,Cleaned
2233,3,1,2026-06-03,17.64,27639.74,Gadu,78.07,Cleaned
2234,3,2,2026-06-03,16.07,29200.79,Gadu,78.07,Cleaned
2235,3,3,2026-06-03,12.26,32797.65,Gadu,78.07,Cleaned
2236,3,4,2026-06-03,10.66,38290.52,Gadu,78.07,Cleaned
2237,3,5,2026-06-03,6.17,26004.33,Gadu,78.07,Cleaned
2238,3,6,2026-06-03,3.3,26318.63,Gadu,78.07,Cleaned
2239,4,1,2026-06-03,18.62,29892.1,Gadu,78.07,Cleaned
2240,4,2,2026-06-03,21.73,31546.66,Gadu,78.07,Cleaned
2241,4,3,2026-06-03,10.9,32547.85,Gadu,78.07,Cleaned
2242,4,4,2026-06-03,9.79,31893.57,Gadu,78.07,Cleaned
2243,4,5,2026-06-03,6.51,25551.82,Gadu,78.07,Cleaned
2244,4,6,2026-06-03,2.99,27755.24,Gadu,78.07,Cleaned
2245,5,1,2026-06-03,18.54,32112.29,Gadu,78.07,Cleaned
2246,5,2,2026-06-03,15.89,30355.31,Gadu,78.07,Cleaned
2247,5,3,2026-06-03,10.93,27096.17,Gadu,78.07,Cleaned
2248,5,4,2026-06-03,11.05,38245.8,Gadu,78.07,Cleaned
2249,5,5,2026-06-03,6.8,22898.58,Gadu,78.07,Cleaned
2250,5,6,2026-06-03,2.53,28507.13,Gadu,78.07,Cleaned
2251,1,1,2026-06-10,17.34,30490.33,Gadu,75.28,Cleaned
2252,1,2,2026-06-10,17.73,31598.08,Gadu,75.28,Cleaned
2253,1,3,2026-06-10,12.69,30892.1,Gadu,75.28,Cleaned
2254,1,4,2026-06-10,10.37,37794.74,Gadu,75.28,Cleaned
2255,1,5,2026-06-10,5.24,24048.46,Gadu,75.28,Cleaned
2256,1,6,2026-06-10,2.99,25859.87,Gadu,75.28,Cleaned
2257,2,1,2026-06-10,19.67,31058.39,Gadu,75.28,Cleaned
2258,2,2,2026-06-10,17.89,28805.8,Gadu,75.28,Cleaned
2259,2,3,2026-06-10,12.24,29844.95,Gadu,75.28,Cleaned
2260,2,4,2026-06-10,9.87,33080.53,Gadu,75.28,Cleaned
2261,2,5,2026-06-10,5.53,24130.85,Gadu,75.28,Cleaned
2262,2,6,2026-06-10,2.93,27327.06,Gadu,75.28,Cleaned
2263,3,1,2026-06-10,18.56,28221.21,Gadu,75.28,Cleaned
2264,3,2,2026-06-10,16.84,31614.37,Gadu,75.28,Cleaned
2265,3,3,2026-06-10,13.52,27126.05,Gadu,75.28,Cleaned
2266,3,4,2026-06-10,8.59,31741.02,Gadu,75.28,Cleaned
2267,3,5,2026-06-10,6.55,26926.19,Gadu,75.28,Cleaned
2268,3,6,2026-06-10,2.83,25226.89,Gadu,75.28,Cleaned
2269,4,1,2026-06-10,20.96,29327.84,Gadu,75.28,Cleaned
2270,4,2,2026-06-10,17.51,31977.39,Gadu,75.28,Cleaned
2271,4,3,2026-06-10,10.31,32629.09,Gadu,75.28,Cleaned
2272,4,4,2026-06-10,12.12,33428.97,Gadu,75.28,Cleaned
2273,4,5,2026-06-10,6.5,26326.58,Gadu,75.28,Cleaned
2274,4,6,2026-06-10,2.6,29861.72,Gadu,75.28,Cleaned
2275,5,1,2026-06-10,20.45,31431.28,Gadu,75.28,Cleaned
2276,5,2,2026-06-10,16.35,27382.77,Gadu,75.28,Cleaned
2277,5,3,2026-06-10,9.85,28826.94,Gadu,75.28,Cleaned
2278,5,4,2026-06-10,9.79,38380.63,Gadu,75.28,Cleaned
2279,5,5,2026-06-10,6.57,27383.09,Gadu,75.28,Cleaned
2280,5,6,2026-06-10,3.15,26824.61,Gadu,75.28,Cleaned
2281,1,1,2026-06-17,18.98,28083.95,Gadu,66.13,Cleaned
2282,1,2,2026-06-17,14.94,32686.12,Gadu,66.13,Cleaned
2283,1,3,2026-06-17,9.39,31537.15,Gadu,66.13,Cleaned
2284,1,4,2026-06-17,8.17,34256.29,Gadu,66.13,Cleaned
2285,1,5,2026-06-17,4.46,26211.85,Gadu,66.13,Cleaned
2286,1,6,2026-06-17,3.15,26005.82,Gadu,66.13,Cleaned
2287,2,1,2026-06-17,16.68,29845.85,Gadu,66.13,Cleaned
2288,2,2,2026-06-17,14.71,28008.12,Gadu,66.13,Cleaned
2289,2,3,2026-06-17,8.84,27344.35,Gadu,66.13,Cleaned
2290,2,4,2026-06-17,7.55,35583.15,Gadu,66.13,Cleaned
2291,2,5,2026-06-17,6.06,24596.67,Gadu,66.13,Cleaned
2292,2,6,2026-06-17,2.83,28606.04,Gadu,66.13,Cleaned
2293,3,1,2026-06-17,17.22,27044.12,Gadu,66.13,Cleaned
2294,3,2,2026-06-17,10.72,31150.32,Gadu,66.13,Cleaned
2295,3,3,2026-06-17,9.85,29209.5,Gadu,66.13,Cleaned
2296,3,4,2026-06-17,9.43,38353.22,Gadu,66.13,Cleaned
2297,3,5,2026-06-17,5.13,27049.65,Gadu,66.13,Cleaned
2298,3,6,2026-06-17,1.76,28694.94,Gadu,66.13,Cleaned
2299,4,1,2026-06-17,19.53,32186.2,Gadu,66.13,Cleaned
2300,4,2,2026-06-17,15.9,29741.33,Gadu,66.13,Cleaned
2301,4,3,2026-06-17,7.45,32800.24,Gadu,66.13,Cleaned
2302,4,4,2026-06-17,8.78,36380.16,Gadu,66.13,Cleaned
2303,4,5,2026-06-17,4.65,25248.59,Gadu,66.13,Cleaned
2304,4,6,2026-06-17,2.53,27044.4,Gadu,66.13,Cleaned
2305,5,1,2026-06-17,16.48,31958.79,Gadu,66.13,Cleaned
2306,5,2,2026-06-17,15.81,30346.13,Gadu,66.13,Cleaned
2307,5,3,2026-06-17,8.03,29816.44,Gadu,66.13,Cleaned
2308,5,4,2026-06-17,9.44,37505.0,Gadu,66.13,Cleaned
2309,5,5,2026-06-17,4.54,23145.36,Gadu,66.13,Cleaned
2310,5,6,2026-06-17,2.37,26388.23,Gadu,66.13,Cleaned
2311,1,1,2026-06-24,13.6,27997.11,Gadu,64.6,Cleaned
2312,1,2,2026-06-24,14.63,28996.38,Gadu,64.6,Cleaned
2313,1,3,2026-06-24,9.74,32928.74,Gadu,64.6,Cleaned
2314,1,4,2026-06-24,9.63,34896.61,Gadu,64.6,Cleaned
2315,1,5,2026-06-24,6.02,27418.56,Gadu,64.6,Cleaned
2316,1,6,2026-06-24,2.39,25025.96,Gadu,64.6,Cleaned
2317,2,1,2026-06-24,17.1,28690.95,Gadu,64.6,Cleaned
2318,2,2,2026-06-24,14.03,28105.81,Gadu,64.6,Cleaned
2319,2,3,2026-06-24,9.39,29806.32,Gadu,64.6,Cleaned
2320,2,4,2026-06-24,9.49,35741.28,Gadu,64.6,Cleaned
2321,2,5,2026-06-24,4.73,26417.51,Gadu,64.6,Cleaned
2322,2,6,2026-06-24,2.47,24807.82,Gadu,64.6,Cleaned
2323,3,1,2026-06-24,17.33,29597.04,Gadu,64.6,Cleaned
2324,3,2,2026-06-24,15.36,30213.25,Gadu,64.6,Cleaned
2325,3,3,2026-06-24,7.18,32324.55,Gadu,64.6,Cleaned
2326,3,4,2026-06-24,8.59,37757.53,Gadu,64.6,Cleaned
2327,3,5,2026-06-24,5.6,27134.54,Gadu,64.6,Cleaned
2328,3,6,2026-06-24,2.03,30041.32,Gadu,64.6,Cleaned
2329,4,1,2026-06-24,10.78,28672.17,Gadu,64.6,Cleaned
2330,4,2,2026-06-24,15.9,32753.23,Gadu,64.6,Cleaned
2331,4,3,2026-06-24,10.22,28695.3,Gadu,64.6,Cleaned
2332,4,4,2026-06-24,7.96,33453.06,Gadu,64.6,Cleaned
2333,4,5,2026-06-24,5.03,22912.86,Gadu,64.6,Cleaned
2334,4,6,2026-06-24,2.3,25599.86,Gadu,64.6,Cleaned
2335,5,1,2026-06-24,17.51,28552.75,Gadu,64.6,Cleaned
2336,5,2,2026-06-24,9.97,28898.74,Gadu,64.6,Cleaned
2337,5,3,2026-06-24,9.64,32799.35,Gadu,64.6,Cleaned
2338,5,4,2026-06-24,8.54,38112.95,Gadu,64.6,Cleaned
2339,5,5,2026-06-24,5.43,27047.98,Gadu,64.6,Cleaned
2340,5,6,2026-06-24,1.95,24784.01,Gadu,64.6,Cleaned
2341,1,1,2026-07-01,32.99,28545.79,Bera,131.07,Cleaned
2342,1,2,2026-07-01,30.29,29699.66,Bera,131.07,Cleaned
2343,1,3,2026-07-01,21.42,32972.53,Bera,131.07,Cleaned
2344,1,4,2026-07-01,19.44,33512.58,Bera,131.07,Cleaned
2345,1,5,2026-07-01,11.23,24528.23,Bera,131.07,Cleaned
2346,1,6,2026-07-01,5.7,25680.39,Bera,131.07,Cleaned
2347,2,1,2026-07-01,38.44,28363.57,Bera,131.07,Cleaned
2348,2,2,2026-07-01,30.18,30262.72,Bera,131.07,Cleaned
2349,2,3,2026-07-01,20.34,32941.71,Bera,131.07,Cleaned
2350,2,4,2026-07-01,20.53,35779.39,Bera,131.07,Cleaned
2351,2,5,2026-07-01,10.82,23352.31,Bera,131.07,Cleaned
2352,2,6,2026-07-01,4.87,26864.84,Bera,131.07,Cleaned
2353,3,1,2026-07-01,31.97,31690.68,Bera,131.07,Cleaned
2354,3,2,2026-07-01,26.94,29905.04,Bera,131.07,Cleaned
2355,3,3,2026-07-01,20.57,29052.42,Bera,131.07,Cleaned
2356,3,4,2026-07-01,19.93,37169.85,Bera,131.07,Cleaned
2357,3,5,2026-07-01,9.64,25022.51,Bera,131.07,Cleaned
2358,3,6,2026-07-01,4.83,26184.67,Bera,131.07,Cleaned
2359,4,1,2026-07-01,28.02,32801.81,Bera,131.07,Cleaned
2360,4,2,2026-07-01,31.27,30427.2,Bera,131.07,Cleaned
2361,4,3,2026-07-01,21.38,30498.63,Bera,131.07,Cleaned
2362,4,4,2026-07-01,18.69,36526.1,Bera,131.07,Cleaned
2363,4,5,2026-07-01,9.65,24789.5,Bera,131.07,Cleaned
2364,4,6,2026-07-01,4.97,26919.64,Bera,131.07,Cleaned
2365,5,1,2026-07-01,32.88,32800.41,Bera,131.07,Cleaned
2366,5,2,2026-07-01,31.19,32748.83,Bera,131.07,Cleaned
2367,5,3,2026-07-01,19.3,32373.33,Bera,131.07,Cleaned
2368,5,4,2026-07-01,17.17,38266.36,Bera,131.07,Cleaned
2369,5,5,2026-07-01,8.99,25130.47,Bera,131.07,Cleaned
2370,5,6,2026-07-01,4.87,28532.73,Bera,131.07,Cleaned
2371,1,1,2026-07-08,19.58,29120.84,Bera,77.35,Cleaned
2372,1,2,2026-07-08,16.94,28893.8,Bera,77.35,Cleaned
2373,1,3,2026-07-08,9.57,28153.55,Bera,77.35,Cleaned
2374,1,4,2026-07-08,10.8,33666.29,Bera,77.35,Cleaned
2375,1,5,2026-07-08,5.91,24723.56,Bera,77.35,Cleaned
2376,1,6,2026-07-08,3.08,27921.0,Bera,77.35,Cleaned
2377,2,1,2026-07-08,22.06,30643.95,Bera,77.35,Cleaned
2378,2,2,2026-07-08,19.53,27531.47,Bera,77.35,Cleaned
2379,2,3,2026-07-08,11.37,30576.86,Bera,77.35,Cleaned
2380,2,4,2026-07-08,11.1,36677.07,Bera,77.35,Cleaned
2381,2,5,2026-07-08,6.24,22651.77,Bera,77.35,Cleaned
2382,2,6,2026-07-08,2.85,29390.97,Bera,77.35,Cleaned
2383,3,1,2026-07-08,16.98,27802.67,Bera,77.35,Cleaned
2384,3,2,2026-07-08,17.49,32719.84,Bera,77.35,Cleaned
2385,3,3,2026-07-08,13.29,30268.81,Bera,77.35,Cleaned
2386,3,4,2026-07-08,9.29,32379.5,Bera,77.35,Cleaned
2387,3,5,2026-07-08,5.38,23567.71,Bera,77.35,Cleaned
2388,3,6,2026-07-08,2.75,27011.29,Bera,77.35,Cleaned
2389,4,1,2026-07-08,17.96,29200.07,Bera,77.35,Cleaned
2390,4,2,2026-07-08,19.07,29345.5,Bera,77.35,Cleaned
2391,4,3,2026-07-08,11.17,27408.22,Bera,77.35,Cleaned
2392,4,4,2026-07-08,11.68,33718.33,Bera,77.35,Cleaned
2393,4,5,2026-07-08,5.98,26388.64,Bera,77.35,Cleaned
2394,4,6,2026-07-08,2.47,29470.78,Bera,77.35,Cleaned
2395,5,1,2026-07-08,19.05,31123.41,Bera,77.35,Cleaned
2396,5,2,2026-07-08,19.59,28877.01,Bera,77.35,Cleaned
2397,5,3,2026-07-08,12.08,27058.97,Bera,77.35,Cleaned
2398,5,4,2026-07-08,10.55,34364.28,Bera,77.35,Cleaned
2399,5,5,2026-07-08,6.65,26331.23,Bera,77.35,Cleaned
2400,5,6,2026-07-08,2.66,26422.52,Bera,77.35,Cleaned
2401,1,1,2026-07-15,32.74,31362.11,Bera,131.16,Cleaned
2402,1,2,2026-07-15,27.17,31157.52,Bera,131.16,Cleaned
2403,1,3,2026-07-15,21.43,32490.59,Bera,131.16,Cleaned
2404,1,4,2026-07-15,20.19,32594.53,Bera,131.16,Cleaned
2405,1,5,2026-07-15,10.33,23873.33,Bera,131.16,Cleaned
2406,1,6,2026-07-15,5.49,27359.39,Bera,131.16,Cleaned
2407,2,1,2026-07-15,35.29,32334.0,Bera,131.16,Cleaned
2408,2,2,2026-07-15,27.15,30415.83,Bera,131.16,Cleaned
2409,2,3,2026-07-15,20.55,27306.99,Bera,131.16,Cleaned
2410,2,4,2026-07-15,20.91,33130.01,Bera,131.16,Cleaned
2411,2,5,2026-07-15,8.96,23408.82,Bera,131.16,Cleaned
2412,2,6,2026-07-15,5.02,27522.73,Bera,131.16,Cleaned
2413,3,1,2026-07-15,31.41,29783.91,Bera,131.16,Cleaned
2414,3,2,2026-07-15,28.8,27799.71,Bera,131.16,Cleaned
2415,3,3,2026-07-15,19.48,31655.26,Bera,131.16,Cleaned
2416,3,4,2026-07-15,18.83,37155.7,Bera,131.16,Cleaned
2417,3,5,2026-07-15,9.85,25719.54,Bera,131.16,Cleaned
2418,3,6,2026-07-15,5.13,29338.79,Bera,131.16,Cleaned
2419,4,1,2026-07-15,37.21,29750.18,Bera,131.16,Cleaned
2420,4,2,2026-07-15,31.97,30172.24,Bera,131.16,Cleaned
2421,4,3,2026-07-15,20.29,27488.68,Bera,131.16,Cleaned
2422,4,4,2026-07-15,18.15,34545.1,Bera,131.16,Cleaned
2423,4,5,2026-07-15,10.32,23167.08,Bera,131.16,Cleaned
2424,4,6,2026-07-15,4.52,28554.04,Bera,131.16,Cleaned
2425,5,1,2026-07-15,32.67,27625.88,Bera,131.16,Cleaned
2426,5,2,2026-07-15,31.03,27873.09,Bera,131.16,Cleaned
2427,5,3,2026-07-15,20.27,29803.57,Bera,131.16,Cleaned
2428,5,4,2026-07-15,19.61,32246.98,Bera,131.16,Cleaned
2429,5,5,2026-07-15,10.6,26640.93,Bera,131.16,Cleaned
2430,5,6,2026-07-15,5.15,28193.3,Bera,131.16,Cleaned
2431,1,1,2026-07-22,13.58,28560.29,Bera,57.53,Cleaned
2432,1,2,2026-07-22,12.58,29310.35,Bera,57.53,Cleaned
2433,1,3,2026-07-22,9.02,32009.84,Bera,57.53,Cleaned
2434,1,4,2026-07-22,8.73,36472.46,Bera,57.53,Cleaned
2435,1,5,2026-07-22,4.61,23875.49,Bera,57.53,Cleaned
2436,1,6,2026-07-22,2.06,28265.09,Bera,57.53,Cleaned
2437,2,1,2026-07-22,13.02,32584.03,Bera,57.53,Cleaned
2438,2,2,2026-07-22,11.61,27147.87,Bera,57.53,Cleaned
2439,2,3,2026-07-22,10.1,32018.27,Bera,57.53,Cleaned
2440,2,4,2026-07-22,9.11,38321.08,Bera,57.53,Cleaned
2441,2,5,2026-07-22,4.71,25736.71,Bera,57.53,Cleaned
2442,2,6,2026-07-22,2.52,25455.92,Bera,57.53,Cleaned
2443,3,1,2026-07-22,14.51,27239.69,Bera,57.53,Cleaned
2444,3,2,2026-07-22,14.74,29173.76,Bera,57.53,Cleaned
2445,3,3,2026-07-22,9.47,29756.06,Bera,57.53,Cleaned
2446,3,4,2026-07-22,9.04,31885.71,Bera,57.53,Cleaned
2447,3,5,2026-07-22,3.81,27142.78,Bera,57.53,Cleaned
2448,3,6,2026-07-22,1.49,28275.97,Bera,57.53,Cleaned
2449,4,1,2026-07-22,15.26,27396.33,Bera,57.53,Cleaned
2450,4,2,2026-07-22,9.9,32835.41,Bera,57.53,Cleaned
2451,4,3,2026-07-22,8.45,29131.7,Bera,57.53,Cleaned
2452,4,4,2026-07-22,5.77,36277.58,Bera,57.53,Cleaned
2453,4,5,2026-07-22,5.15,23840.72,Bera,57.53,Cleaned
2454,4,6,2026-07-22,2.49,26486.18,Bera,57.53,Cleaned
2455,5,1,2026-07-22,15.43,27238.78,Bera,57.53,Cleaned
2456,5,2,2026-07-22,11.81,30586.09,Bera,57.53,Cleaned
2457,5,3,2026-07-22,6.8,27461.82,Bera,57.53,Cleaned
2458,5,4,2026-07-22,5.75,36195.36,Bera,57.53,Cleaned
2459,5,5,2026-07-22,4.11,24606.5,Bera,57.53,Cleaned
2460,5,6,2026-07-22,2.41,29363.62,Bera,57.53,Cleaned
2461,1,1,2026-07-29,35.91,28154.96,Bera,137.71,Cleaned
2462,1,2,2026-07-29,29.05,27611.27,Bera,137.71,Cleaned
2463,1,3,2026-07-29,20.94,29054.37,Bera,137.71,Cleaned
2464,1,4,2026-07-29,20.67,35325.33,Bera,137.71,Cleaned
2465,1,5,2026-07-29,10.71,25412.18,Bera,137.71,Cleaned
2466,1,6,2026-07-29,5.2,25776.25,Bera,137.71,Cleaned
2467,2,1,2026-07-29,34.36,27342.01,Bera,137.71,Cleaned
2468,2,2,2026-07-29,30.94,30526.79,Bera,137.71,Cleaned
2469,2,3,2026-07-29,21.3,31916.97,Bera,137.71,Cleaned
2470,2,4,2026-07-29,18.79,33787.17,Bera,137.71,Cleaned
2471,2,5,2026-07-29,11.22,23871.06,Bera,137.71,Cleaned
2472,2,6,2026-07-29,4.8,24896.35,Bera,137.71,Cleaned
2473,3,1,2026-07-29,36.75,30484.54,Bera,137.71,Cleaned
2474,3,2,2026-07-29,34.2,31450.1,Bera,137.71,Cleaned
2475,3,3,2026-07-29,19.97,29114.89,Bera,137.71,Cleaned
2476,3,4,2026-07-29,20.09,32382.77,Bera,137.71,Cleaned
2477,3,5,2026-07-29,10.81,26793.0,Bera,137.71,Cleaned
2478,3,6,2026-07-29,5.06,30045.03,Bera,137.71,Cleaned
2479,4,1,2026-07-29,33.11,27633.9,Bera,137.71,Cleaned
2480,4,2,2026-07-29,32.59,31877.11,Bera,137.71,Cleaned
2481,4,3,2026-07-29,23.34,31688.77,Bera,137.71,Cleaned
2482,4,4,2026-07-29,20.74,36422.94,Bera,137.71,Cleaned
2483,4,5,2026-07-29,10.96,23930.68,Bera,137.71,Cleaned
2484,4,6,2026-07-29,5.43,28272.46,Bera,137.71,Cleaned
2485,5,1,2026-07-29,35.69,27200.54,Bera,137.71,Cleaned
2486,5,2,2026-07-29,31.64,30478.76,Bera,137.71,Cleaned
2487,5,3,2026-07-29,21.79,28055.34,Bera,137.71,Cleaned
2488,5,4,2026-07-29,18.56,33147.68,Bera,137.71,Cleaned
2489,5,5,2026-07-29,11.09,23558.57,Bera,137.71,Cleaned
2490,5,6,2026-07-29,5.29,25543.32,Bera,137.71,Cleaned
2491,1,1,2026-08-05,33.98,27879.69,Bera,125.9,Cleaned
2492,1,2,2026-08-05,29.06,30875.57,Bera,125.9,Cleaned
2493,1,3,2026-08-05,18.69,31100.58,Bera,125.9,Cleaned
2494,1,4,2026-08-05,17.27,35655.79,Bera,125.9,Cleaned
2495,1,5,2026-08-05,9.22,24739.86,Bera,125.9,Cleaned
2496,1,6,2026-08-05,5.15,26980.09,Bera,125.9,Cleaned
2497,2,1,2026-08-05,30.44,30387.56,Bera,125.9,Cleaned
2498,2,2,2026-08-05,26.71,28513.94,Bera,125.9,Cleaned
2499,2,3,2026-08-05,19.12,32374.89,Bera,125.9,Cleaned
2500,2,4,2026-08-05,18.16,32224.33,Bera,125.9,Cleaned
2501,2,5,2026-08-05,10.08,23343.75,Bera,125.9,Cleaned
2502,2,6,2026-08-05,4.92,30075.8,Bera,125.9,Cleaned
2503,3,1,2026-08-05,33.55,31060.92,Bera,125.9,Cleaned
2504,3,2,2026-08-05,28.93,28809.52,Bera,125.9,Cleaned
2505,3,3,2026-08-05,18.69,27558.1,Bera,125.9,Cleaned
2506,3,4,2026-08-05,16.77,32507.08,Bera,125.9,Cleaned
2507,3,5,2026-08-05,9.58,26477.89,Bera,125.9,Cleaned
2508,3,6,2026-08-05,4.58,25527.61,Bera,125.9,Cleaned
2509,4,1,2026-08-05,32.95,28183.1,Bera,125.9,Cleaned
2510,4,2,2026-08-05,27.5,27585.66,Bera,125.9,Cleaned
2511,4,3,2026-08-05,18.81,30934.92,Bera,125.9,Cleaned
2512,4,4,2026-08-05,18.89,35260.93,Bera,125.9,Cleaned
2513,4,5,2026-08-05,10.37,25643.67,Bera,125.9,Cleaned
2514,4,6,2026-08-05,5.17,26213.56,Bera,125.9,Cleaned
2515,5,1,2026-08-05,32.18,32345.84,Bera,125.9,Cleaned
2516,5,2,2026-08-05,28.1,30416.98,Bera,125.9,Cleaned
2517,5,3,2026-08-05,19.95,31045.76,Bera,125.9,Cleaned
2518,5,4,2026-08-05,16.83,38359.69,Bera,125.9,Cleaned
2519,5,5,2026-08-05,10.11,23035.15,Bera,125.9,Cleaned
2520,5,6,2026-08-05,4.66,29043.85,Bera,125.9,Cleaned
2521,1,1,2026-08-12,39.09,29580.86,Bera,141.02,Cleaned
2522,1,2,2026-08-12,30.18,29626.59,Bera,141.02,Cleaned
2523,1,3,2026-08-12,22.93,32617.06,Bera,141.02,Cleaned
2524,1,4,2026-08-12,19.07,38085.26,Bera,141.02,Cleaned
2525,1,5,2026-08-12,10.92,26187.16,Bera,141.02,Cleaned
2526,1,6,2026-08-12,5.39,26140.61,Bera,141.02,Cleaned
2527,2,1,2026-08-12,35.91,32473.25,Bera,141.02,Cleaned
2528,2,2,2026-08-12,32.13,30799.07,Bera,141.02,Cleaned
2529,2,3,2026-08-12,20.59,31316.33,Bera,141.02,Cleaned
2530,2,4,2026-08-12,20.81,31696.85,Bera,141.02,Cleaned
2531,2,5,2026-08-12,11.68,23230.48,Bera,141.02,Cleaned
2532,2,6,2026-08-12,5.01,29276.52,Bera,141.02,Cleaned
2533,3,1,2026-08-12,37.5,29431.18,Bera,141.02,Cleaned
2534,3,2,2026-08-12,30.44,30576.26,Bera,141.02,Cleaned
2535,3,3,2026-08-12,21.41,31918.06,Bera,141.02,Cleaned
2536,3,4,2026-08-12,20.35,38495.45,Bera,141.02,Cleaned
2537,3,5,2026-08-12,10.45,25814.3,Bera,141.02,Cleaned
2538,3,6,2026-08-12,5.18,30059.97,Bera,141.02,Cleaned
2539,4,1,2026-08-12,36.17,31770.66,Bera,141.02,Cleaned
2540,4,2,2026-08-12,34.03,27814.48,Bera,141.02,Cleaned
2541,4,3,2026-08-12,21.11,27600.93,Bera,141.02,Cleaned
2542,4,4,2026-08-12,18.99,33402.02,Bera,141.02,Cleaned
2543,4,5,2026-08-12,10.59,22941.98,Bera,141.02,Cleaned
2544,4,6,2026-08-12,5.76,26632.24,Bera,141.02,Cleaned
2545,5,1,2026-08-12,36.21,29496.97,Bera,141.02,Cleaned
2546,5,2,2026-08-12,32.72,27999.23,Bera,141.02,Cleaned
2547,5,3,2026-08-12,21.3,27339.75,Bera,141.02,Cleaned
2548,5,4,2026-08-12,19.71,32342.65,Bera,141.02,Cleaned
2549,5,5,2026-08-12,11.27,24983.72,Bera,141.02,Cleaned
2550,5,6,2026-08-12,5.46,29386.2,Bera,141.02,Cleaned
2551,1,1,2026-08-19,26.22,28043.78,Bera,94.59,Cleaned
2552,1,2,2026-08-19,23.42,29167.3,Bera,94.59,Cleaned
2553,1,3,2026-08-19,13.84,29169.24,Bera,94.59,Cleaned
2554,1,4,2026-08-19,13.55,35243.6,Bera,94.59,Cleaned
2555,1,5,2026-08-19,7.27,26580.28,Bera,94.59,Cleaned
2556,1,6,2026-08-19,3.68,27126.37,Bera,94.59,Cleaned
2557,2,1,2026-08-19,25.06,32319.57,Bera,94.59,Cleaned
2558,2,2,2026-08-19,24.1,29465.66,Bera,94.59,Cleaned
2559,2,3,2026-08-19,16.44,29504.3,Bera,94.59,Cleaned
2560,2,4,2026-08-19,14.73,32510.18,Bera,94.59,Cleaned
2561,2,5,2026-08-19,7.08,23557.53,Bera,94.59,Cleaned
2562,2,6,2026-08-19,3.78,28798.19,Bera,94.59,Cleaned
2563,3,1,2026-08-19,24.38,27975.07,Bera,94.59,Cleaned
2564,3,2,2026-08-19,18.33,32758.47,Bera,94.59,Cleaned
2565,3,3,2026-08-19,16.22,27863.26,Bera,94.59,Cleaned
2566,3,4,2026-08-19,12.8,31560.33,Bera,94.59,Cleaned
2567,3,5,2026-08-19,7.31,24776.97,Bera,94.59,Cleaned
2568,3,6,2026-08-19,3.55,27599.08,Bera,94.59,Cleaned
2569,4,1,2026-08-19,24.22,31308.41,Bera,94.59,Cleaned
2570,4,2,2026-08-19,21.65,29656.16,Bera,94.59,Cleaned
2571,4,3,2026-08-19,13.53,31878.85,Bera,94.59,Cleaned
2572,4,4,2026-08-19,14.16,35619.02,Bera,94.59,Cleaned
2573,4,5,2026-08-19,6.89,25640.15,Bera,94.59,Cleaned
2574,4,6,2026-08-19,3.43,29314.67,Bera,94.59,Cleaned
2575,5,1,2026-08-19,21.28,32202.07,Bera,94.59,Cleaned
2576,5,2,2026-08-19,20.9,31015.61,Bera,94.59,Cleaned
2577,5,3,2026-08-19,13.77,28225.54,Bera,94.59,Cleaned
2578,5,4,2026-08-19,10.26,35887.62,Bera,94.59,Cleaned
2579,5,5,2026-08-19,6.11,25329.26,Bera,94.59,Cleaned
2580,5,6,2026-08-19,2.82,29792.16,Bera,94.59,Cleaned
2581,1,1,2026-08-26,36.72,30517.41,Bera,130.08,Cleaned
2582,1,2,2026-08-26,29.34,29954.2,Bera,130.08,Cleaned
2583,1,3,2026-08-26,19.83,28474.91,Bera,130.08,Cleaned
2584,1,4,2026-08-26,16.89,37903.9,Bera,130.08,Cleaned
2585,1,5,2026-08-26,10.22,25165.28,Bera,130.08,Cleaned
2586,1,6,2026-08-26,4.96,28223.49,Bera,130.08,Cleaned
2587,2,1,2026-08-26,31.29,29254.93,Bera,130.08,Cleaned
2588,2,2,2026-08-26,30.23,27594.88,Bera,130.08,Cleaned
2589,2,3,2026-08-26,18.96,31667.91,Bera,130.08,Cleaned
2590,2,4,2026-08-26,20.57,33043.29,Bera,130.08,Cleaned
2591,2,5,2026-08-26,9.82,27132.93,Bera,130.08,Cleaned
2592,2,6,2026-08-26,4.67,28657.32,Bera,130.08,Cleaned
2593,3,1,2026-08-26,34.43,27505.28,Bera,130.08,Cleaned
2594,3,2,2026-08-26,25.48,32907.46,Bera,130.08,Cleaned
2595,3,3,2026-08-26,18.59,30514.85,Bera,130.08,Cleaned
2596,3,4,2026-08-26,19.36,32266.38,Bera,130.08,Cleaned
2597,3,5,2026-08-26,9.28,26087.81,Bera,130.08,Cleaned
2598,3,6,2026-08-26,5.21,29022.52,Bera,130.08,Cleaned
2599,4,1,2026-08-26,35.34,32354.81,Bera,130.08,Cleaned
2600,4,2,2026-08-26,32.73,27471.76,Bera,130.08,Cleaned
2601,4,3,2026-08-26,18.66,32928.08,Bera,130.08,Cleaned
2602,4,4,2026-08-26,17.51,34225.73,Bera,130.08,Cleaned
2603,4,5,2026-08-26,10.52,23560.41,Bera,130.08,Cleaned
2604,4,6,2026-08-26,5.33,26064.49,Bera,130.08,Cleaned
2605,5,1,2026-08-26,32.1,28405.95,Bera,130.08,Cleaned
2606,5,2,2026-08-26,27.24,27117.91,Bera,130.08,Cleaned
2607,5,3,2026-08-26,18.55,27042.55,Bera,130.08,Cleaned
2608,5,4,2026-08-26,17.03,36261.75,Bera,130.08,Cleaned
2609,5,5,2026-08-26,9.84,23298.33,Bera,130.08,Cleaned
2610,5,6,2026-08-26,5.08,29095.46,Bera,130.08,Cleaned
